#include "stone_tower_inverted_scene.h"

#include "actor.h"
#include "array_count.h"
#include "camera.h"
#include "object.h"
#include "player.h"
#include "segment_symbols.h"
#include "sequence.h"
#include "skybox.h"
#include "ultra64.h"
#include "save.h"

SceneCmd stone_tower_inverted_scene[] = {
    SCENE_CMD_SOUND_SETTINGS(2, NATURE_ID_NONE, NA_BGM_INV_STONE_TOWER),
    SCENE_CMD_ROOM_LIST(1, stone_tower_inverted_sceneRoomList0x0000B0),
    SCENE_CMD_COL_HEADER(&stone_tower_inverted_sceneCollisionHeader_005164),
    SCENE_CMD_SPAWN_LIST(stone_tower_inverted_sceneEntranceList0x0000B8),
    SCENE_CMD_SPECIAL_FILES(NAVI_QUEST_HINTS_NONE, OBJECT_GAMEPLAY_FIELD_KEEP),
    SCENE_CMD_PATH_LIST(stone_tower_inverted_scenePathway_000520),
    SCENE_CMD_PLAYER_ENTRY_LIST(2, stone_tower_inverted_sceneStartPositionList0x000090),
    SCENE_CMD_SKYBOX_SETTINGS(SKYBOX_TERMINA_SKY, 8, LIGHT_MODE_TIME),
    SCENE_CMD_EXIT_LIST(stone_tower_inverted_sceneExitList_0000BC),
    SCENE_CMD_ENV_LIGHT_SETTINGS(28, stone_tower_inverted_sceneLightSettings0x0000C0),
    SCENE_CMD_END(),
};

ActorEntry stone_tower_inverted_sceneStartPositionList0x000090[] = {
    { ACTOR_PLAYER, { 21, 854, -425 }, { 0,      0, 0 }, 0x0DFF },
    { ACTOR_PLAYER, {  0, 880, 1330 }, { 0, 0x8000, 0 }, 0x0DFF },
};

RomFile stone_tower_inverted_sceneRoomList0x0000B0[] = {
    { (uintptr_t)_stone_tower_inverted_room_0SegmentRomStart, (uintptr_t)_stone_tower_inverted_room_0SegmentRomEnd },
};

Spawn stone_tower_inverted_sceneEntranceList0x0000B8[] = {
    { 0x00, 0x00 },
    { 0x01, 0x00 },
};

u16 stone_tower_inverted_sceneExitList_0000BC[] = {
    ENTR_STONE_TOWER_INVERTED_0,
};

EnvLightSettings stone_tower_inverted_sceneLightSettings0x0000C0[] = {
    { { 0x46, 0x2F, 0x24 }, { 0x45, 0x45, 0x45 }, { 0xBC, 0xA8, 0x7C }, { 0xBB, 0xBB, 0xBB }, { 0x46, 0x41, 0x3A }, { 0x86, 0x67, 0x63 }, ((0 / 4) << 10) | 2018, 12800 },
    { { 0x5D, 0x47, 0x51 }, { 0x45, 0x45, 0x45 }, { 0xFF, 0xF5, 0xB2 }, { 0xBB, 0xBB, 0xBB }, { 0x32, 0x23, 0x14 }, { 0x82, 0x8C, 0x96 }, ((0 / 4) << 10) | 2020, 12800 },
    { { 0x53, 0x4D, 0x45 }, { 0x45, 0x45, 0x45 }, { 0xCC, 0x80, 0x60 }, { 0xBB, 0xBB, 0xBB }, { 0x19, 0x11, 0x14 }, { 0x8C, 0x64, 0x5A }, ((0 / 4) << 10) | 2020, 12800 },
    { { 0x3E, 0x44, 0x67 }, { 0x45, 0x45, 0x45 }, { 0x1D, 0x2B, 0x23 }, { 0xBB, 0xBB, 0xBB }, { 0x4A, 0x5E, 0x6F }, { 0x1F, 0x19, 0x2B }, ((0 / 4) << 10) | 2017, 12800 },
    { { 0x32, 0x64, 0x6E }, { 0x45, 0x45, 0x45 }, { 0xC8, 0x59, 0x46 }, { 0xBB, 0xBB, 0xBB }, { 0x32, 0x32, 0x32 }, { 0x14, 0x46, 0x64 }, ((0 / 4) << 10) | 1974, 12800 },
    { { 0x64, 0xAA, 0x8C }, { 0x45, 0x45, 0x45 }, { 0x64, 0x82, 0xFF }, { 0xBB, 0xBB, 0xBB }, { 0x32, 0x32, 0x64 }, { 0x32, 0x64, 0x96 }, ((0 / 4) << 10) | 1984, 12800 },
    { { 0x32, 0x82, 0x78 }, { 0x45, 0x45, 0x45 }, { 0xC8, 0x5A, 0x46 }, { 0xBB, 0xBB, 0xBB }, { 0x32, 0x32, 0x32 }, { 0x14, 0x64, 0x5A }, ((0 / 4) << 10) | 1984, 12800 },
    { { 0x32, 0x64, 0x96 }, { 0x45, 0x45, 0x45 }, { 0x32, 0x32, 0x32 }, { 0xBB, 0xBB, 0xBB }, { 0x32, 0x32, 0x32 }, { 0x14, 0x46, 0x64 }, ((0 / 4) << 10) | 1974, 12800 },
    { { 0x47, 0x3C, 0x37 }, { 0x00, 0x00, 0x00 }, { 0x25, 0x1C, 0x0A }, { 0x00, 0x00, 0x00 }, { 0x14, 0x0B, 0x05 }, { 0x22, 0x26, 0x1D }, ((0 / 4) << 10) | 2005, 12800 },
    { { 0x3C, 0x32, 0x19 }, { 0x00, 0x00, 0x00 }, { 0x46, 0x46, 0x52 }, { 0x00, 0x00, 0x00 }, { 0x1F, 0x1F, 0x1F }, { 0x57, 0x53, 0x46 }, ((0 / 4) << 10) | 2010, 12800 },
    { { 0x28, 0x20, 0x11 }, { 0x00, 0x00, 0x00 }, { 0x65, 0x59, 0x52 }, { 0x00, 0x00, 0x00 }, { 0x5B, 0x53, 0x45 }, { 0x2E, 0x1F, 0x18 }, ((0 / 4) << 10) | 2009, 12800 },
    { { 0x26, 0x32, 0x23 }, { 0x00, 0x00, 0x00 }, { 0x25, 0x1C, 0x32 }, { 0x00, 0x00, 0x00 }, { 0x25, 0x1C, 0x32 }, { 0x13, 0x09, 0x0E }, ((0 / 4) << 10) | 2009, 12800 },
    { { 0x55, 0x43, 0x64 }, { 0x00, 0x00, 0x00 }, { 0xB5, 0xA5, 0x52 }, { 0x00, 0x00, 0x00 }, { 0x0B, 0x0F, 0x09 }, { 0x60, 0x4A, 0x3A }, ((0 / 4) << 10) | 2019, 12800 },
    { { 0x4E, 0x43, 0x3D }, { 0x00, 0x00, 0x00 }, { 0xB5, 0xA6, 0x89 }, { 0x00, 0x00, 0x00 }, { 0x12, 0x15, 0x24 }, { 0x64, 0x73, 0x6E }, ((0 / 4) << 10) | 2020, 12800 },
    { { 0x54, 0x4B, 0x55 }, { 0x00, 0x00, 0x00 }, { 0xA2, 0x62, 0x67 }, { 0x00, 0x00, 0x00 }, { 0x17, 0x0E, 0x1B }, { 0x41, 0x3D, 0x41 }, ((0 / 4) << 10) | 2020, 12800 },
    { { 0x34, 0x24, 0x57 }, { 0x00, 0x00, 0x00 }, { 0x3C, 0x5A, 0x3C }, { 0x00, 0x00, 0x00 }, { 0x3C, 0x6F, 0x46 }, { 0x0F, 0x37, 0x47 }, ((0 / 4) << 10) | 2019, 12800 },
    { { 0x55, 0x43, 0x61 }, { 0x00, 0x00, 0x00 }, { 0x62, 0x4E, 0x37 }, { 0x00, 0x00, 0x00 }, { 0x1A, 0x19, 0x1D }, { 0x69, 0x4E, 0x52 }, ((0 / 4) << 10) | 2019, 12800 },
    { { 0x65, 0x82, 0x77 }, { 0x00, 0x00, 0x00 }, { 0xE8, 0xB0, 0x69 }, { 0x00, 0x00, 0x00 }, { 0x24, 0x28, 0x3C }, { 0x64, 0x78, 0x5A }, ((0 / 4) << 10) | 2020, 12800 },
    { { 0x4D, 0x39, 0x33 }, { 0x00, 0x00, 0x00 }, { 0xAB, 0x70, 0x62 }, { 0x00, 0x00, 0x00 }, { 0x09, 0x1B, 0x10 }, { 0x5D, 0x3C, 0x36 }, ((0 / 4) << 10) | 2020, 12800 },
    { { 0x2E, 0x2B, 0x37 }, { 0x00, 0x00, 0x00 }, { 0x96, 0x46, 0x50 }, { 0x00, 0x00, 0x00 }, { 0x70, 0x41, 0x64 }, { 0x1F, 0x14, 0x30 }, ((0 / 4) << 10) | 2016, 12800 },
    { { 0x2E, 0x29, 0x4A }, { 0x00, 0x00, 0x00 }, { 0x9C, 0x76, 0x56 }, { 0x00, 0x00, 0x00 }, { 0x1F, 0x11, 0x12 }, { 0x74, 0x58, 0x6A }, ((0 / 4) << 10) | 2017, 12800 },
    { { 0x75, 0x52, 0x33 }, { 0x00, 0x00, 0x00 }, { 0xC5, 0xCB, 0xEC }, { 0x00, 0x00, 0x00 }, { 0x52, 0x38, 0x35 }, { 0xBF, 0x84, 0x73 }, ((0 / 4) << 10) | 2016, 12800 },
    { { 0x3B, 0x2E, 0x22 }, { 0x00, 0x00, 0x00 }, { 0x83, 0x5E, 0x77 }, { 0x00, 0x00, 0x00 }, { 0x2F, 0x15, 0x4A }, { 0x6C, 0x4A, 0x23 }, ((0 / 4) << 10) | 2018, 12800 },
    { { 0x3C, 0x2B, 0x47 }, { 0x00, 0x00, 0x00 }, { 0x2B, 0x39, 0x50 }, { 0x00, 0x00, 0x00 }, { 0x8D, 0x62, 0x4A }, { 0x0D, 0x05, 0x14 }, ((0 / 4) << 10) | 2017, 12800 },
    { { 0x4E, 0x46, 0x4C }, { 0x00, 0x00, 0x00 }, { 0x82, 0x67, 0x79 }, { 0x00, 0x00, 0x00 }, { 0x33, 0x2F, 0x30 }, { 0x73, 0x5D, 0x69 }, ((0 / 4) << 10) | 2016, 12800 },
    { { 0x76, 0x61, 0x5A }, { 0x00, 0x00, 0x00 }, { 0xCF, 0x87, 0x6C }, { 0x00, 0x00, 0x00 }, { 0x47, 0x38, 0x35 }, { 0xB9, 0x80, 0x65 }, ((0 / 4) << 10) | 2022, 12800 },
    { { 0x57, 0x43, 0x47 }, { 0xFC, 0x89, 0x00 }, { 0x97, 0x68, 0x63 }, { 0x31, 0x69, 0x1E }, { 0x25, 0x3D, 0x35 }, { 0x65, 0x48, 0x28 }, ((0 / 4) << 10) | 8160, 12800 },
    { { 0x3E, 0x38, 0x6E }, { 0xCC, 0x6B, 0x00 }, { 0x13, 0x30, 0x25 }, { 0x08, 0x89, 0xFF }, { 0x42, 0x42, 0x61 }, { 0x18, 0x10, 0x28 }, ((0 / 4) << 10) | 8152, 12800 },
};

Vec3s stone_tower_inverted_scenePathwayList_000328[] = { { 4, 774,   71 } };
Vec3s stone_tower_inverted_scenePathwayList_000330[] = { { 4, 774,  391 } };
Vec3s stone_tower_inverted_scenePathwayList_000338[] = { { 4, 774,  711 } };
Vec3s stone_tower_inverted_scenePathwayList_000340[] = { { 4, 774, 1031 } };

Vec3s stone_tower_inverted_scenePathwayList_000348[] = {
    {    591,    854,   -571 },
    {    601,    869,   -564 },
    {    612,    907,   -443 },
    {    621,    959,   -295 },
    {    584,   1092,   -163 },
    {    452,   1350,    -14 },
    {    228,   1485,     20 },
    {    -97,   1485,    -23 },
    {   -141,   1506,   -144 },
    {    -76,   1541,   -215 },
    {     46,   1549,   -219 },
    {    154,   1523,   -158 },
    {    185,   1493,    -62 },
    {    257,   1463,     -3 },
    {    491,   1291,    -31 },
    {    602,   1054,   -181 },
    {    633,    933,   -309 },
    {    621,    899,   -441 },
    {    601,    874,   -559 },
    {    593,    867,   -582 },
    {    585,    859,   -576 },
    {    591,    854,   -571 },
};

Vec3s stone_tower_inverted_scenePathwayList_0003CC[] = {
    {    268,   1454,   -289 },
    {    260,   1466,   -281 },
    {    264,   1482,   -264 },
    {    335,   1518,   -248 },
    {    457,   1513,   -205 },
    {    547,   1405,    -89 },
    {    534,   1198,     95 },
    {    396,   1050,    200 },
    {    232,    981,    151 },
    {    143,    939,     10 },
    {    176,    913,   -141 },
    {    252,    903,   -250 },
    {    370,    962,   -243 },
    {    494,   1103,   -171 },
    {    531,   1329,   -148 },
    {    553,   1451,    -13 },
    {    455,   1503,    124 },
    {    271,   1507,    121 },
    {    166,   1516,    -56 },
    {    232,   1526,   -230 },
    {    269,   1516,   -298 },
    {    273,   1487,   -288 },
    {    268,   1454,   -289 },
};

Vec3s stone_tower_inverted_scenePathwayList_000458[] = {
    {    690,   1888,   1977 },
    {    691,   1888,   1232 },
    {    691,   1830,   1141 },
    {    691,   -139,   1102 },
    {    691,   -142,   1086 },
};

Vec3s stone_tower_inverted_scenePathwayList_000478[] = {
    {    510,   1888,   1972 },
    {    510,   1888,   1230 },
    {    510,   1830,   1139 },
    {    511,    252,   1130 },
    {    512,    239,   1130 },
};

Vec3s stone_tower_inverted_scenePathwayList_000498[] = {
    {    722,   1078,  -1184 },
    {    722,   1080,   -896 },
    {    721,   1078,   -716 },
    {    721,    851,   -716 },
    {    720,    853,   -369 },
    {    720,    808,   -295 },
    {    720,   -127,   -293 },
    {    720,   -102,   -291 },
};

Vec3s stone_tower_inverted_scenePathwayList_0004C8[] = {
    {   -298,   3302,   1276 },
    {   -299,   3303,    930 },
    {   -299,   2454,    930 },
    {   -299,   2454,    833 },
    {   -299,   2399,    752 },
    {   -301,    509,    750 },
    {   -301,    502,    751 },
};

Vec3s stone_tower_inverted_scenePathwayList_0004F4[] = {
    {   -299,   2897,   1277 },
    {   -300,   2897,   1112 },
    {   -300,   2454,   1112 },
    {   -396,   2453,   1111 },
    {   -454,   2402,   1111 },
    {   -458,    989,   1111 },
    {   -463,    967,   1111 },
};

Path stone_tower_inverted_scenePathway_000520[] = {
    { ARRAY_COUNT(stone_tower_inverted_scenePathwayList_000328), stone_tower_inverted_scenePathwayList_000328 },
    { ARRAY_COUNT(stone_tower_inverted_scenePathwayList_000330), stone_tower_inverted_scenePathwayList_000330 },
    { ARRAY_COUNT(stone_tower_inverted_scenePathwayList_000338), stone_tower_inverted_scenePathwayList_000338 },
    { ARRAY_COUNT(stone_tower_inverted_scenePathwayList_000340), stone_tower_inverted_scenePathwayList_000340 },
    { ARRAY_COUNT(stone_tower_inverted_scenePathwayList_000348), stone_tower_inverted_scenePathwayList_000348 },
    { ARRAY_COUNT(stone_tower_inverted_scenePathwayList_0003CC), stone_tower_inverted_scenePathwayList_0003CC },
    { ARRAY_COUNT(stone_tower_inverted_scenePathwayList_000458), stone_tower_inverted_scenePathwayList_000458 },
    { ARRAY_COUNT(stone_tower_inverted_scenePathwayList_000478), stone_tower_inverted_scenePathwayList_000478 },
    { ARRAY_COUNT(stone_tower_inverted_scenePathwayList_000498), stone_tower_inverted_scenePathwayList_000498 },
    { ARRAY_COUNT(stone_tower_inverted_scenePathwayList_0004C8), stone_tower_inverted_scenePathwayList_0004C8 },
    { ARRAY_COUNT(stone_tower_inverted_scenePathwayList_0004F4), stone_tower_inverted_scenePathwayList_0004F4 },
};

BgCamInfo stone_tower_inverted_sceneCollisionHeader_005164CamDataList[] = {
    { CAM_SET_DUNGEON0, 0, NULL },
};

SurfaceType stone_tower_inverted_sceneCollisionHeader_005164SurfaceType[] = {
    {
        {
            SURFACETYPE0(
                /* bgCamIndex */ 0,
                /* exitIndex */ 0,
                FLOOR_TYPE_0,
                /* unk18 */ 0,
                WALL_TYPE_0,
                FLOOR_PROPERTY_0,
                /* isSoft */ false,
                /* isHorseBlocked */ false
            ),
            SURFACETYPE1(
                SURFACE_MATERIAL_STONE,
                FLOOR_EFFECT_0,
                /* lightSetting */ 31,
                /* echo */ 2,
                /* canHookshot */ false,
                CONVEYOR_SPEED_DISABLED,
                CONVEYOR_DIRECTION_FROM_BINANG(0x0),
                /* unk27 */ false
            ),
        },
    }, {
        {
            SURFACETYPE0(
                /* bgCamIndex */ 0,
                /* exitIndex */ 0,
                FLOOR_TYPE_0,
                /* unk18 */ 0,
                WALL_TYPE_0,
                FLOOR_PROPERTY_0,
                /* isSoft */ false,
                /* isHorseBlocked */ false
            ),
            SURFACETYPE1(
                SURFACE_MATERIAL_DIRT,
                FLOOR_EFFECT_0,
                /* lightSetting */ 31,
                /* echo */ 2,
                /* canHookshot */ false,
                CONVEYOR_SPEED_DISABLED,
                CONVEYOR_DIRECTION_FROM_BINANG(0x0),
                /* unk27 */ false
            ),
        },
    }, {
        {
            SURFACETYPE0(
                /* bgCamIndex */ 0,
                /* exitIndex */ 0,
                FLOOR_TYPE_0,
                /* unk18 */ 0,
                WALL_TYPE_0,
                FLOOR_PROPERTY_0,
                /* isSoft */ false,
                /* isHorseBlocked */ false
            ),
            SURFACETYPE1(
                SURFACE_MATERIAL_STONE,
                FLOOR_EFFECT_0,
                /* lightSetting */ 31,
                /* echo */ 10,
                /* canHookshot */ false,
                CONVEYOR_SPEED_DISABLED,
                CONVEYOR_DIRECTION_FROM_BINANG(0x0),
                /* unk27 */ false
            ),
        },
    }, {
        {
            SURFACETYPE0(
                /* bgCamIndex */ 0,
                /* exitIndex */ 0,
                FLOOR_TYPE_0,
                /* unk18 */ 0,
                WALL_TYPE_0,
                FLOOR_PROPERTY_0,
                /* isSoft */ false,
                /* isHorseBlocked */ false
            ),
            SURFACETYPE1(
                SURFACE_MATERIAL_DIRT,
                FLOOR_EFFECT_0,
                /* lightSetting */ 31,
                /* echo */ 10,
                /* canHookshot */ false,
                CONVEYOR_SPEED_DISABLED,
                CONVEYOR_DIRECTION_FROM_BINANG(0x0),
                /* unk27 */ false
            ),
        },
    }, {
        {
            SURFACETYPE0(
                /* bgCamIndex */ 0,
                /* exitIndex */ 1,
                FLOOR_TYPE_0,
                /* unk18 */ 0,
                WALL_TYPE_0,
                FLOOR_PROPERTY_0,
                /* isSoft */ false,
                /* isHorseBlocked */ false
            ),
            SURFACETYPE1(
                SURFACE_MATERIAL_STONE,
                FLOOR_EFFECT_0,
                /* lightSetting */ 31,
                /* echo */ 2,
                /* canHookshot */ false,
                CONVEYOR_SPEED_FAST,
                CONVEYOR_DIRECTION_FROM_BINANG(0x0),
                /* unk27 */ false
            ),
        },
    }, {
        {
            SURFACETYPE0(
                /* bgCamIndex */ 0,
                /* exitIndex */ 0,
                FLOOR_TYPE_0,
                /* unk18 */ 0,
                WALL_TYPE_0,
                FLOOR_PROPERTY_0,
                /* isSoft */ false,
                /* isHorseBlocked */ false
            ),
            SURFACETYPE1(
                SURFACE_MATERIAL_STONE,
                FLOOR_EFFECT_0,
                /* lightSetting */ 31,
                /* echo */ 2,
                /* canHookshot */ false,
                CONVEYOR_SPEED_FAST,
                CONVEYOR_DIRECTION_FROM_BINANG(0x0),
                /* unk27 */ false
            ),
        },
    }, {
        {
            SURFACETYPE0(
                /* bgCamIndex */ 0,
                /* exitIndex */ 0,
                FLOOR_TYPE_0,
                /* unk18 */ 0,
                WALL_TYPE_0,
                FLOOR_PROPERTY_12,
                /* isSoft */ false,
                /* isHorseBlocked */ false
            ),
            SURFACETYPE1(
                SURFACE_MATERIAL_DIRT,
                FLOOR_EFFECT_0,
                /* lightSetting */ 31,
                /* echo */ 50,
                /* canHookshot */ false,
                CONVEYOR_SPEED_DISABLED,
                CONVEYOR_DIRECTION_FROM_BINANG(0x0),
                /* unk27 */ false
            ),
        },
    },

};

CollisionPoly stone_tower_inverted_sceneCollisionHeader_005164Polygons[] = {
    {0x0000, 0x0000, 0x0001, 0x0002, 0xD88F, 0xE1E0, 0x8A04, 0x057F},
    {0x0000, 0x0000, 0x0002, 0x0003, 0xD8A4, 0xE2AE, 0x89CA, 0x057C},
    {0x0000, 0x0004, 0x0005, 0x0006, 0xD001, 0x10D2, 0x8A8B, 0x0532},
    {0x0000, 0x0004, 0x0007, 0x0005, 0x89E9, 0xF8F0, 0xCF23, 0x05AD},
    {0x0000, 0x0008, 0x0005, 0x0007, 0x8A1B, 0xF5D0, 0x30C9, 0x0273},
    {0x0000, 0x0009, 0x0006, 0x000A, 0x6D62, 0x0A96, 0xBE61, 0xFE0F},
    {0x0000, 0x0009, 0x0004, 0x0006, 0x36E0, 0x0180, 0x8C5F, 0x01BD},
    {0x0000, 0x000B, 0x0002, 0x0001, 0x748C, 0xF2E9, 0xCCBB, 0xFCE8},
    {0x0000, 0x000B, 0x0001, 0x000C, 0x73F5, 0xF1B6, 0xCBB9, 0xFCFC},
    {0x0000, 0x000D, 0x000E, 0x000F, 0x9465, 0xFEF2, 0x454E, 0x0127},
    {0x0000, 0x000D, 0x0008, 0x000E, 0x983F, 0xF4D5, 0x4A1E, 0x0119},
    {0x0000, 0x0010, 0x0011, 0x000D, 0xEC46, 0xF0EE, 0x826F, 0x04EA},
    {0x0000, 0x0010, 0x000D, 0x000F, 0xECB8, 0xFFD0, 0x8177, 0x049D},
    {0x0001, 0x000F, 0x0012, 0x0013, 0xA4F6, 0x543C, 0x1F9D, 0xFFBF},
    {0x0001, 0x000F, 0x000E, 0x0012, 0xA847, 0x47FE, 0x3B33, 0xFF11},
    {0x0001, 0x0014, 0x0015, 0x0016, 0x4F79, 0x4ADB, 0xBD30, 0xFCBE},
    {0x0001, 0x0014, 0x0016, 0x0017, 0x4FAF, 0x3FDB, 0xB2D4, 0xFD57},
    {0x0000, 0x0017, 0x000C, 0x0018, 0x6E3A, 0x13E3, 0xC20D, 0xFCC4},
    {0x0000, 0x0017, 0x0016, 0x000C, 0x6881, 0x06FA, 0xB66D, 0xFDAC},
    {0x0000, 0x000F, 0x0013, 0x0019, 0xF2FB, 0xD01E, 0x8A04, 0x0551},
    {0x0000, 0x0013, 0x0014, 0x0019, 0xE3DD, 0xD3A4, 0x8B48, 0x05B1},
    {0x0000, 0x0014, 0x001A, 0x0019, 0xF82C, 0xBC77, 0x938E, 0x0551},
    {0x0000, 0x0014, 0x0017, 0x001A, 0xDD20, 0xC6C2, 0x92F6, 0x0618},
    {0x0000, 0x0017, 0x0018, 0x001A, 0xC2E3, 0xE89A, 0x91FF, 0x0656},
    {0x0000, 0x0012, 0x001B, 0x001C, 0x91FE, 0xF9ED, 0x4126, 0x01FC},
    {0x0000, 0x0012, 0x001C, 0x0013, 0x9175, 0xF536, 0x3F9E, 0x0231},
    {0x0000, 0x0014, 0x001D, 0x001E, 0x6DC4, 0x054B, 0xBE61, 0xFD7C},
    {0x0000, 0x0014, 0x001E, 0x0015, 0x6CD1, 0x06DE, 0xBCF5, 0xFD84},
    {0x0000, 0x0013, 0x001C, 0x001D, 0xD6E5, 0x0A08, 0x8733, 0x04B1},
    {0x0000, 0x0013, 0x001D, 0x0014, 0xE631, 0xEA7E, 0x847E, 0x0528},
    {0x0000, 0x000F, 0x0019, 0x0010, 0xFF7D, 0x19F9, 0x82AB, 0x035A},
    {0x0001, 0x0019, 0x001A, 0x0010, 0x46A2, 0x498A, 0xB2A1, 0xFE55},
    {0x0001, 0x0000, 0x0010, 0x0018, 0xCC06, 0x53D8, 0xAE71, 0x0299},
    {0x0001, 0x0000, 0x0018, 0x0001, 0xC489, 0x611B, 0xC58A, 0x01EB},
    {0x0001, 0x0010, 0x001A, 0x0018, 0xCDC3, 0x7193, 0xE105, 0x0056},
    {0x0000, 0x0005, 0x001F, 0x0006, 0xD594, 0x1507, 0x8915, 0x04FA},
    {0x0000, 0x001F, 0x0011, 0x0006, 0x8F46, 0x0214, 0x3C98, 0x0205},
    {0x0000, 0x0011, 0x0003, 0x0006, 0x8CA5, 0xE807, 0xCDFD, 0x0613},
    {0x0000, 0x0003, 0x0011, 0x0010, 0xA0C6, 0x0767, 0xAACB, 0x05DE},
    {0x0000, 0x0003, 0x0010, 0x0000, 0x80F3, 0xF0B2, 0xFD75, 0x04EB},
    {0x0000, 0x0008, 0x000D, 0x0005, 0xA2BA, 0xB14D, 0x2698, 0x0358},
    {0x0000, 0x001F, 0x0005, 0x000D, 0xC36E, 0x9167, 0xEA0C, 0x04EF},
    {0x0000, 0x001F, 0x000D, 0x0011, 0xC46A, 0x91E7, 0xE557, 0x050B},
    {0x0000, 0x0018, 0x000C, 0x0001, 0x6E22, 0x1EFD, 0xC69D, 0xFC60},
    {0x0000, 0x0020, 0x0021, 0x0022, 0x624C, 0xB305, 0x1C31, 0x012E},
    {0x0000, 0x0023, 0x0024, 0x0025, 0xB0E1, 0xB50B, 0x431E, 0xFE10},
    {0x0000, 0x0026, 0x0027, 0x0028, 0x4E55, 0xB46B, 0x4356, 0xFE0D},
    {0x0000, 0x0029, 0x002A, 0x002B, 0x9EC9, 0xB172, 0x1B97, 0x013E},
    {0x0000, 0x002C, 0x002D, 0x002E, 0xE74D, 0xBAF0, 0x971A, 0x0534},
    {0x0000, 0x002C, 0x002E, 0x002F, 0xE64C, 0xBCA8, 0x963B, 0x0537},
    {0x0000, 0x002F, 0x002E, 0x0030, 0xE58D, 0xBC69, 0x9693, 0x0532},
    {0x0000, 0x002F, 0x0030, 0x0031, 0xE87F, 0xBB4D, 0x9698, 0x053A},
    {0x0000, 0x0032, 0x0030, 0x002E, 0x9E8E, 0x4DC9, 0xE312, 0xFF91},
    {0x0000, 0x0032, 0x002E, 0x0033, 0x9E2A, 0x4DDD, 0xE4A3, 0xFF7F},
    {0x0000, 0x0033, 0x002E, 0x002D, 0xF24B, 0x6C4A, 0xBD28, 0x015F},
    {0x0000, 0x0033, 0x002D, 0x0034, 0xF352, 0x6B55, 0xBB6E, 0x0177},
    {0x0000, 0x0035, 0x0036, 0x0037, 0x9E8B, 0x4D15, 0xE149, 0xFEC9},
    {0x0000, 0x0035, 0x0037, 0x0038, 0x9E64, 0x4E48, 0xE507, 0xFE9C},
    {0x0000, 0x0025, 0x0032, 0x0039, 0xE7A2, 0xBA13, 0x9799, 0x0571},
    {0x0000, 0x0025, 0x0039, 0x0020, 0xE67B, 0xBC00, 0x969B, 0x0572},
    {0x0000, 0x0023, 0x0022, 0x0036, 0xE66A, 0xBB12, 0x973B, 0x0531},
    {0x0000, 0x0023, 0x0036, 0x003A, 0xE679, 0xBB3C, 0x971B, 0x0531},
    {0x0000, 0x003B, 0x003A, 0x0036, 0xF24F, 0x6B65, 0xBBB9, 0x0094},
    {0x0000, 0x003B, 0x0036, 0x0035, 0xF25E, 0x6B36, 0xBB6B, 0x0098},
    {0x0000, 0x003C, 0x003D, 0x003A, 0x4F1F, 0x4B17, 0xBD09, 0x01C9},
    {0x0000, 0x003C, 0x003A, 0x003B, 0x4F4B, 0x49AA, 0xBBAB, 0x01DE},
    {0x0000, 0x003E, 0x0031, 0x003D, 0x7D3A, 0xFE8E, 0xE58E, 0x01A7},
    {0x0000, 0x003E, 0x003D, 0x003C, 0x7CD8, 0xFC72, 0xE3FF, 0x01C0},
    {0x0000, 0x0037, 0x0021, 0x003F, 0xE6AB, 0xBB3E, 0x970E, 0x0532},
    {0x0000, 0x0037, 0x003F, 0x0040, 0xE75E, 0xBB7D, 0x96BA, 0x0537},
    {0x0000, 0x0040, 0x003F, 0x002D, 0xE75B, 0xBB82, 0x96B8, 0x0537},
    {0x0000, 0x0040, 0x002D, 0x002C, 0xE728, 0xBAFD, 0x971A, 0x0534},
    {0x0000, 0x0034, 0x002D, 0x003F, 0x4FA2, 0x49B7, 0xBC1F, 0x02B7},
    {0x0000, 0x0034, 0x003F, 0x0039, 0x4F1F, 0x4AF5, 0xBCE2, 0x02A9},
    {0x0000, 0x0039, 0x003F, 0x0021, 0x7CDB, 0xFE0A, 0xE3E4, 0x0298},
    {0x0000, 0x0039, 0x0021, 0x0020, 0x7CDC, 0xFE14, 0xE3E7, 0x0298},
    {0x0000, 0x0038, 0x0037, 0x0040, 0x836B, 0x02F3, 0x1D36, 0xFD34},
    {0x0000, 0x0038, 0x0040, 0x0041, 0x833E, 0x02C9, 0x1C79, 0xFD3C},
    {0x0000, 0x0034, 0x0039, 0x0032, 0xE794, 0xBA85, 0x9750, 0x0573},
    {0x0000, 0x0034, 0x0032, 0x0033, 0xE637, 0xBCD5, 0x9623, 0x0575},
    {0x0000, 0x0021, 0x0037, 0x0036, 0xE69B, 0xBB13, 0x972E, 0x0532},
    {0x0000, 0x0021, 0x0036, 0x0022, 0xE686, 0xBB1B, 0x972E, 0x0531},
    {0x0000, 0x0030, 0x0024, 0x003D, 0xE7C0, 0xBAD4, 0x9712, 0x0536},
    {0x0000, 0x0030, 0x003D, 0x0031, 0xE846, 0xBAA5, 0x9712, 0x0537},
    {0x0000, 0x0024, 0x0023, 0x003A, 0xE7D3, 0xBAC1, 0x971B, 0x0536},
    {0x0000, 0x0024, 0x003A, 0x003D, 0xE7CC, 0xBABE, 0x971E, 0x0536},
    {0x0000, 0x0025, 0x0024, 0x0030, 0x831C, 0x023F, 0x1BEF, 0xFE21},
    {0x0000, 0x0025, 0x0030, 0x0032, 0x8319, 0x0241, 0x1BE3, 0xFE22},
    {0x0000, 0x0020, 0x0042, 0x0043, 0xE8FA, 0xB836, 0x9890, 0x0574},
    {0x0000, 0x0020, 0x0043, 0x0025, 0xE66D, 0xBC77, 0x9652, 0x0573},
    {0x0000, 0x0026, 0x0044, 0x0045, 0x17BF, 0xBE35, 0x94CF, 0x057D},
    {0x0000, 0x0026, 0x0045, 0x002B, 0x1946, 0xB9FA, 0x97E1, 0x056C},
    {0x0000, 0x002B, 0x002A, 0x0046, 0x838A, 0xFCFC, 0xE249, 0x02B4},
    {0x0000, 0x002B, 0x0046, 0x0047, 0x82FC, 0xFCAF, 0xE4BB, 0x029C},
    {0x0000, 0x002A, 0x0029, 0x0048, 0x18A6, 0xBACB, 0x9730, 0x0533},
    {0x0000, 0x002A, 0x0048, 0x0049, 0x19FE, 0xBB4D, 0x972D, 0x052D},
    {0x0000, 0x0046, 0x002A, 0x0049, 0x1A03, 0xBB41, 0x9736, 0x052D},
    {0x0000, 0x0046, 0x0049, 0x004A, 0x194B, 0xBB80, 0x96E0, 0x0532},
    {0x0000, 0x0027, 0x004B, 0x004C, 0x18BA, 0xBA8D, 0x975E, 0x0532},
    {0x0000, 0x0027, 0x004C, 0x0028, 0x1778, 0xBB03, 0x96C6, 0x0538},
    {0x0000, 0x004D, 0x004E, 0x0047, 0x187D, 0xBC24, 0x9646, 0x0576},
    {0x0000, 0x004D, 0x0047, 0x004F, 0x19A7, 0xB8EB, 0x98B2, 0x0564},
    {0x0000, 0x0050, 0x004B, 0x0051, 0x833E, 0xFD37, 0xE387, 0x01C9},
    {0x0000, 0x0050, 0x0051, 0x0052, 0x836B, 0xFD0D, 0xE2CA, 0x01D1},
    {0x0000, 0x004E, 0x0053, 0x0027, 0x7CA8, 0x04A9, 0x1CAB, 0xFE09},
    {0x0000, 0x004E, 0x0027, 0x0026, 0x7CE5, 0x0246, 0x1BEB, 0xFE1A},
    {0x0000, 0x004D, 0x0054, 0x0053, 0x6133, 0x4E77, 0xE41A, 0xFF7E},
    {0x0000, 0x004D, 0x0053, 0x004E, 0x60FE, 0x4EC3, 0xE437, 0xFF7C},
    {0x0000, 0x0051, 0x0053, 0x0054, 0x17D8, 0xBA4F, 0x9753, 0x0534},
    {0x0000, 0x0051, 0x0054, 0x0055, 0x190B, 0xBC49, 0x964F, 0x0537},
    {0x0000, 0x004B, 0x0027, 0x0053, 0x1911, 0xBB1E, 0x9713, 0x0532},
    {0x0000, 0x004B, 0x0053, 0x0051, 0x17BA, 0xBAA5, 0x9712, 0x0536},
    {0x0000, 0x0056, 0x004A, 0x0049, 0x7CBB, 0x028F, 0x1C9C, 0xFD34},
    {0x0000, 0x0056, 0x0049, 0x0057, 0x7C9D, 0x032E, 0x1D11, 0xFD2D},
    {0x0000, 0x0057, 0x0049, 0x0048, 0x6150, 0x4E90, 0xE4C6, 0xFE99},
    {0x0000, 0x0057, 0x0048, 0x0058, 0x61DA, 0x4D9C, 0xE3FC, 0xFEA4},
    {0x0000, 0x0058, 0x0048, 0x004C, 0x0D91, 0x6B65, 0xBBB2, 0x0094},
    {0x0000, 0x0058, 0x004C, 0x0059, 0x0DC2, 0x6B36, 0xBB72, 0x0097},
    {0x0000, 0x0029, 0x0028, 0x004C, 0x1A05, 0xBBFA, 0x96BE, 0x052F},
    {0x0000, 0x0029, 0x004C, 0x0048, 0x1938, 0xBA96, 0x9775, 0x0530},
    {0x0000, 0x002B, 0x0047, 0x004E, 0x1881, 0xBC41, 0x9634, 0x0577},
    {0x0000, 0x002B, 0x004E, 0x0026, 0x1949, 0xBA17, 0x97CF, 0x056C},
    {0x0000, 0x0059, 0x004C, 0x004B, 0xB04B, 0x4AB3, 0xBD4B, 0x01CE},
    {0x0000, 0x0059, 0x004B, 0x0050, 0xB05A, 0x4AA9, 0xBD2E, 0x01CF},
    {0x0000, 0x004F, 0x005A, 0x0054, 0x0E39, 0x6B5C, 0xBBC6, 0x016F},
    {0x0000, 0x004F, 0x0054, 0x004D, 0x0C7E, 0x6C45, 0xBCE2, 0x0163},
    {0x0000, 0x0047, 0x0046, 0x005A, 0xB0EC, 0x4AFD, 0xBCDF, 0x02AE},
    {0x0000, 0x0047, 0x005A, 0x004F, 0xB1E5, 0x4AED, 0xBBAC, 0x02B9},
    {0x0000, 0x005B, 0x005A, 0x0046, 0x185D, 0xBB59, 0x96C2, 0x0536},
    {0x0000, 0x005B, 0x0046, 0x004A, 0x190E, 0xBB19, 0x9715, 0x0532},
    {0x0000, 0x0055, 0x0054, 0x005A, 0x192E, 0xBC3C, 0x9660, 0x0536},
    {0x0000, 0x0055, 0x005A, 0x005B, 0x195C, 0xBBB9, 0x96BF, 0x0533},
    {0x0000, 0x005C, 0x005D, 0x005E, 0x0000, 0x0000, 0x8001, 0x05FE},
    {0x0000, 0x005C, 0x005E, 0x005F, 0x0000, 0x0000, 0x8001, 0x05FE},
    {0x0000, 0x005C, 0x005F, 0x0060, 0x0000, 0x0000, 0x8001, 0x05FE},
    {0x0000, 0x005C, 0x0060, 0x0061, 0x0000, 0x0000, 0x8001, 0x05FE},
    {0x0000, 0x0062, 0x005D, 0x005C, 0x760A, 0xD00C, 0xF3BE, 0x0199},
    {0x0000, 0x0062, 0x005C, 0x0063, 0x7009, 0xC48B, 0xEECD, 0x020B},
    {0x0000, 0x0064, 0x005E, 0x005D, 0x2A7E, 0x8B26, 0xE19C, 0x03C9},
    {0x0000, 0x0064, 0x005D, 0x0062, 0x2F29, 0x8CB7, 0xE288, 0x03B7},
    {0x0000, 0x0065, 0x005F, 0x005E, 0xD3B2, 0x8BB4, 0xE213, 0x03C3},
    {0x0000, 0x0065, 0x005E, 0x0064, 0xD0E2, 0x8CD3, 0xE20B, 0x03BE},
    {0x0000, 0x0066, 0x0060, 0x005F, 0x8B75, 0xCD03, 0xF1D6, 0x01C6},
    {0x0000, 0x0066, 0x005F, 0x0065, 0x8D2C, 0xC957, 0xF183, 0x01DC},
    {0x0000, 0x0067, 0x0061, 0x0060, 0xB197, 0x6204, 0x190E, 0xFD0E},
    {0x0000, 0x0067, 0x0060, 0x0066, 0xAEC1, 0x5FA5, 0x1930, 0xFD19},
    {0x0000, 0x0063, 0x005C, 0x0061, 0x4E4E, 0x61E2, 0x19E4, 0xFCFF},
    {0x0000, 0x0063, 0x0061, 0x0067, 0x517F, 0x5FA0, 0x1871, 0xFD1B},
    {0x0000, 0x0068, 0x0069, 0x006A, 0xCFC1, 0x533A, 0x546F, 0xFCA6},
    {0x0000, 0x0068, 0x006A, 0x006B, 0xCFA7, 0x53CD, 0x53CD, 0xFCAD},
    {0x0000, 0x006C, 0x006D, 0x006E, 0x91ED, 0xEDE0, 0xC13F, 0x05EC},
    {0x0000, 0x006C, 0x006F, 0x006D, 0x8032, 0xF907, 0x0000, 0x0338},
    {0x0000, 0x006E, 0x006D, 0x0070, 0xC005, 0xF92C, 0x915A, 0x0679},
    {0x0000, 0x006E, 0x0070, 0x0071, 0x0000, 0xEDDC, 0x814C, 0x05C9},
    {0x0000, 0x0070, 0x0072, 0x0071, 0x3FFA, 0xF907, 0x915C, 0x02F3},
    {0x0000, 0x0071, 0x0072, 0x0073, 0x6D9E, 0xEDC0, 0xC07C, 0xFFE6},
    {0x0000, 0x0073, 0x0072, 0x0074, 0x7FCE, 0xF907, 0x0000, 0xFC2B},
    {0x0000, 0x0075, 0x006C, 0x0076, 0x8032, 0x06F9, 0x0000, 0x02E0},
    {0x0000, 0x006C, 0x006E, 0x0076, 0x91ED, 0x1220, 0xC13F, 0x0505},
    {0x0000, 0x0076, 0x006E, 0x0077, 0xC005, 0x06D4, 0x915A, 0x0622},
    {0x0000, 0x0077, 0x0071, 0x0078, 0x3FFA, 0x06F9, 0x915C, 0x029A},
    {0x0000, 0x0077, 0x006E, 0x0071, 0x0000, 0x1224, 0x814C, 0x04E3},
    {0x0000, 0x0078, 0x0071, 0x0073, 0x6D9E, 0x1240, 0xC07C, 0xFEFE},
    {0x0000, 0x0078, 0x0073, 0x0079, 0x7FCE, 0x06F9, 0x0000, 0xFBD2},
    {0x0000, 0x006A, 0x007A, 0x007B, 0x81EC, 0x1610, 0x0000, 0x02EF},
    {0x0000, 0x006A, 0x007B, 0x007C, 0x81EC, 0x1610, 0x0000, 0x02EF},
    {0x0000, 0x0069, 0x007D, 0x007A, 0x9E7A, 0x52E5, 0x0000, 0x01D7},
    {0x0000, 0x0069, 0x007A, 0x006A, 0x9E7A, 0x52E5, 0x0000, 0x01D7},
    {0x0000, 0x0075, 0x0076, 0x007D, 0x9446, 0xBAE0, 0x0000, 0x0347},
    {0x0000, 0x0075, 0x007D, 0x0069, 0x9446, 0xBAE0, 0x0000, 0x0347},
    {0x0000, 0x007E, 0x007F, 0x0080, 0x7E30, 0x1574, 0x0000, 0xFBFA},
    {0x0000, 0x007E, 0x0080, 0x0081, 0x7E30, 0x1574, 0x0000, 0xFBFA},
    {0x0000, 0x0082, 0x0083, 0x007F, 0x6054, 0x5449, 0x0000, 0xFC7C},
    {0x0000, 0x0082, 0x007F, 0x007E, 0x6054, 0x5449, 0x0000, 0xFC7C},
    {0x0000, 0x0078, 0x0079, 0x0083, 0x6B51, 0xBA3E, 0x0000, 0xFD5B},
    {0x0000, 0x0078, 0x0083, 0x0082, 0x6B51, 0xBA3E, 0x0000, 0xFD5B},
    {0x0000, 0x0084, 0x007E, 0x0081, 0x3F0B, 0x15A5, 0x92BA, 0x02AE},
    {0x0000, 0x0084, 0x0081, 0x0085, 0x3F41, 0x15D3, 0x92E3, 0x02AA},
    {0x0000, 0x0086, 0x0082, 0x007E, 0x3066, 0x5417, 0xAC84, 0x0199},
    {0x0000, 0x0086, 0x007E, 0x0084, 0x3059, 0x53CD, 0xAC33, 0x019D},
    {0x0000, 0x0077, 0x0078, 0x0082, 0x35B8, 0xBA3E, 0xA319, 0x030C},
    {0x0000, 0x0077, 0x0082, 0x0086, 0x35DA, 0xBA54, 0xA31B, 0x030B},
    {0x0000, 0x007A, 0x0084, 0x0085, 0xC0FA, 0x15D9, 0x92C2, 0x0627},
    {0x0000, 0x007A, 0x0085, 0x007B, 0xC119, 0x15F0, 0x92B5, 0x0627},
    {0x0000, 0x007D, 0x0086, 0x0084, 0xD00C, 0x53EA, 0xAC16, 0x0447},
    {0x0000, 0x007D, 0x0084, 0x007A, 0xCF74, 0x5357, 0xABDA, 0x044E},
    {0x0000, 0x0076, 0x0077, 0x0086, 0xCA43, 0xBA4C, 0xA311, 0x0603},
    {0x0000, 0x0076, 0x0086, 0x007D, 0xCA9C, 0xBAB4, 0xA291, 0x0606},
    {0x0000, 0x0087, 0x007C, 0x0088, 0x3053, 0x53A8, 0xAC0A, 0x02DA},
    {0x0000, 0x0087, 0x0088, 0x0089, 0x3059, 0x53CD, 0xAC33, 0x02D8},
    {0x0000, 0x0080, 0x0087, 0x0089, 0xCF74, 0x53BE, 0xAC42, 0x0583},
    {0x0000, 0x0080, 0x0089, 0x008A, 0xCFC1, 0x5408, 0xAC5F, 0x057F},
    {0x0000, 0x008B, 0x008C, 0x008D, 0x3F04, 0xEA0D, 0x92C6, 0x027B},
    {0x0000, 0x008B, 0x008D, 0x008E, 0x3F41, 0xEA2D, 0x92E3, 0x0278},
    {0x0000, 0x008F, 0x008B, 0x008E, 0xC0FA, 0xEA27, 0x92C2, 0x05F5},
    {0x0000, 0x008F, 0x008E, 0x0090, 0xC116, 0xEA37, 0x92AF, 0x05F6},
    {0x0000, 0x0088, 0x008F, 0x0090, 0x81DE, 0xEA3E, 0x0000, 0x02BE},
    {0x0000, 0x0088, 0x0090, 0x0091, 0x81DE, 0xEA3E, 0x0000, 0x02BE},
    {0x0000, 0x008C, 0x008A, 0x0092, 0x7E14, 0xE9F0, 0x0000, 0xFBC9},
    {0x0000, 0x008C, 0x0092, 0x008D, 0x7E14, 0xE9F0, 0x0000, 0xFBC9},
    {0x0000, 0x0085, 0x0081, 0x008C, 0xCF9A, 0x5417, 0x537C, 0xFDEB},
    {0x0000, 0x0085, 0x008C, 0x008B, 0xCFA7, 0x53CD, 0x53CD, 0xFDE7},
    {0x0000, 0x0081, 0x0080, 0x008A, 0x9FAC, 0x5449, 0x0000, 0x0307},
    {0x0000, 0x0081, 0x008A, 0x008C, 0x9FAC, 0x5449, 0x0000, 0x0307},
    {0x0000, 0x007B, 0x0085, 0x008B, 0x303F, 0x53D5, 0x53D5, 0xFB3D},
    {0x0000, 0x007B, 0x008B, 0x008F, 0x3066, 0x53B0, 0x53E3, 0xFB3B},
    {0x0000, 0x007C, 0x007B, 0x008F, 0x60ED, 0x5399, 0x0000, 0xFDB4},
    {0x0000, 0x007C, 0x008F, 0x0088, 0x60ED, 0x5399, 0x0000, 0xFDB4},
    {0x0000, 0x0093, 0x0094, 0x0095, 0x308C, 0x53BE, 0x53BE, 0xFCAC},
    {0x0000, 0x0093, 0x0095, 0x0096, 0x303F, 0x5408, 0x53A1, 0xFCAB},
    {0x0000, 0x0097, 0x0098, 0x0099, 0x91ED, 0xEDE0, 0xC13F, 0xFFE0},
    {0x0000, 0x0097, 0x009A, 0x0098, 0x8032, 0xF907, 0x0000, 0xFC33},
    {0x0000, 0x0099, 0x0098, 0x009B, 0xC005, 0xF92C, 0x915A, 0x02F6},
    {0x0000, 0x0099, 0x009B, 0x009C, 0x0000, 0xEDDC, 0x814C, 0x05C9},
    {0x0000, 0x009B, 0x009D, 0x009C, 0x3FFA, 0xF907, 0x915C, 0x0677},
    {0x0000, 0x009C, 0x009D, 0x009E, 0x6D9E, 0xEDC0, 0xC07C, 0x05EC},
    {0x0000, 0x009E, 0x009D, 0x009F, 0x7FCE, 0xF907, 0x0000, 0x0330},
    {0x0000, 0x00A0, 0x0097, 0x00A1, 0x8032, 0x06F9, 0x0000, 0xFBDA},
    {0x0000, 0x0097, 0x0099, 0x00A1, 0x91ED, 0x1220, 0xC13F, 0xFEF9},
    {0x0000, 0x00A1, 0x0099, 0x00A2, 0xC005, 0x06D4, 0x915A, 0x029F},
    {0x0000, 0x00A2, 0x009C, 0x00A3, 0x3FFA, 0x06F9, 0x915C, 0x061E},
    {0x0000, 0x00A2, 0x0099, 0x009C, 0x0000, 0x1224, 0x814C, 0x04E3},
    {0x0000, 0x00A3, 0x009C, 0x009E, 0x6D9E, 0x1240, 0xC07C, 0x0504},
    {0x0000, 0x00A3, 0x009E, 0x00A4, 0x7FCE, 0x06F9, 0x0000, 0x02D8},
    {0x0000, 0x00A5, 0x00A6, 0x00A7, 0x81EC, 0x1610, 0x0000, 0xFC02},
    {0x0000, 0x00A5, 0x00A7, 0x00A8, 0x81EC, 0x1610, 0x0000, 0xFC02},
    {0x0000, 0x00A9, 0x00AA, 0x00A6, 0x9E7A, 0x52E5, 0x0000, 0xFC7B},
    {0x0000, 0x00A9, 0x00A6, 0x00A5, 0x9E7A, 0x52E5, 0x0000, 0xFC7B},
    {0x0000, 0x00A0, 0x00A1, 0x00AA, 0x9446, 0xBAE0, 0x0000, 0xFD5C},
    {0x0000, 0x00A0, 0x00AA, 0x00A9, 0x9446, 0xBAE0, 0x0000, 0xFD5C},
    {0x0000, 0x00AB, 0x0096, 0x00AC, 0x7E30, 0x1574, 0x0000, 0x02E9},
    {0x0000, 0x00AB, 0x00AC, 0x00AD, 0x7E30, 0x1574, 0x0000, 0x02E9},
    {0x0000, 0x00AE, 0x0093, 0x0096, 0x6054, 0x5449, 0x0000, 0x01C7},
    {0x0000, 0x00AE, 0x0096, 0x00AB, 0x6054, 0x5449, 0x0000, 0x01C7},
    {0x0000, 0x00A3, 0x00A4, 0x0093, 0x6B51, 0xBA3E, 0x0000, 0x0340},
    {0x0000, 0x00A3, 0x0093, 0x00AE, 0x6B51, 0xBA3E, 0x0000, 0x0340},
    {0x0000, 0x00AF, 0x00AB, 0x00AD, 0x3F0B, 0x15A5, 0x92BA, 0x0624},
    {0x0000, 0x00AF, 0x00AD, 0x00B0, 0x3F41, 0x15D3, 0x92E3, 0x0624},
    {0x0000, 0x00B1, 0x00AE, 0x00AB, 0x3066, 0x5417, 0xAC84, 0x0442},
    {0x0000, 0x00B1, 0x00AB, 0x00AF, 0x3059, 0x53CD, 0xAC33, 0x0445},
    {0x0000, 0x00A2, 0x00A3, 0x00AE, 0x35B8, 0xBA3E, 0xA319, 0x0600},
    {0x0000, 0x00A2, 0x00AE, 0x00B1, 0x35DA, 0xBA54, 0xA31B, 0x0600},
    {0x0000, 0x00A6, 0x00AF, 0x00B0, 0xC0FA, 0x15D9, 0x92C2, 0x02B1},
    {0x0000, 0x00A6, 0x00B0, 0x00A7, 0xC119, 0x15F0, 0x92B5, 0x02B2},
    {0x0000, 0x00AA, 0x00B1, 0x00AF, 0xD00C, 0x53EA, 0xAC16, 0x01A4},
    {0x0000, 0x00AA, 0x00AF, 0x00A6, 0xCF74, 0x5357, 0xABDA, 0x01A4},
    {0x0000, 0x00A1, 0x00A2, 0x00B1, 0xCA43, 0xBA4C, 0xA311, 0x0310},
    {0x0000, 0x00A1, 0x00B1, 0x00AA, 0xCA9C, 0xBAB4, 0xA291, 0x0317},
    {0x0000, 0x00AC, 0x00B2, 0x00B3, 0xCF74, 0x53BE, 0xAC42, 0x02D9},
    {0x0000, 0x00AC, 0x00B3, 0x00B4, 0xCFC1, 0x5408, 0xAC5F, 0x02D9},
    {0x0000, 0x00B2, 0x00A8, 0x00B5, 0x3053, 0x53A8, 0xAC0A, 0x0581},
    {0x0000, 0x00B2, 0x00B5, 0x00B3, 0x3059, 0x53CD, 0xAC33, 0x0580},
    {0x0000, 0x00B6, 0x00B7, 0x00B8, 0x3F04, 0xEA0D, 0x92C6, 0x05F1},
    {0x0000, 0x00B6, 0x00B8, 0x00B9, 0x3F41, 0xEA2D, 0x92E3, 0x05F2},
    {0x0000, 0x00BA, 0x00B6, 0x00B9, 0xC0FA, 0xEA27, 0x92C2, 0x027F},
    {0x0000, 0x00BA, 0x00B9, 0x00BB, 0xC116, 0xEA37, 0x92AF, 0x0281},
    {0x0000, 0x00B5, 0x00BA, 0x00BB, 0x81DE, 0xEA3E, 0x0000, 0xFBD0},
    {0x0000, 0x00B5, 0x00BB, 0x00BC, 0x81DE, 0xEA3E, 0x0000, 0xFBD0},
    {0x0000, 0x00B7, 0x00B4, 0x00BD, 0x7E14, 0xE9F0, 0x0000, 0x02B6},
    {0x0000, 0x00B7, 0x00BD, 0x00B8, 0x7E14, 0xE9F0, 0x0000, 0x02B6},
    {0x0000, 0x00B0, 0x00AD, 0x00B7, 0xCF9A, 0x5417, 0x537C, 0xFB42},
    {0x0000, 0x00B0, 0x00B7, 0x00B6, 0xCFA7, 0x53CD, 0x53CD, 0xFB40},
    {0x0000, 0x00AD, 0x00AC, 0x00B4, 0x9FAC, 0x5449, 0x0000, 0xFDBC},
    {0x0000, 0x00AD, 0x00B4, 0x00B7, 0x9FAC, 0x5449, 0x0000, 0xFDBC},
    {0x0000, 0x00A7, 0x00B0, 0x00B6, 0x303F, 0x53D5, 0x53D5, 0xFDE3},
    {0x0000, 0x00A7, 0x00B6, 0x00BA, 0x3066, 0x53B0, 0x53E3, 0xFDE4},
    {0x0000, 0x00A8, 0x00A7, 0x00BA, 0x60ED, 0x5399, 0x0000, 0x0307},
    {0x0000, 0x00A8, 0x00BA, 0x00B5, 0x60ED, 0x5399, 0x0000, 0x0307},
    {0x0000, 0x00BE, 0x00BF, 0x00C0, 0x4391, 0xADBC, 0xB8F0, 0x0390},
    {0x0000, 0x00C0, 0x00C1, 0x00BE, 0x3ABD, 0x9F35, 0xC44E, 0x035A},
    {0x0000, 0x00BE, 0x00C2, 0x00C3, 0x2AA6, 0x9D78, 0xBA51, 0x03FF},
    {0x0000, 0x00C1, 0x00C2, 0x00BE, 0x3B60, 0x9F65, 0xC4A0, 0x0354},
    {0x0000, 0x00C4, 0x00C5, 0x00C6, 0xBC41, 0xAE7E, 0xB83D, 0x0399},
    {0x0000, 0x00C6, 0x00C7, 0x00C4, 0xC569, 0x9F3D, 0xC41A, 0x0360},
    {0x0000, 0x00C8, 0x00C9, 0x00C6, 0xD564, 0x9D89, 0xBA33, 0x0403},
    {0x0000, 0x00C6, 0x00C9, 0x00C7, 0xC48A, 0x9F80, 0xC48A, 0x0358},
    {0x0000, 0x00C2, 0x00CA, 0x00C3, 0x3E36, 0xA264, 0xC2C3, 0x0363},
    {0x0000, 0x00CA, 0x00CB, 0x00C3, 0x13EF, 0xA3B5, 0xA995, 0x04DC},
    {0x0000, 0x00CB, 0x00CC, 0x00CD, 0x2344, 0xC1B8, 0x95E3, 0x0542},
    {0x0000, 0x00CB, 0x00CE, 0x00CC, 0x19A2, 0xA2A3, 0xAC48, 0x04B8},
    {0x0000, 0x00CA, 0x00CE, 0x00CB, 0x16D3, 0xA3BC, 0xAA45, 0x04CF},
    {0x0000, 0x00C8, 0x00CF, 0x00C9, 0xC255, 0xA250, 0xC255, 0x036E},
    {0x0000, 0x00C8, 0x00D0, 0x00CF, 0xEBD1, 0xA3A9, 0xA9B1, 0x04DC},
    {0x0000, 0x00D1, 0x00CC, 0x00D0, 0xDCBB, 0xC26A, 0x957B, 0x0546},
    {0x0000, 0x00CC, 0x00CE, 0x00D0, 0xE67D, 0xA29E, 0xAC44, 0x04BA},
    {0x0000, 0x00D0, 0x00CE, 0x00CF, 0xE931, 0xA3AF, 0xAA53, 0x04D0},
    {0x0000, 0x00BF, 0x00BE, 0x0056, 0x3E94, 0x9EB9, 0xC930, 0x0319},
    {0x0000, 0x0056, 0x0057, 0x00BF, 0x4D40, 0xC2D3, 0xAE50, 0x0396},
    {0x0000, 0x0057, 0x00D2, 0x00BF, 0x3D47, 0xAD3E, 0xB3FB, 0x03EA},
    {0x0000, 0x0057, 0x0058, 0x00D2, 0x1D65, 0xBFDD, 0x9534, 0x054B},
    {0x0000, 0x0058, 0x00D3, 0x00D2, 0x1AB9, 0xC3CB, 0x9241, 0x055D},
    {0x0000, 0x0041, 0x00C6, 0x00C5, 0xC1E2, 0x9DB4, 0xCA80, 0x0313},
    {0x0000, 0x00C5, 0x0038, 0x0041, 0xB273, 0xC2EC, 0xAE87, 0x0396},
    {0x0000, 0x00C5, 0x00D4, 0x0038, 0xC275, 0xAD4F, 0xB420, 0x03EB},
    {0x0000, 0x00D4, 0x0035, 0x0038, 0xE28A, 0xBFEC, 0x9530, 0x054C},
    {0x0000, 0x00D4, 0x00D5, 0x0035, 0xE544, 0xC3EB, 0x9230, 0x055F},
    {0x0000, 0x00D6, 0x0067, 0x0066, 0x150B, 0x0000, 0x81BF, 0x050D},
    {0x0000, 0x00D6, 0x0066, 0x0050, 0x166F, 0xFFBE, 0x81FC, 0x050B},
    {0x0000, 0x0059, 0x0050, 0x0066, 0xF502, 0xE0B5, 0x8460, 0x05A2},
    {0x0000, 0x0059, 0x0066, 0x0065, 0xF5B0, 0xE348, 0x83B2, 0x059B},
    {0x0000, 0x0065, 0x0064, 0x00D7, 0xE99E, 0xC94A, 0x8E79, 0x05C0},
    {0x0000, 0x0059, 0x0065, 0x00D7, 0xEB3F, 0xC980, 0x8E10, 0x05C3},
    {0x0000, 0x003C, 0x0063, 0x0067, 0xEA7A, 0xFEB1, 0x81D5, 0x0514},
    {0x0000, 0x003C, 0x0067, 0x00D6, 0xE9B5, 0x0000, 0x81F6, 0x050C},
    {0x0000, 0x0063, 0x003C, 0x003B, 0x0B29, 0xE0E6, 0x8458, 0x05A1},
    {0x0000, 0x0063, 0x003B, 0x0062, 0x0AEE, 0xE1C2, 0x841C, 0x059F},
    {0x0000, 0x00D7, 0x0062, 0x003B, 0x14C1, 0xC980, 0x8E10, 0x05C2},
    {0x0000, 0x00D7, 0x0064, 0x0062, 0x1662, 0xC94A, 0x8E79, 0x05BF},
    {0x0000, 0x00CC, 0x0052, 0x00CD, 0x2348, 0xC4F1, 0x9410, 0x054B},
    {0x0000, 0x0052, 0x00CC, 0x0050, 0x25EB, 0xBC1B, 0x9A56, 0x0524},
    {0x0000, 0x00CC, 0x00D6, 0x0050, 0x3C18, 0xAC61, 0xB3FB, 0x0444},
    {0x0000, 0x0059, 0x00D2, 0x00D3, 0x1A73, 0xC440, 0x91F0, 0x055F},
    {0x0000, 0x0059, 0x00D7, 0x00D2, 0x0832, 0xEC6E, 0x81C6, 0x0560},
    {0x0000, 0x00D1, 0x003E, 0x00CC, 0xDCB9, 0xC421, 0x9483, 0x054B},
    {0x0000, 0x003C, 0x00CC, 0x003E, 0xDA6C, 0xBC60, 0x9A07, 0x0529},
    {0x0000, 0x003C, 0x00D6, 0x00CC, 0xC3E8, 0xAC61, 0xB3FB, 0x0447},
    {0x0000, 0x00D5, 0x00D4, 0x003B, 0xE5D4, 0xC4DB, 0x918C, 0x0562},
    {0x0000, 0x00D4, 0x00D7, 0x003B, 0xF7CE, 0xEC6E, 0x81C6, 0x0561},
    {0x0000, 0x00D8, 0x00D9, 0x00DA, 0x0000, 0x0000, 0x8001, 0x05CF},
    {0x0000, 0x00D8, 0x00DA, 0x00DB, 0x0000, 0x0000, 0x8001, 0x05CF},
    {0x0000, 0x00D8, 0x00DB, 0x00DC, 0x0000, 0x0000, 0x8001, 0x05CF},
    {0x0000, 0x00DD, 0x00D4, 0x00D8, 0x8001, 0x0000, 0x0000, 0xFD9C},
    {0x0000, 0x00DD, 0x00D8, 0x00DC, 0x8001, 0x0000, 0x0000, 0xFD9C},
    {0x0000, 0x00DE, 0x00DF, 0x00D2, 0x7FFF, 0x0000, 0x0000, 0xFD94},
    {0x0000, 0x00DE, 0x00D2, 0x00E0, 0x7FFF, 0x0000, 0x0000, 0xFD94},
    {0x0000, 0x00DE, 0x00E1, 0x00E2, 0x0000, 0x0000, 0x8001, 0x05CF},
    {0x0000, 0x00DE, 0x00E2, 0x00DF, 0x0000, 0x0000, 0x8001, 0x05CF},
    {0x0000, 0x00E2, 0x00E3, 0x00DF, 0x0000, 0x0000, 0x8001, 0x05CF},
    {0x0000, 0x00E4, 0x00E5, 0x00E6, 0x50CF, 0x9F28, 0x15C7, 0xFE8E},
    {0x0000, 0x00E4, 0x00E6, 0x00E7, 0x50A1, 0x9F0E, 0x15FD, 0xFE8C},
    {0x0000, 0x00C1, 0x00C0, 0x00E5, 0x50BC, 0x9F17, 0xEA3E, 0x011E},
    {0x0000, 0x00C1, 0x00E5, 0x00E4, 0x50C8, 0x9F31, 0xE9F8, 0x0122},
    {0x0000, 0x00E8, 0x00E9, 0x00C4, 0xAF2A, 0x9F1F, 0xEA7B, 0x011F},
    {0x0000, 0x00E8, 0x00C4, 0x00C7, 0xAF2A, 0x9F1F, 0xEA7B, 0x011F},
    {0x0000, 0x00EA, 0x00EB, 0x00E9, 0xAF2A, 0x9F1F, 0x1585, 0xFE97},
    {0x0000, 0x00EA, 0x00E9, 0x00E8, 0xAF2A, 0x9F1F, 0x1585, 0xFE97},
    {0x0000, 0x00C0, 0x00D2, 0x00E5, 0x6FF7, 0xC9D0, 0xE1D4, 0x006B},
    {0x0000, 0x00E5, 0x00D2, 0x00EC, 0x7FFF, 0x0000, 0x0000, 0xFD94},
    {0x0000, 0x00E5, 0x00EC, 0x00E6, 0x6FF7, 0xC9D0, 0x1E2C, 0xFCDF},
    {0x0000, 0x00DF, 0x00ED, 0x00EC, 0x7FFF, 0x0000, 0x0000, 0xFD94},
    {0x0000, 0x00DF, 0x00EC, 0x00D2, 0x7FFF, 0x0000, 0x0000, 0xFD94},
    {0x0000, 0x00D4, 0x00EE, 0x00EF, 0x8001, 0x0000, 0x0000, 0xFD9C},
    {0x0000, 0x00D4, 0x00EF, 0x00D8, 0x8001, 0x0000, 0x0000, 0xFD9C},
    {0x0000, 0x00EB, 0x00EE, 0x00E9, 0x8FB8, 0xCA50, 0x1DE5, 0xFCE7},
    {0x0000, 0x00EE, 0x00D4, 0x00E9, 0x8001, 0x0000, 0x0000, 0xFD9C},
    {0x0000, 0x00E9, 0x00D4, 0x00C4, 0x8FB8, 0xCA50, 0xE21B, 0x006B},
    {0x0000, 0x00F0, 0x00F1, 0x00F2, 0xDC5F, 0x4A38, 0x9DFF, 0x05DB},
    {0x0000, 0x00F0, 0x00F2, 0x00F3, 0xDA34, 0x4882, 0x9D86, 0x05E0},
    {0x0000, 0x00F1, 0x00F4, 0x00F5, 0x4C5F, 0x5845, 0xCB7A, 0x0310},
    {0x0000, 0x00F1, 0x00F5, 0x00F2, 0x4F31, 0x57C3, 0xCEE9, 0x02DC},
    {0x0000, 0x00F6, 0x00F7, 0x00F1, 0xD000, 0x1C68, 0x8CCC, 0x06A6},
    {0x0000, 0x00F6, 0x00F1, 0x00F0, 0xE3D8, 0x2DBF, 0x8BD2, 0x06B7},
    {0x0000, 0x00F7, 0x00F8, 0x00F4, 0x56AC, 0x4521, 0xC007, 0x0393},
    {0x0000, 0x00F7, 0x00F4, 0x00F1, 0x5202, 0x43DB, 0xB8E9, 0x03FC},
    {0x0000, 0x00F9, 0x00FA, 0x00F7, 0xD7C1, 0x1A4F, 0x8961, 0x06D5},
    {0x0000, 0x00F9, 0x00F7, 0x00F6, 0xCF73, 0x1531, 0x8B7B, 0x06B8},
    {0x0000, 0x00FA, 0x00FB, 0x00F8, 0x5F26, 0x1702, 0xAD89, 0x049B},
    {0x0000, 0x00FA, 0x00F8, 0x00F7, 0x64EA, 0x1989, 0xB584, 0x0421},
    {0x0000, 0x00F5, 0x00FC, 0x00F2, 0x3CF8, 0x701A, 0xF60C, 0x010E},
    {0x0000, 0x00FC, 0x00F3, 0x00F2, 0xD474, 0x5FA9, 0xB6F4, 0x04BB},
    {0x0000, 0x00FD, 0x00FE, 0x00FF, 0x9EFA, 0x49BD, 0x2724, 0xFDCD},
    {0x0000, 0x00FD, 0x00FF, 0x0100, 0x9F22, 0x4A61, 0x2650, 0xFDDA},
    {0x0000, 0x00FE, 0x0101, 0x0102, 0xC89C, 0x586C, 0xB5DC, 0x045F},
    {0x0000, 0x00FE, 0x0102, 0x00FF, 0xCAF3, 0x5817, 0xB3C9, 0x047E},
    {0x0000, 0x0103, 0x0104, 0x00FE, 0x8F69, 0x19E6, 0x3719, 0xFCA5},
    {0x0000, 0x0103, 0x00FE, 0x00FD, 0x8D0A, 0x2E21, 0x203D, 0xFE03},
    {0x0000, 0x0104, 0x0105, 0x0101, 0xBD5F, 0x44EF, 0xAB33, 0x04D7},
    {0x0000, 0x0104, 0x0101, 0x00FE, 0xB566, 0x436D, 0xB0CF, 0x0480},
    {0x0000, 0x0106, 0x0107, 0x0104, 0x8AE9, 0x1B4C, 0x2BE9, 0xFD49},
    {0x0000, 0x0106, 0x0104, 0x0103, 0x8E71, 0x13FB, 0x3792, 0xFC9D},
    {0x0000, 0x0107, 0x0108, 0x0105, 0xAB49, 0x16DC, 0xA2D0, 0x0548},
    {0x0000, 0x0107, 0x0105, 0x0104, 0xB277, 0x192C, 0x9D52, 0x0599},
    {0x0000, 0x0102, 0x0109, 0x00FF, 0xF34F, 0x7078, 0xC43A, 0x0402},
    {0x0000, 0x0109, 0x0100, 0x00FF, 0xB95F, 0x614E, 0x2BE3, 0xFDDE},
    {0x0000, 0x010A, 0x010B, 0x010C, 0x944E, 0xC861, 0xD6DF, 0x0259},
    {0x0000, 0x010A, 0x010C, 0x010D, 0x9ABD, 0xC4B6, 0xCCDF, 0x02F3},
    {0x0000, 0x010B, 0x010E, 0x010F, 0x2C17, 0xBC59, 0x9CB1, 0x05DE},
    {0x0000, 0x010B, 0x010F, 0x010C, 0x1A2F, 0xB29D, 0x9D77, 0x05C1},
    {0x0000, 0x010D, 0x010C, 0x0110, 0x98DE, 0xDE86, 0xBBFC, 0x0421},
    {0x0000, 0x010D, 0x0110, 0x0111, 0x8DCC, 0xE2F1, 0xCE09, 0x030E},
    {0x0000, 0x010C, 0x010F, 0x0112, 0x1265, 0xC1E9, 0x9198, 0x0692},
    {0x0000, 0x010C, 0x0112, 0x0110, 0x153C, 0xC2DC, 0x9193, 0x0694},
    {0x0000, 0x0111, 0x0110, 0x0113, 0x8D0B, 0xE6BD, 0xCDB5, 0x0314},
    {0x0000, 0x0111, 0x0113, 0x0114, 0x91E8, 0xE9CE, 0xC29A, 0x03B9},
    {0x0000, 0x0110, 0x0112, 0x0115, 0x17D5, 0xEA97, 0x8414, 0x0768},
    {0x0000, 0x0110, 0x0115, 0x0113, 0x0EBF, 0xE527, 0x83B9, 0x076E},
    {0x0000, 0x010B, 0x0116, 0x010E, 0x303D, 0xB7F5, 0xA1D7, 0x057D},
    {0x0000, 0x010B, 0x010A, 0x0116, 0x9426, 0xCC5D, 0xD257, 0x02AD},
    {0x0000, 0x0117, 0x0118, 0x0119, 0x8001, 0x0000, 0x0000, 0x0194},
    {0x0000, 0x0118, 0x011A, 0x0119, 0x8001, 0x0000, 0x0000, 0x0194},
    {0x0000, 0x0117, 0x011B, 0x0118, 0x8001, 0x0000, 0x0000, 0x0194},
    {0x0000, 0x011C, 0x011D, 0x011E, 0x8001, 0x0000, 0x0000, 0xFF3C},
    {0x0000, 0x011D, 0x011F, 0x011E, 0x8001, 0x0000, 0x0000, 0xFF3C},
    {0x0000, 0x011D, 0x0120, 0x011F, 0x8001, 0x0000, 0x0000, 0xFF3C},
    {0x0000, 0x0120, 0x0121, 0x011F, 0x8001, 0x0000, 0x0000, 0xFF3C},
    {0x0000, 0x0121, 0x0122, 0x011F, 0x8001, 0x0000, 0x0000, 0xFF3C},
    {0x0000, 0x0121, 0x0123, 0x0122, 0x8001, 0x0000, 0x0000, 0xFF3C},
    {0x0000, 0x0123, 0x0124, 0x0122, 0x8001, 0x0000, 0x0000, 0xFF3C},
    {0x0000, 0x0123, 0x0125, 0x0124, 0x8001, 0x0000, 0x0000, 0xFF3C},
    {0x0000, 0x0125, 0x0126, 0x0124, 0x8001, 0x0000, 0x0000, 0xFF3C},
    {0x0000, 0x0126, 0x0127, 0x0124, 0x8001, 0x0000, 0x0000, 0xFF3C},
    {0x0000, 0x0126, 0x0128, 0x0127, 0x8001, 0x0000, 0x0000, 0xFF3C},
    {0x0000, 0x0126, 0x0129, 0x0128, 0x8001, 0x0000, 0x0000, 0xFF3C},
    {0x0000, 0x0125, 0x012A, 0x0126, 0x8001, 0x0000, 0x0000, 0xFF3C},
    {0x0000, 0x012B, 0x012C, 0x012D, 0x8001, 0x0000, 0x0000, 0xFF3C},
    {0x0000, 0x012B, 0x012D, 0x012E, 0x8001, 0x0000, 0x0000, 0xFF3C},
    {0x0000, 0x012B, 0x012E, 0x012F, 0x8001, 0x0000, 0x0000, 0xFF3C},
    {0x0000, 0x0130, 0x0131, 0x0132, 0x7FFF, 0x0000, 0x0000, 0x018C},
    {0x0000, 0x0130, 0x0133, 0x0134, 0x7FFF, 0x0000, 0x0000, 0x018C},
    {0x0000, 0x0130, 0x0134, 0x0131, 0x7FFF, 0x0000, 0x0000, 0x018C},
    {0x0000, 0x0135, 0x0136, 0x0137, 0x7FFF, 0x0000, 0x0000, 0x00C4},
    {0x0000, 0x0135, 0x0138, 0x0136, 0x7FFF, 0x0000, 0x0000, 0x00C4},
    {0x0000, 0x0135, 0x0139, 0x0138, 0x7FFF, 0x0000, 0x0000, 0x00C4},
    {0x0000, 0x013A, 0x013B, 0x011D, 0x8001, 0x0000, 0x0000, 0xFF3C},
    {0x0000, 0x013A, 0x011D, 0x011C, 0x8001, 0x0000, 0x0000, 0xFF3C},
    {0x0000, 0x013C, 0x013D, 0x013E, 0x7FFF, 0x0000, 0x0000, 0xFE6C},
    {0x0000, 0x013C, 0x013E, 0x013F, 0x7FFF, 0x0000, 0x0000, 0xFE6C},
    {0x0000, 0x0140, 0x0141, 0x0142, 0x8001, 0x0000, 0x0000, 0xFE74},
    {0x0000, 0x0140, 0x0142, 0x0143, 0x8001, 0x0000, 0x0000, 0xFE74},
    {0x0000, 0x012D, 0x0144, 0x012E, 0x8001, 0x0000, 0x0000, 0xFF3C},
    {0x0000, 0x0145, 0x0146, 0x0147, 0x8001, 0x0000, 0x0000, 0xFE74},
    {0x0000, 0x0145, 0x0147, 0x0148, 0x8001, 0x0000, 0x0000, 0xFE74},
    {0x0002, 0x0149, 0x014A, 0x0121, 0x8001, 0x0000, 0x0000, 0xFF3C},
    {0x0002, 0x0149, 0x0121, 0x0120, 0x8001, 0x0000, 0x0000, 0xFF3C},
    {0x0000, 0x014B, 0x014C, 0x014D, 0x7FFF, 0x0000, 0x0000, 0xFF34},
    {0x0000, 0x014B, 0x014D, 0x014E, 0x7FFF, 0x0000, 0x0000, 0xFF34},
    {0x0002, 0x014F, 0x0150, 0x0151, 0x7FFF, 0x0000, 0x0000, 0xFF34},
    {0x0002, 0x014F, 0x0151, 0x0152, 0x7FFF, 0x0000, 0x0000, 0xFF34},
    {0x0002, 0x0153, 0x0154, 0x0155, 0x7FFF, 0x0000, 0x0000, 0xFE6C},
    {0x0002, 0x0153, 0x0155, 0x0156, 0x7FFF, 0x0000, 0x0000, 0xFE6C},
    {0x0000, 0x0157, 0x0158, 0x0159, 0x8001, 0x0000, 0x0000, 0x0324},
    {0x0000, 0x0157, 0x0159, 0x015A, 0x8001, 0x0000, 0x0000, 0x0324},
    {0x0000, 0x0157, 0x015B, 0x0158, 0x8001, 0x0000, 0x0000, 0x0324},
    {0x0000, 0x015C, 0x015D, 0x015E, 0x7FFF, 0x0000, 0x0000, 0x031C},
    {0x0000, 0x015F, 0x0160, 0x0161, 0x7FFF, 0x0000, 0x0000, 0x031C},
    {0x0000, 0x015F, 0x0162, 0x0160, 0x7FFF, 0x0000, 0x0000, 0x031C},
    {0x0000, 0x015F, 0x0163, 0x0162, 0x7FFF, 0x0000, 0x0000, 0x031C},
    {0x0000, 0x0164, 0x0165, 0x0166, 0x7FFF, 0x0000, 0x0000, 0x031C},
    {0x0000, 0x0163, 0x0166, 0x0162, 0x7FFF, 0x0000, 0x0000, 0x031C},
    {0x0000, 0x0163, 0x0164, 0x0166, 0x7FFF, 0x0000, 0x0000, 0x031C},
    {0x0000, 0x0165, 0x015E, 0x0166, 0x7FFF, 0x0000, 0x0000, 0x031C},
    {0x0000, 0x015E, 0x0167, 0x0166, 0x7FFF, 0x0000, 0x0000, 0x031C},
    {0x0000, 0x0167, 0x0168, 0x0166, 0x7FFF, 0x0000, 0x0000, 0x031C},
    {0x0000, 0x0167, 0x0169, 0x0168, 0x7FFF, 0x0000, 0x0000, 0x031C},
    {0x0000, 0x0165, 0x015C, 0x015E, 0x7FFF, 0x0000, 0x0000, 0x031C},
    {0x0000, 0x016A, 0x016B, 0x016C, 0x7FFF, 0x0000, 0x0000, 0x04AC},
    {0x0000, 0x016A, 0x016C, 0x016D, 0x7FFF, 0x0000, 0x0000, 0x04AC},
    {0x0000, 0x0163, 0x016E, 0x0164, 0x7FFF, 0x0000, 0x0000, 0x031C},
    {0x0000, 0x011B, 0x016F, 0x0170, 0x8D84, 0xC6C2, 0x0000, 0x0BA3},
    {0x0000, 0x011B, 0x0170, 0x0171, 0x8D84, 0xC6C2, 0x0000, 0x0BA3},
    {0x0000, 0x0172, 0x0173, 0x0171, 0x8001, 0x0000, 0x0000, 0x0324},
    {0x0000, 0x0172, 0x0171, 0x0170, 0x8001, 0x0000, 0x0000, 0x0324},
    {0x0000, 0x0174, 0x016F, 0x0175, 0x8001, 0x0000, 0x0000, 0x0194},
    {0x0000, 0x0174, 0x0175, 0x0176, 0x8001, 0x0000, 0x0000, 0x0194},
    {0x0000, 0x0174, 0x0176, 0x0177, 0x8001, 0x0000, 0x0000, 0x0194},
    {0x0000, 0x0178, 0x0174, 0x0177, 0x8001, 0x0000, 0x0000, 0x0194},
    {0x0000, 0x0178, 0x0177, 0x0179, 0x8001, 0x0000, 0x0000, 0x0194},
    {0x0002, 0x017A, 0x017B, 0x017C, 0x8001, 0x0000, 0x0000, 0x00CC},
    {0x0002, 0x017A, 0x017C, 0x017D, 0x8001, 0x0000, 0x0000, 0x00CC},
    {0x0000, 0x0172, 0x017E, 0x0173, 0x8001, 0x0000, 0x0000, 0x0324},
    {0x0000, 0x0172, 0x017F, 0x0180, 0x8001, 0x0000, 0x0000, 0x0324},
    {0x0000, 0x0172, 0x0180, 0x017E, 0x8001, 0x0000, 0x0000, 0x0324},
    {0x0000, 0x0181, 0x011A, 0x0118, 0x8001, 0x0000, 0x0000, 0x0194},
    {0x0000, 0x0181, 0x0118, 0x0182, 0x8001, 0x0000, 0x0000, 0x0194},
    {0x0000, 0x0118, 0x0183, 0x0184, 0x8001, 0x0000, 0x0000, 0x0194},
    {0x0000, 0x0118, 0x0184, 0x0182, 0x8001, 0x0000, 0x0000, 0x0194},
    {0x0000, 0x011A, 0x0185, 0x0119, 0x8001, 0x0000, 0x0000, 0x0194},
    {0x0000, 0x011A, 0x0186, 0x0187, 0x8001, 0x0000, 0x0000, 0x0194},
    {0x0000, 0x011A, 0x0187, 0x0185, 0x8001, 0x0000, 0x0000, 0x0194},
    {0x0000, 0x0117, 0x0188, 0x011B, 0x8001, 0x0000, 0x0000, 0x0194},
    {0x0000, 0x0117, 0x0189, 0x0188, 0x8001, 0x0000, 0x0000, 0x0194},
    {0x0000, 0x018A, 0x018B, 0x018C, 0x8001, 0x0000, 0x0000, 0x03EC},
    {0x0000, 0x018A, 0x018C, 0x018D, 0x8001, 0x0000, 0x0000, 0x03EC},
    {0x0000, 0x018C, 0x018E, 0x018D, 0x8001, 0x0000, 0x0000, 0x03EC},
    {0x0000, 0x018E, 0x018F, 0x018D, 0x8001, 0x0000, 0x0000, 0x03EC},
    {0x0000, 0x018E, 0x0190, 0x018F, 0x8001, 0x0000, 0x0000, 0x03EC},
    {0x0000, 0x0190, 0x0191, 0x0192, 0x8001, 0x0000, 0x0000, 0x03EC},
    {0x0000, 0x0190, 0x0192, 0x018F, 0x8001, 0x0000, 0x0000, 0x03EC},
    {0x0000, 0x018A, 0x018D, 0x0193, 0x8001, 0x0000, 0x0000, 0x03EC},
    {0x0000, 0x018A, 0x0193, 0x0194, 0x8001, 0x0000, 0x0000, 0x03EC},
    {0x0000, 0x0195, 0x0180, 0x017F, 0x8001, 0x0000, 0x0000, 0x0324},
    {0x0000, 0x0195, 0x017F, 0x0196, 0x8001, 0x0000, 0x0000, 0x0324},
    {0x0000, 0x0197, 0x0198, 0x0199, 0x8001, 0x0000, 0x0000, 0x057C},
    {0x0000, 0x0197, 0x0199, 0x019A, 0x8001, 0x0000, 0x0000, 0x057C},
    {0x0000, 0x019B, 0x0197, 0x019A, 0x8001, 0x0000, 0x0000, 0x057C},
    {0x0000, 0x016D, 0x016C, 0x019C, 0x0000, 0x0000, 0x8001, 0x04CF},
    {0x0000, 0x016D, 0x019C, 0x019D, 0x0000, 0x0000, 0x8001, 0x04CF},
    {0x0000, 0x019C, 0x0168, 0x019D, 0x0000, 0x0000, 0x8001, 0x04CF},
    {0x0000, 0x019E, 0x0198, 0x0197, 0x0000, 0x0000, 0x8001, 0x02C7},
    {0x0000, 0x019E, 0x0197, 0x0193, 0x0000, 0x0000, 0x8001, 0x02C7},
    {0x0000, 0x019E, 0x0193, 0x018D, 0x0000, 0x0000, 0x8001, 0x02C7},
    {0x0000, 0x0196, 0x019F, 0x018A, 0x0000, 0x0000, 0x8001, 0x0457},
    {0x0000, 0x0196, 0x018A, 0x0194, 0x0000, 0x0000, 0x8001, 0x0457},
    {0x0000, 0x0196, 0x017F, 0x019F, 0x0000, 0x0000, 0x8001, 0x0457},
    {0x0000, 0x0141, 0x01A0, 0x0168, 0x0000, 0x0000, 0x8001, 0x04CF},
    {0x0000, 0x0142, 0x0141, 0x0168, 0x0000, 0x0000, 0x8001, 0x04CF},
    {0x0000, 0x0142, 0x0168, 0x01A1, 0x0000, 0x0000, 0x8001, 0x04CF},
    {0x0000, 0x0168, 0x0146, 0x01A1, 0x0000, 0x0000, 0x8001, 0x04CF},
    {0x0000, 0x0168, 0x0169, 0x0146, 0x0000, 0x0000, 0x8001, 0x04CF},
    {0x0000, 0x0169, 0x0147, 0x0146, 0x0000, 0x0000, 0x8001, 0x04CF},
    {0x0000, 0x0142, 0x01A1, 0x012B, 0x0000, 0x0000, 0x8001, 0x04CF},
    {0x0000, 0x01A1, 0x012C, 0x012B, 0x0000, 0x0000, 0x8001, 0x04CF},
    {0x0000, 0x0142, 0x012B, 0x01A2, 0x0000, 0x0000, 0x8001, 0x04CF},
    {0x0000, 0x0142, 0x01A2, 0x0186, 0x0000, 0x0000, 0x8001, 0x04CF},
    {0x0000, 0x01A2, 0x0187, 0x0186, 0x0000, 0x0000, 0x8001, 0x04CF},
    {0x0000, 0x0143, 0x011A, 0x0181, 0x0000, 0x0000, 0x8001, 0x033F},
    {0x0000, 0x0143, 0x0181, 0x0140, 0x0000, 0x0000, 0x8001, 0x033F},
    {0x0000, 0x0171, 0x0173, 0x0118, 0x0000, 0x0000, 0x8001, 0x02C7},
    {0x0000, 0x0171, 0x0118, 0x011B, 0x0000, 0x0000, 0x8001, 0x02C7},
    {0x0000, 0x012E, 0x0117, 0x0119, 0x0000, 0x0000, 0x8001, 0x033F},
    {0x0000, 0x012E, 0x0119, 0x012F, 0x0000, 0x0000, 0x8001, 0x033F},
    {0x0000, 0x0144, 0x0145, 0x0148, 0x0000, 0x0000, 0x8001, 0x0407},
    {0x0000, 0x0189, 0x0144, 0x0148, 0x0000, 0x0000, 0x8001, 0x0407},
    {0x0000, 0x0134, 0x0148, 0x01A3, 0x0000, 0x0000, 0x8001, 0x0407},
    {0x0000, 0x0134, 0x01A4, 0x0148, 0x0000, 0x0000, 0x8001, 0x0407},
    {0x0000, 0x01A4, 0x0189, 0x0148, 0x0000, 0x0000, 0x8001, 0x0407},
    {0x0000, 0x0134, 0x0133, 0x01A4, 0x0000, 0x0000, 0x8001, 0x0407},
    {0x0000, 0x01A4, 0x014C, 0x0189, 0x0000, 0x0000, 0x8001, 0x0407},
    {0x0000, 0x014C, 0x0188, 0x0189, 0x0000, 0x0000, 0x8001, 0x0407},
    {0x0000, 0x014C, 0x014B, 0x0188, 0x0000, 0x0000, 0x8001, 0x0407},
    {0x0000, 0x014E, 0x011B, 0x0188, 0xC1B5, 0xD679, 0x982E, 0x0A71},
    {0x0000, 0x014E, 0x0188, 0x014B, 0x0000, 0xE0F5, 0x83D3, 0x08B2},
    {0x0000, 0x0132, 0x015D, 0x014E, 0x0000, 0x0000, 0x8001, 0x033F},
    {0x0000, 0x0132, 0x014E, 0x014D, 0x0000, 0x0000, 0x8001, 0x033F},
    {0x0000, 0x0132, 0x015E, 0x015D, 0x0000, 0x0000, 0x8001, 0x033F},
    {0x0000, 0x0132, 0x0131, 0x015E, 0x0000, 0x0000, 0x8001, 0x033F},
    {0x0000, 0x01A5, 0x0192, 0x019A, 0x0000, 0x0000, 0x7FFF, 0x0059},
    {0x0000, 0x01A5, 0x019A, 0x0199, 0x0000, 0x0000, 0x7FFF, 0x0059},
    {0x0000, 0x01A5, 0x018F, 0x0192, 0x0000, 0x0000, 0x7FFF, 0x0059},
    {0x0000, 0x0190, 0x01A6, 0x0153, 0x0000, 0x0000, 0x7FFF, 0x0171},
    {0x0000, 0x0190, 0x0153, 0x0156, 0x0000, 0x0000, 0x7FFF, 0x0171},
    {0x0000, 0x0190, 0x0156, 0x015B, 0x0000, 0x0000, 0x7FFF, 0x0171},
    {0x0000, 0x0190, 0x015B, 0x0157, 0x0000, 0x0000, 0x7FFF, 0x0171},
    {0x0000, 0x0190, 0x0157, 0x0191, 0x0000, 0x0000, 0x7FFF, 0x0171},
    {0x0000, 0x0157, 0x01A7, 0x0191, 0x0000, 0x0000, 0x7FFF, 0x0171},
    {0x0000, 0x0157, 0x013C, 0x013F, 0x0000, 0x0000, 0x7FFF, 0x0171},
    {0x0000, 0x0157, 0x013F, 0x01A7, 0x0000, 0x0000, 0x7FFF, 0x0171},
    {0x0000, 0x013E, 0x013D, 0x013B, 0x0000, 0x0000, 0x7FFF, 0x00A9},
    {0x0000, 0x013E, 0x013B, 0x013A, 0x0000, 0x0000, 0x7FFF, 0x00A9},
    {0x0002, 0x0155, 0x0154, 0x014A, 0x0000, 0x0000, 0x7FFF, 0x00A9},
    {0x0002, 0x0155, 0x014A, 0x0149, 0x0000, 0x0000, 0x7FFF, 0x00A9},
    {0x0000, 0x01A6, 0x017D, 0x0153, 0x0000, 0x0000, 0x7FFF, 0x0171},
    {0x0000, 0x01A6, 0x0178, 0x017D, 0x0000, 0x0000, 0x7FFF, 0x0171},
    {0x0000, 0x0178, 0x017A, 0x017D, 0x0000, 0x0000, 0x7FFF, 0x0171},
    {0x0000, 0x0178, 0x0152, 0x017A, 0x0000, 0x0000, 0x7FFF, 0x0171},
    {0x0000, 0x0152, 0x01A8, 0x017A, 0x0000, 0x0000, 0x7FFF, 0x0171},
    {0x0000, 0x0178, 0x0179, 0x0152, 0x0000, 0x0000, 0x7FFF, 0x0171},
    {0x0000, 0x0179, 0x014F, 0x0152, 0x0000, 0x0000, 0x7FFF, 0x0171},
    {0x0000, 0x0179, 0x0129, 0x0126, 0x0000, 0x0000, 0x7FFF, 0x0171},
    {0x0000, 0x0179, 0x0126, 0x014F, 0x0000, 0x0000, 0x7FFF, 0x0171},
    {0x0000, 0x0179, 0x0136, 0x0129, 0x0000, 0x0000, 0x7FFF, 0x0171},
    {0x0000, 0x0136, 0x01A9, 0x0129, 0x0000, 0x0000, 0x7FFF, 0x0171},
    {0x0000, 0x0179, 0x0137, 0x0136, 0x0000, 0x0000, 0x7FFF, 0x0171},
    {0x0000, 0x01AA, 0x0121, 0x017C, 0x0000, 0x0000, 0x7FFF, 0x0301},
    {0x0000, 0x01AA, 0x017C, 0x017B, 0x0000, 0x0000, 0x7FFF, 0x0301},
    {0x0000, 0x01AA, 0x0123, 0x0121, 0x0000, 0x0000, 0x7FFF, 0x0301},
    {0x0000, 0x01AB, 0x011D, 0x015A, 0x0000, 0x0000, 0x7FFF, 0x0301},
    {0x0000, 0x01AB, 0x015A, 0x0159, 0x0000, 0x0000, 0x7FFF, 0x0301},
    {0x0000, 0x01AB, 0x0120, 0x011D, 0x0000, 0x0000, 0x7FFF, 0x0301},
    {0x0000, 0x011F, 0x0160, 0x01AC, 0x0000, 0x0000, 0x7FFF, 0x03C9},
    {0x0000, 0x011F, 0x0122, 0x0160, 0x0000, 0x0000, 0x7FFF, 0x03C9},
    {0x0000, 0x0122, 0x0161, 0x0160, 0x0000, 0x0000, 0x7FFF, 0x03C9},
    {0x0000, 0x01AD, 0x016B, 0x016A, 0x0000, 0x0000, 0x7FFF, 0xFFE1},
    {0x0000, 0x01AD, 0x016A, 0x0162, 0x0000, 0x0000, 0x7FFF, 0xFFE1},
    {0x0000, 0x01AD, 0x0162, 0x0166, 0x0000, 0x0000, 0x7FFF, 0xFFE1},
    {0x0002, 0x0150, 0x012A, 0x0125, 0x0000, 0x0000, 0x7FFF, 0x00A9},
    {0x0002, 0x0150, 0x0125, 0x0151, 0x0000, 0x0000, 0x7FFF, 0x00A9},
    {0x0000, 0x01AE, 0x0174, 0x018C, 0x0000, 0x0000, 0x7FFF, 0xFEC9},
    {0x0000, 0x01AE, 0x018C, 0x018B, 0x0000, 0x0000, 0x7FFF, 0xFEC9},
    {0x0000, 0x01AE, 0x0172, 0x0174, 0x0000, 0x0000, 0x7FFF, 0xFEC9},
    {0x0000, 0x0172, 0x0170, 0x016F, 0x0000, 0x0000, 0x7FFF, 0xFEC9},
    {0x0000, 0x0172, 0x016F, 0x0174, 0x0000, 0x0000, 0x7FFF, 0xFEC9},
    {0x0000, 0x0176, 0x0175, 0x01AF, 0x0000, 0x0000, 0x7FFF, 0x00A9},
    {0x0000, 0x0176, 0x01AF, 0x01B0, 0x0000, 0x0000, 0x7FFF, 0x00A9},
    {0x0000, 0x0176, 0x01B0, 0x01B1, 0x0000, 0x0000, 0x7FFF, 0x00A9},
    {0x0000, 0x0176, 0x01B1, 0x0139, 0x0000, 0x0000, 0x7FFF, 0x00A9},
    {0x0000, 0x015C, 0x0139, 0x01B1, 0x0000, 0x0000, 0x7FFF, 0x00A9},
    {0x0000, 0x015C, 0x01B1, 0x01B2, 0x0000, 0x0000, 0x7FFF, 0x00A9},
    {0x0000, 0x015C, 0x0165, 0x0139, 0x0000, 0x0000, 0x7FFF, 0x00A9},
    {0x0000, 0x0128, 0x016E, 0x0163, 0x0000, 0x0000, 0x7FFF, 0x0239},
    {0x0000, 0x0128, 0x0163, 0x0127, 0x0000, 0x0000, 0x7FFF, 0x0239},
    {0x0000, 0x0165, 0x0138, 0x0139, 0x0000, 0x0000, 0x7FFF, 0x00A9},
    {0x0000, 0x0175, 0x01B2, 0x01AF, 0x0000, 0x0000, 0x7FFF, 0x00A9},
    {0x0000, 0x0175, 0x015C, 0x01B2, 0x0000, 0x0000, 0x7FFF, 0x00A9},
    {0x0000, 0x015C, 0x0175, 0x016F, 0x0000, 0x8001, 0x0000, 0x16DE},
    {0x0000, 0x015C, 0x016F, 0x011B, 0x0000, 0x8001, 0x0000, 0x16DE},
    {0x0000, 0x015C, 0x011B, 0x014E, 0x0000, 0x8001, 0x0000, 0x16DE},
    {0x0000, 0x015C, 0x014E, 0x015D, 0x0000, 0x8001, 0x0000, 0x16DE},
    {0x0003, 0x0154, 0x0153, 0x017D, 0x0000, 0x7FFF, 0x0000, 0xFA52},
    {0x0003, 0x0154, 0x017D, 0x014A, 0x0000, 0x7FFF, 0x0000, 0xFA52},
    {0x0001, 0x017D, 0x0121, 0x014A, 0x0000, 0x7FFF, 0x0000, 0xFA52},
    {0x0001, 0x017D, 0x017C, 0x0121, 0x0000, 0x7FFF, 0x0000, 0xFA52},
    {0x0003, 0x0126, 0x012A, 0x0150, 0x0000, 0x7FFF, 0x0000, 0xF66A},
    {0x0003, 0x0126, 0x0150, 0x014F, 0x0000, 0x7FFF, 0x0000, 0xF66A},
    {0x0001, 0x0189, 0x0117, 0x012E, 0x0000, 0x7FFF, 0x0000, 0xF34A},
    {0x0001, 0x0189, 0x012E, 0x0144, 0x0000, 0x7FFF, 0x0000, 0xF34A},
    {0x0001, 0x0143, 0x0142, 0x0186, 0x0000, 0x7FFF, 0x0000, 0xF66A},
    {0x0001, 0x0143, 0x0186, 0x011A, 0x0000, 0x7FFF, 0x0000, 0xF66A},
    {0x0001, 0x013D, 0x013C, 0x013B, 0x0000, 0x7FFF, 0x0000, 0xFCAA},
    {0x0001, 0x013C, 0x011D, 0x013B, 0x0000, 0x7FFF, 0x0000, 0xFCAA},
    {0x0001, 0x013C, 0x015A, 0x011D, 0x0000, 0x7FFF, 0x0000, 0xFCAA},
    {0x0001, 0x013C, 0x0157, 0x015A, 0x0000, 0x7FFF, 0x0000, 0xFCAA},
    {0x0000, 0x01AD, 0x019C, 0x016C, 0x0000, 0x8001, 0x0000, 0x07DE},
    {0x0000, 0x01AD, 0x016C, 0x016B, 0x0000, 0x8001, 0x0000, 0x07DE},
    {0x0000, 0x01B3, 0x01B4, 0x01B5, 0x0000, 0x8001, 0x0000, 0x0266},
    {0x0000, 0x01B5, 0x01B6, 0x01B3, 0x0000, 0x8001, 0x0000, 0x0266},
    {0x0000, 0x01B5, 0x01B7, 0x01B8, 0x0000, 0x8152, 0x124C, 0x0297},
    {0x0000, 0x01B5, 0x01B8, 0x01B6, 0xFB10, 0x8047, 0x06C2, 0x0287},
    {0x0000, 0x01B5, 0x01B9, 0x01B7, 0xF455, 0x8089, 0x0000, 0x0285},
    {0x0000, 0x01B8, 0x01BA, 0x01B6, 0x221F, 0x84A3, 0x0000, 0x0279},
    {0x0002, 0x0198, 0x019E, 0x01A5, 0x0000, 0x8001, 0x0000, 0x0586},
    {0x0002, 0x0198, 0x01A5, 0x0199, 0x0000, 0x8001, 0x0000, 0x0586},
    {0x0000, 0x0179, 0x01BB, 0x01BC, 0x0000, 0x81A9, 0x1488, 0x0BDA},
    {0x0000, 0x0179, 0x01BC, 0x0137, 0x0000, 0x81A9, 0x1488, 0x0BDA},
    {0x0000, 0x01BC, 0x0135, 0x0137, 0x1DB3, 0x837F, 0x0000, 0x0BA1},
    {0x0000, 0x0179, 0x0177, 0x01BB, 0xF5E3, 0x8067, 0x0000, 0x0BDC},
    {0x0002, 0x0122, 0x0124, 0x015F, 0x0000, 0x8001, 0x0000, 0x096E},
    {0x0002, 0x0122, 0x015F, 0x0161, 0x0000, 0x8001, 0x0000, 0x096E},
    {0x0000, 0x0128, 0x0164, 0x016E, 0x0000, 0x8001, 0x0000, 0x0AFE},
    {0x0000, 0x0128, 0x01A9, 0x0164, 0x0000, 0x8001, 0x0000, 0x0AFE},
    {0x0000, 0x01A9, 0x01BD, 0x0164, 0x0000, 0x8001, 0x0000, 0x0AFE},
    {0x0000, 0x0128, 0x0129, 0x01A9, 0x0000, 0x8001, 0x0000, 0x0AFE},
    {0x0002, 0x01BE, 0x01AB, 0x0159, 0x0000, 0x8001, 0x0000, 0x04BE},
    {0x0002, 0x0159, 0x0158, 0x01BE, 0x0000, 0x8001, 0x0000, 0x04BE},
    {0x0002, 0x01BE, 0x01BF, 0x01C0, 0x0000, 0x8152, 0x124C, 0x04E9},
    {0x0002, 0x01BE, 0x01C0, 0x01AB, 0xFB10, 0x8047, 0x06C2, 0x04DE},
    {0x0002, 0x01C0, 0x01C1, 0x01AB, 0x221F, 0x84A3, 0x0000, 0x04BC},
    {0x0002, 0x01BE, 0x01C2, 0x01BF, 0xF455, 0x8089, 0x0000, 0x04DA},
    {0x0002, 0x017A, 0x01A8, 0x017B, 0x0000, 0x8001, 0x0000, 0x08A6},
    {0x0002, 0x01A8, 0x01AA, 0x017B, 0x0000, 0x8001, 0x0000, 0x08A6},
    {0x0002, 0x01A8, 0x01C3, 0x01C4, 0x0000, 0x81A9, 0x1488, 0x08C5},
    {0x0002, 0x01A8, 0x01C4, 0x01AA, 0xF689, 0x809C, 0x080B, 0x08BF},
    {0x0002, 0x01C4, 0x01C5, 0x01AA, 0x19DE, 0x82A5, 0x0000, 0x089C},
    {0x0002, 0x01A8, 0x01C6, 0x01C3, 0xE1C7, 0x83A0, 0x0000, 0x088E},
    {0x0002, 0x0190, 0x01C7, 0x01A6, 0x0000, 0x8001, 0x0000, 0x064E},
    {0x0002, 0x0190, 0x018E, 0x01C7, 0x0000, 0x8001, 0x0000, 0x064E},
    {0x0000, 0x018A, 0x019F, 0x01AE, 0x0000, 0x8001, 0x0000, 0x0716},
    {0x0000, 0x018A, 0x01AE, 0x018B, 0x0000, 0x8001, 0x0000, 0x0716},
    {0x0000, 0x0180, 0x01C8, 0x01C9, 0x0000, 0x8001, 0x0000, 0x07DE},
    {0x0000, 0x0180, 0x01C9, 0x017E, 0x0000, 0x8001, 0x0000, 0x07DE},
    {0x0000, 0x01A2, 0x01CA, 0x01CB, 0x0000, 0x8056, 0xF6C8, 0x0C17},
    {0x0000, 0x01A2, 0x01CB, 0x0187, 0x0000, 0x8056, 0xF6C8, 0x0C17},
    {0x0000, 0x01CB, 0x0185, 0x0187, 0xF619, 0x8063, 0x0000, 0x0BDC},
    {0x0000, 0x01A2, 0x01CC, 0x01CA, 0x1AAE, 0x82D1, 0x0000, 0x0BA8},
    {0x0000, 0x01A0, 0x01CD, 0x01CE, 0x0000, 0x8056, 0xF6C8, 0x08F9},
    {0x0000, 0x01A0, 0x01CE, 0x0184, 0x0000, 0x8056, 0xF6C8, 0x08F9},
    {0x0000, 0x01CE, 0x0182, 0x0184, 0xF40A, 0x8090, 0x0000, 0x08C2},
    {0x0000, 0x01A0, 0x01CF, 0x01CD, 0x0C01, 0x8091, 0x0000, 0x08BE},
    {0x0000, 0x0167, 0x0147, 0x0169, 0x0000, 0x8001, 0x0000, 0x0D56},
    {0x0000, 0x0167, 0x01A3, 0x0147, 0x0000, 0x8001, 0x0000, 0x0D56},
    {0x0000, 0x0167, 0x01D0, 0x01A3, 0x0000, 0x8001, 0x0000, 0x0D56},
    {0x0000, 0x01A3, 0x0148, 0x0147, 0x0000, 0x8001, 0x0000, 0x0D56},
    {0x0000, 0x01A1, 0x01D1, 0x012D, 0x0000, 0x8001, 0x0000, 0x0C8E},
    {0x0000, 0x01A1, 0x012D, 0x012C, 0x0000, 0x8001, 0x0000, 0x0C8E},
    {0x0000, 0x0130, 0x01D2, 0x0133, 0x0953, 0x8058, 0x0000, 0x0E31},
    {0x0000, 0x01D2, 0x01D3, 0x01A4, 0x0000, 0x81A9, 0xEB78, 0x0E95},
    {0x0000, 0x01D2, 0x01A4, 0x0133, 0x0000, 0x81A9, 0xEB78, 0x0E95},
    {0x0000, 0x01D3, 0x01D4, 0x01A4, 0xE062, 0x83F8, 0x0000, 0x0DD7},
    {0x0000, 0x0168, 0x019C, 0x01AD, 0x5A82, 0xA57E, 0x0000, 0x07DF},
    {0x0000, 0x0168, 0x01AD, 0x0166, 0x5A82, 0xA57E, 0x0000, 0x07DF},
    {0x0000, 0x01B5, 0x013E, 0x01B9, 0x5A82, 0xA57E, 0x0000, 0x00B1},
    {0x0000, 0x01B5, 0x013F, 0x013E, 0x5A82, 0xA57E, 0x0000, 0x00B1},
    {0x0000, 0x01B9, 0x013E, 0x01B7, 0xF819, 0xA9B4, 0x5E33, 0x024E},
    {0x0000, 0x013E, 0x013A, 0x01B8, 0x0000, 0x8731, 0x2A49, 0x02A1},
    {0x0000, 0x013E, 0x01B8, 0x01B7, 0x0000, 0x8731, 0x2A49, 0x02A1},
    {0x0000, 0x013A, 0x01BA, 0x01B8, 0x1585, 0xB232, 0x6354, 0x0232},
    {0x0000, 0x01BA, 0x013A, 0x01B6, 0xA57E, 0xA57E, 0x0000, 0x0144},
    {0x0000, 0x013A, 0x011C, 0x01B6, 0xA57E, 0xA57E, 0x0000, 0x0144},
    {0x0000, 0x01B4, 0x01A7, 0x013F, 0x0000, 0xC6C2, 0x727C, 0x026F},
    {0x0000, 0x01B4, 0x013F, 0x01B5, 0x0000, 0xC6C2, 0x727C, 0x026F},
    {0x0002, 0x0151, 0x01A8, 0x0152, 0x5A82, 0xA57E, 0x0000, 0x05AA},
    {0x0002, 0x0151, 0x01C6, 0x01A8, 0x5A82, 0xA57E, 0x0000, 0x05AA},
    {0x0000, 0x0177, 0x0176, 0x01BB, 0xF8D6, 0xA5A3, 0x5A5D, 0x08FA},
    {0x0000, 0x0176, 0x0139, 0x01BC, 0x0000, 0x8731, 0x2A49, 0x0B7A},
    {0x0000, 0x0176, 0x01BC, 0x01BB, 0x0000, 0x8731, 0x2A49, 0x0B7A},
    {0x0000, 0x0139, 0x0135, 0x01BC, 0x154A, 0xA6C1, 0x593F, 0x08E8},
    {0x0000, 0x01BD, 0x0138, 0x0165, 0x0000, 0xA57E, 0x5A82, 0x085A},
    {0x0000, 0x01BD, 0x0165, 0x0164, 0x0000, 0xA57E, 0x5A82, 0x085A},
    {0x0000, 0x0136, 0x0138, 0x01BD, 0x727C, 0xC6C2, 0x0000, 0x05AC},
    {0x0000, 0x0136, 0x01BD, 0x01A9, 0x727C, 0xC6C2, 0x0000, 0x05AC},
    {0x0000, 0x0124, 0x0127, 0x0163, 0x0000, 0xC6C2, 0x727C, 0x0646},
    {0x0000, 0x0124, 0x0163, 0x015F, 0x0000, 0xC6C2, 0x727C, 0x0646},
    {0x0000, 0x0167, 0x015E, 0x0131, 0x0000, 0xA57E, 0xA57E, 0x0BD6},
    {0x0000, 0x0167, 0x0131, 0x01D0, 0x0000, 0xA57E, 0xA57E, 0x0BD6},
    {0x0000, 0x01A3, 0x01D0, 0x0131, 0x727C, 0xC6C2, 0x0000, 0x076B},
    {0x0000, 0x01A3, 0x0131, 0x0134, 0x727C, 0xC6C2, 0x0000, 0x076B},
    {0x0000, 0x01A2, 0x012F, 0x01CC, 0x8D84, 0xC6C2, 0x0000, 0x04A6},
    {0x0000, 0x01A2, 0x012B, 0x012F, 0x8D84, 0xC6C2, 0x0000, 0x04A6},
    {0x0000, 0x01CC, 0x012F, 0x01CA, 0x121B, 0xAB0B, 0xA1FE, 0x0A69},
    {0x0000, 0x012F, 0x0119, 0x01CB, 0x0000, 0x8731, 0xD5B7, 0x0C55},
    {0x0000, 0x012F, 0x01CB, 0x01CA, 0x0000, 0x8731, 0xD5B7, 0x0C55},
    {0x0000, 0x0119, 0x0185, 0x01CB, 0xF8FC, 0xA5A1, 0xA5A1, 0x0ACD},
    {0x0000, 0x0130, 0x0132, 0x01D2, 0x069A, 0xA59D, 0xA59D, 0x0C74},
    {0x0000, 0x0132, 0x014D, 0x01D3, 0x0000, 0x8731, 0xD5B7, 0x0E8B},
    {0x0000, 0x0132, 0x01D3, 0x01D2, 0x0000, 0x8731, 0xD5B7, 0x0E8B},
    {0x0000, 0x014D, 0x01D4, 0x01D3, 0xEBEB, 0xB138, 0x9D24, 0x0B6B},
    {0x0000, 0x01D4, 0x014D, 0x01A4, 0x5A82, 0xA57E, 0x0000, 0x0988},
    {0x0000, 0x014D, 0x014C, 0x01A4, 0x5A82, 0xA57E, 0x0000, 0x0988},
    {0x0000, 0x01D1, 0x0145, 0x0144, 0x0000, 0xA57E, 0xA57E, 0x0BD6},
    {0x0000, 0x01D1, 0x0144, 0x012D, 0x0000, 0xA57E, 0xA57E, 0x0BD6},
    {0x0000, 0x01A1, 0x0146, 0x0145, 0x8D84, 0xC6C2, 0x0000, 0x044D},
    {0x0000, 0x01A1, 0x0145, 0x01D1, 0x8D84, 0xC6C2, 0x0000, 0x044D},
    {0x0000, 0x01A0, 0x0140, 0x01CF, 0xA57E, 0xA57E, 0x0000, 0x0522},
    {0x0000, 0x01A0, 0x0141, 0x0140, 0xA57E, 0xA57E, 0x0000, 0x0522},
    {0x0000, 0x01CF, 0x0140, 0x01CD, 0x081E, 0xA9D3, 0xA1B5, 0x086B},
    {0x0000, 0x0140, 0x0181, 0x01CE, 0x0000, 0x8731, 0xD5B7, 0x0962},
    {0x0000, 0x0140, 0x01CE, 0x01CD, 0x0000, 0x8731, 0xD5B7, 0x0962},
    {0x0000, 0x0181, 0x0182, 0x01CE, 0xF786, 0xA5B1, 0xA5B1, 0x089B},
    {0x0002, 0x019E, 0x018D, 0x018F, 0x8D84, 0xC6C2, 0x0000, 0x060C},
    {0x0002, 0x019E, 0x018F, 0x01A5, 0x8D84, 0xC6C2, 0x0000, 0x060C},
    {0x0000, 0x019F, 0x017F, 0x0172, 0x8D84, 0xC6C2, 0x0000, 0x060C},
    {0x0000, 0x019F, 0x0172, 0x01AE, 0x8D84, 0xC6C2, 0x0000, 0x060C},
    {0x0000, 0x0118, 0x0173, 0x017E, 0x0000, 0xA57E, 0xA57E, 0x07A3},
    {0x0000, 0x0118, 0x017E, 0x01C9, 0x0000, 0xA57E, 0xA57E, 0x07A3},
    {0x0000, 0x01C8, 0x0183, 0x0118, 0x8D84, 0xC6C2, 0x0000, 0x0500},
    {0x0000, 0x01C8, 0x0118, 0x01C9, 0x8D84, 0xC6C2, 0x0000, 0x0500},
    {0x0002, 0x01C7, 0x0174, 0x0178, 0xA57E, 0xA57E, 0x0000, 0x05AF},
    {0x0002, 0x01C7, 0x0178, 0x01A6, 0xA57E, 0xA57E, 0x0000, 0x05AF},
    {0x0002, 0x01C2, 0x0155, 0x01BF, 0xF819, 0xA9B4, 0x5E33, 0x03E3},
    {0x0002, 0x0155, 0x0149, 0x01C0, 0x0000, 0x8731, 0x2A49, 0x04D7},
    {0x0002, 0x0155, 0x01C0, 0x01BF, 0x0000, 0x8731, 0x2A49, 0x04D7},
    {0x0002, 0x0149, 0x01C1, 0x01C0, 0x1585, 0xB232, 0x6354, 0x039E},
    {0x0002, 0x018E, 0x018C, 0x0174, 0x0000, 0xA57E, 0x5A82, 0x03B6},
    {0x0002, 0x018E, 0x0174, 0x01C7, 0x0000, 0xA57E, 0x5A82, 0x03B6},
    {0x0002, 0x0158, 0x015B, 0x0156, 0x0000, 0xC6C2, 0x727C, 0x037B},
    {0x0002, 0x0158, 0x0156, 0x01BE, 0x0000, 0xC6C2, 0x727C, 0x037B},
    {0x0002, 0x01BE, 0x0155, 0x01C2, 0x5A82, 0xA57E, 0x0000, 0x0259},
    {0x0002, 0x01BE, 0x0156, 0x0155, 0x5A82, 0xA57E, 0x0000, 0x0259},
    {0x0002, 0x01C1, 0x0149, 0x01AB, 0xA57E, 0xA57E, 0x0000, 0x02EC},
    {0x0002, 0x0149, 0x0120, 0x01AB, 0xA57E, 0xA57E, 0x0000, 0x02EC},
    {0x0002, 0x01C5, 0x0125, 0x01AA, 0x8D84, 0xC6C2, 0x0000, 0x0341},
    {0x0002, 0x0125, 0x0123, 0x01AA, 0x8D84, 0xC6C2, 0x0000, 0x0341},
    {0x0002, 0x01C6, 0x0151, 0x01C3, 0xECBA, 0xB0AF, 0x6297, 0x0616},
    {0x0002, 0x0151, 0x0125, 0x01C4, 0x0000, 0x8731, 0x2A49, 0x0887},
    {0x0002, 0x0151, 0x01C4, 0x01C3, 0x0000, 0x8731, 0x2A49, 0x0887},
    {0x0002, 0x0125, 0x01C5, 0x01C4, 0x1192, 0xAADA, 0x5DEF, 0x0672},
    {0x0000, 0x01D5, 0x01D6, 0x009B, 0xD077, 0x8929, 0x0000, 0x0340},
    {0x0000, 0x009B, 0x01D7, 0x01D5, 0xBD7F, 0xB2AB, 0xB2AB, 0x0440},
    {0x0000, 0x009B, 0x019D, 0x01D7, 0xAC8B, 0x0000, 0x9EF5, 0x019E},
    {0x0000, 0x009B, 0x016D, 0x019D, 0x0000, 0xCD70, 0x8A6A, 0x06A9},
    {0x0000, 0x016D, 0x009B, 0x0098, 0xD565, 0xA068, 0xB651, 0x0574},
    {0x0000, 0x016D, 0x0098, 0x01D8, 0xA5C0, 0xA7FD, 0xE9D0, 0x0172},
    {0x0000, 0x0098, 0x009A, 0x01D8, 0x0000, 0x8001, 0x0000, 0x04E6},
    {0x0000, 0x0192, 0x01D9, 0x019A, 0x0000, 0x8DBA, 0x39A8, 0x01BD},
    {0x0000, 0x0192, 0x0191, 0x01D9, 0xC7C6, 0x8D04, 0x0000, 0x0351},
    {0x0000, 0x0191, 0x01DA, 0x01D9, 0xC1E6, 0xA0EA, 0x3B0A, 0x03E3},
    {0x0000, 0x01DB, 0x01DC, 0x01DA, 0xAB4B, 0xA00B, 0x0000, 0x0368},
    {0x0000, 0x01DA, 0x0191, 0x01DB, 0x0000, 0x8CD4, 0x37D7, 0x023A},
    {0x0000, 0x01DD, 0x01DE, 0x01DC, 0x0000, 0x91FE, 0x416E, 0x030F},
    {0x0000, 0x01DD, 0x011E, 0x01DE, 0xDAD9, 0x8584, 0x0000, 0x017A},
    {0x0000, 0x0160, 0x0162, 0x01DF, 0x6A56, 0xB8C1, 0x0000, 0x05BF},
    {0x0000, 0x0162, 0x016A, 0x01DF, 0x0000, 0x924D, 0x41F3, 0x04CE},
    {0x0000, 0x016D, 0x01E0, 0x016A, 0x631A, 0xAEFF, 0x0000, 0x0736},
    {0x0000, 0x016D, 0x01D8, 0x01E0, 0x747C, 0xDFEB, 0xD5BF, 0x0743},
    {0x0000, 0x01E1, 0x0193, 0x0197, 0x0000, 0xA57E, 0xA57E, 0x04E0},
    {0x0000, 0x01E1, 0x0197, 0x01E2, 0x0000, 0xA57E, 0xA57E, 0x04E0},
    {0x0000, 0x01E3, 0x0194, 0x0193, 0xA57E, 0xA57E, 0x0000, 0x05AF},
    {0x0000, 0x01E3, 0x0193, 0x01E1, 0xA57E, 0xA57E, 0x0000, 0x05AF},
    {0x0000, 0x0196, 0x0194, 0x01E3, 0x0000, 0xA57E, 0xA57E, 0x05FB},
    {0x0000, 0x0196, 0x01E3, 0x01E4, 0x0000, 0xA57E, 0xA57E, 0x05FB},
    {0x0000, 0x01E5, 0x0196, 0x01E4, 0xA57E, 0xA57E, 0x0000, 0x0522},
    {0x0000, 0x01E5, 0x01E4, 0x01E6, 0xA57E, 0xA57E, 0x0000, 0x0522},
    {0x0000, 0x01E7, 0x00E0, 0x0195, 0x0000, 0xA57E, 0xA57E, 0x06DD},
    {0x0000, 0x01E7, 0x0195, 0x01E8, 0x0000, 0xA57E, 0xA57E, 0x06DD},
    {0x0000, 0x01D5, 0x01D7, 0x00DD, 0x0000, 0xA57E, 0xA57E, 0x06DD},
    {0x0000, 0x01D5, 0x00DD, 0x01E9, 0x0000, 0xA57E, 0xA57E, 0x06DD},
    {0x0000, 0x01DD, 0x011C, 0x011E, 0x8001, 0x0000, 0x0000, 0xFF3C},
    {0x0000, 0x01B6, 0x011C, 0x01DD, 0x0000, 0x0000, 0x7FFF, 0x0301},
    {0x0000, 0x01DC, 0x01B3, 0x01B6, 0x0000, 0x0000, 0x7FFF, 0x0301},
    {0x0000, 0x01DC, 0x01B6, 0x01DD, 0x0000, 0x0000, 0x7FFF, 0x0301},
    {0x0000, 0x01DC, 0x01DB, 0x01B4, 0x8001, 0x0000, 0x0000, 0x0324},
    {0x0000, 0x01DC, 0x01B4, 0x01B3, 0x8001, 0x0000, 0x0000, 0x0324},
    {0x0000, 0x01DB, 0x01A7, 0x01B4, 0x8001, 0x0000, 0x0000, 0x0324},
    {0x0000, 0x0191, 0x01A7, 0x01DB, 0x0000, 0x0000, 0x7FFF, 0x0171},
    {0x0000, 0x0195, 0x01E5, 0x01EA, 0x8001, 0x0000, 0x0000, 0x0324},
    {0x0000, 0x0196, 0x01E5, 0x0195, 0x8001, 0x0000, 0x0000, 0x0324},
    {0x0000, 0x01EB, 0x01EC, 0x01ED, 0xCF97, 0x0CC8, 0x75CC, 0xFF56},
    {0x0000, 0x01EE, 0x01D9, 0x01DA, 0xA11E, 0xEC4B, 0x539E, 0x048F},
    {0x0000, 0x01EE, 0x01EF, 0x01D9, 0x89F4, 0x1088, 0x2EA2, 0x04B4},
    {0x0000, 0x01EF, 0x019A, 0x01D9, 0x9765, 0x2730, 0x3E7D, 0x041C},
    {0x0000, 0x01EF, 0x019B, 0x019A, 0x80D8, 0xF160, 0x0000, 0x05A7},
    {0x0000, 0x01DC, 0x01EE, 0x01DA, 0xA0BF, 0xEC8E, 0x5341, 0x0490},
    {0x0000, 0x01EE, 0x01EB, 0x01ED, 0x89DE, 0x0D3B, 0x2F77, 0x04A1},
    {0x0000, 0x01EE, 0x01F0, 0x01EB, 0x8BB4, 0x173E, 0x3025, 0x04F2},
    {0x0000, 0x011E, 0x01F1, 0x01DE, 0xF5B6, 0x1E1D, 0x7BFA, 0x0330},
    {0x0000, 0x01F1, 0x01F2, 0x01DE, 0x0000, 0x0A1C, 0x7F99, 0x037A},
    {0x0002, 0x01AC, 0x011E, 0x011F, 0x0000, 0x0000, 0x7FFF, 0x03C9},
    {0x0000, 0x01AC, 0x01F1, 0x011E, 0x0756, 0x0B01, 0x7F50, 0x03A8},
    {0x0000, 0x01F2, 0x01DC, 0x01DE, 0xE8F7, 0xE323, 0x7A8E, 0x03D7},
    {0x0002, 0x01F1, 0x01F3, 0x01EE, 0x0000, 0xCB9F, 0x74CA, 0x02FD},
    {0x0002, 0x01F1, 0x01EE, 0x01F2, 0x0000, 0xCB9F, 0x74CA, 0x02FD},
    {0x0002, 0x01F4, 0x01F1, 0x01F5, 0xA2FC, 0x09B6, 0x5764, 0x0012},
    {0x0002, 0x01F6, 0x01F3, 0x01F1, 0xAACB, 0xCC39, 0x5043, 0xFFE1},
    {0x0002, 0x01F6, 0x01F1, 0x01F4, 0xAA9A, 0xCC7F, 0x503C, 0xFFE0},
    {0x0000, 0x01F5, 0x01AC, 0x01F7, 0x77ED, 0x012F, 0x2CB7, 0x0434},
    {0x0000, 0x01AC, 0x01DF, 0x01F7, 0x778F, 0x0416, 0x2D85, 0x0425},
    {0x0000, 0x01DF, 0x016A, 0x01E0, 0x7719, 0x0109, 0x2EE0, 0x0442},
    {0x0000, 0x01DF, 0x01E0, 0x01F7, 0x76E3, 0x06A9, 0x2EF3, 0x040E},
    {0x0000, 0x01AC, 0x0160, 0x01DF, 0x76CB, 0x0000, 0x2FA9, 0x044C},
    {0x0000, 0x01F8, 0x01F9, 0x01F5, 0x6AB9, 0xC8D5, 0x2C28, 0x0443},
    {0x0000, 0x01F8, 0x01F5, 0x01F7, 0x685B, 0xC0EB, 0x26E9, 0x041D},
    {0x0000, 0x01F5, 0x01F9, 0x01FA, 0x6338, 0xCEBD, 0xBFE0, 0x0103},
    {0x0000, 0x01EF, 0x01FB, 0x019B, 0x91CF, 0xF5E6, 0x4055, 0x0377},
    {0x0000, 0x01FB, 0x0197, 0x019B, 0x8AB8, 0x0000, 0x3345, 0x03EA},
    {0x0000, 0x01EF, 0x01FC, 0x01FB, 0x8A3F, 0x0C16, 0xCF4F, 0x06CC},
    {0x0000, 0x01EF, 0x01FD, 0x01FC, 0x9477, 0x1468, 0xBDA5, 0x06E0},
    {0x0002, 0x01FD, 0x01EF, 0x01FE, 0x8A01, 0x089A, 0xCF27, 0x06C1},
    {0x0002, 0x01FE, 0x01FF, 0x01FD, 0x89F4, 0x08AA, 0xCF49, 0x06BF},
    {0x0002, 0x01EC, 0x0200, 0x01EF, 0x98B9, 0xC067, 0xD71C, 0x04A0},
    {0x0000, 0x01EF, 0x0200, 0x01FE, 0x9AD0, 0xBDBF, 0xD61D, 0x0481},
    {0x0000, 0x0201, 0x01D8, 0x0202, 0x75F5, 0x088D, 0xCF0D, 0x0618},
    {0x0000, 0x0201, 0x0203, 0x01D8, 0x75F9, 0x089E, 0xCF1A, 0x0617},
    {0x0000, 0x0203, 0x01E0, 0x01D8, 0x7600, 0x0888, 0xCF28, 0x0617},
    {0x0000, 0x0201, 0x0204, 0x0203, 0x67CF, 0xC2B7, 0xD4F9, 0x0687},
    {0x0000, 0x0204, 0x0205, 0x0203, 0x67DE, 0xC2CD, 0xD500, 0x0687},
    {0x0000, 0x01EE, 0x0206, 0x01F0, 0x8B97, 0x175B, 0x2FD1, 0x04F0},
    {0x0000, 0x0207, 0x0208, 0x0209, 0x4967, 0x9724, 0x0000, 0x031C},
    {0x0000, 0x020A, 0x0207, 0x0209, 0x4967, 0x9724, 0x0000, 0x031C},
    {0x0000, 0x020B, 0x020C, 0x020D, 0xB699, 0x9724, 0x0000, 0x0320},
    {0x0000, 0x020B, 0x020D, 0x020E, 0xB699, 0x9724, 0x0000, 0x0320},
    {0x0000, 0x020D, 0x0207, 0x020A, 0x0000, 0x8731, 0xD5B7, 0x05B2},
    {0x0000, 0x020D, 0x020A, 0x020E, 0x0000, 0x8731, 0xD5B7, 0x05B2},
    {0x0000, 0x020F, 0x0209, 0x0210, 0x0000, 0x8001, 0x0000, 0x04D8},
    {0x0000, 0x0211, 0x0209, 0x020F, 0x0000, 0x8001, 0x0000, 0x04D8},
    {0x0000, 0x0212, 0x020A, 0x0211, 0x0000, 0x8001, 0x0000, 0x04D8},
    {0x0000, 0x020A, 0x0209, 0x0211, 0x0000, 0x8001, 0x0000, 0x04D8},
    {0x0000, 0x0213, 0x020A, 0x0212, 0x0000, 0x8001, 0x0000, 0x04D8},
    {0x0000, 0x0214, 0x020E, 0x020A, 0x0000, 0x8001, 0x0000, 0x04D8},
    {0x0000, 0x0214, 0x020A, 0x0213, 0x0000, 0x8001, 0x0000, 0x04D8},
    {0x0000, 0x0214, 0x0215, 0x020E, 0x0000, 0x8001, 0x0000, 0x04D8},
    {0x0000, 0x0215, 0x0216, 0x020E, 0x0000, 0x8001, 0x0000, 0x04D8},
    {0x0000, 0x020B, 0x020E, 0x0216, 0x0000, 0x8001, 0x0000, 0x04D8},
    {0x0000, 0x0216, 0x0217, 0x020B, 0x0000, 0x8001, 0x0000, 0x04D8},
    {0x0000, 0x0217, 0x0218, 0x020B, 0x0000, 0x8001, 0x0000, 0x04D8},
    {0x0001, 0x0219, 0x021A, 0x021B, 0x0000, 0x7FFF, 0x0000, 0xF98A},
    {0x0001, 0x0219, 0x021B, 0x021C, 0x0000, 0x7FFF, 0x0000, 0xF98A},
    {0x0000, 0x01C8, 0x0180, 0x0195, 0x0000, 0x0000, 0x8001, 0x04CF},
    {0x0000, 0x01A0, 0x0184, 0x0183, 0x0000, 0x0000, 0x8001, 0x04CF},
    {0x0000, 0x01A0, 0x01D7, 0x0168, 0x0000, 0x0000, 0x8001, 0x04CF},
    {0x0000, 0x0183, 0x01C8, 0x021A, 0x0000, 0x0000, 0x8001, 0x04CF},
    {0x0000, 0x01A0, 0x0183, 0x021A, 0x0000, 0x0000, 0x8001, 0x04CF},
    {0x0000, 0x01D7, 0x01A0, 0x021A, 0x0000, 0x0000, 0x8001, 0x04CF},
    {0x0000, 0x021A, 0x020C, 0x01D7, 0x0000, 0x0000, 0x8001, 0x04CF},
    {0x0000, 0x020C, 0x021A, 0x0219, 0x8001, 0x0000, 0x0000, 0xFE74},
    {0x0000, 0x020C, 0x0219, 0x020D, 0x8001, 0x0000, 0x0000, 0xFE74},
    {0x0000, 0x01C8, 0x021B, 0x021A, 0x0000, 0x0000, 0x8001, 0x04CF},
    {0x0000, 0x0219, 0x021C, 0x0207, 0x0000, 0x0000, 0x8001, 0x033F},
    {0x0000, 0x0219, 0x0207, 0x020D, 0x0000, 0x0000, 0x8001, 0x033F},
    {0x0000, 0x021C, 0x021B, 0x0208, 0x7FFF, 0x0000, 0x0000, 0xFE6C},
    {0x0000, 0x021C, 0x0208, 0x0207, 0x7FFF, 0x0000, 0x0000, 0xFE6C},
    {0x0000, 0x0195, 0x0208, 0x021B, 0x0000, 0x0000, 0x8001, 0x04CF},
    {0x0000, 0x01C8, 0x0195, 0x021B, 0x0000, 0x0000, 0x8001, 0x04CF},
    {0x0000, 0x021D, 0x020F, 0x0210, 0x78F1, 0x0000, 0x29E9, 0xFE19},
    {0x0000, 0x021D, 0x0210, 0x021E, 0x78F1, 0x0000, 0x29E9, 0xFE19},
    {0x0000, 0x021F, 0x0211, 0x020F, 0x5CB0, 0x0000, 0x5846, 0xFC9B},
    {0x0000, 0x021F, 0x020F, 0x021D, 0x5CB0, 0x0000, 0x5846, 0xFC9B},
    {0x0000, 0x0212, 0x0211, 0x021F, 0x7FFF, 0x0000, 0x0000, 0xFF5C},
    {0x0000, 0x0220, 0x0221, 0x0212, 0x138C, 0x85FA, 0xDEA9, 0x0591},
    {0x0000, 0x0220, 0x0212, 0x021F, 0x11BA, 0x897A, 0xD30B, 0x05CF},
    {0x0000, 0x0222, 0x0220, 0x021F, 0x0C16, 0x8284, 0xE9DB, 0x0557},
    {0x0000, 0x0222, 0x021F, 0x021D, 0x0CE0, 0x81E6, 0xEE3D, 0x0536},
    {0x0000, 0x0223, 0x0224, 0x0220, 0xF4A8, 0x81F6, 0xECCB, 0x0545},
    {0x0000, 0x0223, 0x0220, 0x0222, 0xF29B, 0x82A5, 0xE9E1, 0x0556},
    {0x0000, 0x0222, 0x021D, 0x021E, 0x0E7A, 0x84CF, 0xE06D, 0x0593},
    {0x0000, 0x0224, 0x0216, 0x0215, 0x8001, 0x0000, 0x0000, 0xFF64},
    {0x0000, 0x0223, 0x0217, 0x0216, 0xA350, 0x0000, 0x5846, 0xFCA1},
    {0x0000, 0x0223, 0x0216, 0x0224, 0xA350, 0x0000, 0x5846, 0xFCA1},
    {0x0000, 0x0225, 0x0218, 0x0217, 0x870F, 0x0000, 0x29E9, 0xFE20},
    {0x0000, 0x0225, 0x0217, 0x0223, 0x870F, 0x0000, 0x29E9, 0xFE20},
    {0x0000, 0x0226, 0x0221, 0x0220, 0x0000, 0x8B2E, 0xCBB1, 0x05FC},
    {0x0000, 0x0215, 0x0226, 0x0220, 0xEC69, 0x85E7, 0xDEF7, 0x0591},
    {0x0000, 0x0224, 0x0215, 0x0220, 0xEE46, 0x897A, 0xD30B, 0x05D0},
    {0x0000, 0x0225, 0x0223, 0x0222, 0xF186, 0x84CF, 0xE06D, 0x0594},
    {0x0000, 0x0225, 0x0222, 0x021E, 0x0000, 0x81D5, 0xEA6F, 0x0559},
    {0x0000, 0x021E, 0x0227, 0x0228, 0x0000, 0x8001, 0x0000, 0x049A},
    {0x0000, 0x021E, 0x0228, 0x0225, 0x0000, 0x8001, 0x0000, 0x049A},
    {0x0000, 0x0229, 0x0228, 0x0227, 0x0000, 0xA401, 0xA701, 0x0716},
    {0x0000, 0x0229, 0x0227, 0x022A, 0x0000, 0xA401, 0xA701, 0x0716},
    {0x0000, 0x022A, 0x022B, 0x022C, 0x0000, 0x8001, 0x0000, 0x0441},
    {0x0000, 0x022A, 0x022C, 0x0229, 0x0000, 0x8001, 0x0000, 0x0441},
    {0x0000, 0x022D, 0x022E, 0x022F, 0x0000, 0x7FFF, 0x0000, 0xFC90},
    {0x0000, 0x022D, 0x022F, 0x0230, 0x0000, 0x7FFF, 0x0000, 0xFC90},
    {0x0004, 0x0231, 0x222F, 0x022E, 0x0000, 0x5BFF, 0xA701, 0x014F},
    {0x0004, 0x0231, 0x222E, 0x0232, 0x0000, 0x5BFF, 0xA701, 0x014F},
    {0x0005, 0x0232, 0x2233, 0x0234, 0x0000, 0x7FFF, 0x0000, 0xFC37},
    {0x0005, 0x0232, 0x2234, 0x0231, 0x0000, 0x7FFF, 0x0000, 0xFC37},
    {0x0000, 0x0235, 0x0236, 0x0237, 0x80C9, 0xF1DD, 0x0000, 0x00ED},
    {0x0000, 0x0235, 0x0237, 0x0238, 0x80C9, 0xF1DD, 0x0000, 0x00ED},
    {0x0000, 0x0238, 0x0237, 0x0227, 0x8872, 0xD24A, 0x0000, 0x01F8},
    {0x0000, 0x0238, 0x0227, 0x021E, 0x8872, 0xD24A, 0x0000, 0x01F8},
    {0x0000, 0x0239, 0x023A, 0x0236, 0x80CE, 0x0E4F, 0x0000, 0x0008},
    {0x0000, 0x0239, 0x0236, 0x0235, 0x80CE, 0x0E4F, 0x0000, 0x0008},
    {0x0000, 0x0230, 0x022F, 0x023A, 0x883A, 0x2D22, 0x0000, 0xFF1D},
    {0x0000, 0x0230, 0x023A, 0x0239, 0x883A, 0x2D22, 0x0000, 0xFF1D},
    {0x0000, 0x022A, 0x0227, 0x0237, 0x9974, 0xD8CA, 0xBE34, 0x047B},
    {0x0000, 0x0236, 0x0231, 0x022A, 0x94CA, 0x0000, 0xBA14, 0x0360},
    {0x0000, 0x023A, 0x0231, 0x0236, 0x91BE, 0x0C67, 0xC02F, 0x02BD},
    {0x0000, 0x0236, 0x022A, 0x0237, 0x91C6, 0xF3C1, 0xC01A, 0x0384},
    {0x0000, 0x022F, 0x0231, 0x023A, 0x9916, 0x26C8, 0xBE85, 0x0205},
    {0x0000, 0x0231, 0x0234, 0x022B, 0x8001, 0x0000, 0x0000, 0x0040},
    {0x0000, 0x0231, 0x022B, 0x022A, 0x8001, 0x0000, 0x0000, 0x0040},
    {0x0000, 0x0229, 0x022C, 0x0233, 0x7FFF, 0x0000, 0x0000, 0x0038},
    {0x0000, 0x0229, 0x0233, 0x0232, 0x7FFF, 0x0000, 0x0000, 0x0038},
    {0x0000, 0x023B, 0x0232, 0x022E, 0x66EA, 0x26C8, 0xBE85, 0x01FE},
    {0x0000, 0x023C, 0x0229, 0x023D, 0x6E3A, 0xF3C1, 0xC01A, 0x037D},
    {0x0000, 0x023D, 0x0232, 0x023B, 0x6E42, 0x0C67, 0xC02F, 0x02B6},
    {0x0000, 0x0229, 0x0232, 0x023D, 0x6B36, 0x0000, 0xBA14, 0x0359},
    {0x0000, 0x023C, 0x0228, 0x0229, 0x668C, 0xD8CA, 0xBE34, 0x0475},
    {0x0000, 0x023E, 0x023B, 0x022E, 0x77C6, 0x2D22, 0x0000, 0xFF16},
    {0x0000, 0x023E, 0x022E, 0x022D, 0x77C6, 0x2D22, 0x0000, 0xFF16},
    {0x0000, 0x023F, 0x023D, 0x023B, 0x7F32, 0x0E4F, 0x0000, 0x0000},
    {0x0000, 0x023F, 0x023B, 0x023E, 0x7F32, 0x0E4F, 0x0000, 0x0000},
    {0x0000, 0x0225, 0x0228, 0x023C, 0x778E, 0xD24A, 0x0000, 0x01F0},
    {0x0000, 0x0225, 0x023C, 0x0240, 0x778E, 0xD24A, 0x0000, 0x01F0},
    {0x0000, 0x0240, 0x023C, 0x023D, 0x7F37, 0xF1DD, 0x0000, 0x00E5},
    {0x0000, 0x0240, 0x023D, 0x023F, 0x7F37, 0xF1DD, 0x0000, 0x00E5},
    {0x0000, 0x0233, 0x022C, 0x022B, 0x0000, 0x0000, 0x8001, 0x0693},
    {0x0000, 0x0233, 0x022B, 0x0234, 0x0000, 0x0000, 0x8001, 0x0693},
    {0x0000, 0x020B, 0x0218, 0x0225, 0x0000, 0x0000, 0x8001, 0x04CF},
    {0x0000, 0x0240, 0x023F, 0x00D4, 0xEA93, 0x0261, 0x81D5, 0x0497},
    {0x0000, 0x0240, 0x00D4, 0x020B, 0xF71A, 0xED97, 0x81A6, 0x0557},
    {0x0000, 0x0240, 0x020B, 0x0225, 0x0000, 0x0000, 0x8001, 0x04CF},
    {0x0000, 0x021E, 0x0210, 0x0209, 0x0000, 0x0000, 0x8001, 0x04CF},
    {0x0000, 0x00D2, 0x0235, 0x0238, 0x156D, 0x0261, 0x81D5, 0x0496},
    {0x0000, 0x0209, 0x00D2, 0x0238, 0x08E6, 0xED97, 0x81A6, 0x0557},
    {0x0000, 0x021E, 0x0209, 0x0238, 0x0000, 0x0000, 0x8001, 0x04CF},
    {0x0000, 0x022D, 0x0241, 0x00D7, 0x0000, 0xC3C4, 0x8F10, 0x05DC},
    {0x0000, 0x022D, 0x00D7, 0x00D4, 0xF8E8, 0xBDB1, 0x92C0, 0x05DE},
    {0x0000, 0x023E, 0x022D, 0x00D4, 0xEDE7, 0xF92E, 0x8179, 0x04E4},
    {0x0000, 0x023F, 0x023E, 0x00D4, 0xEC95, 0xFDD1, 0x8181, 0x04C1},
    {0x0000, 0x00D7, 0x0241, 0x0230, 0x0000, 0xC3C4, 0x8F10, 0x05DC},
    {0x0000, 0x00D2, 0x00D7, 0x0230, 0x0718, 0xBDB1, 0x92C0, 0x05DE},
    {0x0000, 0x00D2, 0x0230, 0x0239, 0x1219, 0xF92E, 0x8179, 0x04E3},
    {0x0000, 0x00D2, 0x0239, 0x0235, 0x136B, 0xFDD1, 0x8181, 0x04BF},
    {0x0000, 0x00D4, 0x00DD, 0x020B, 0xFEAB, 0xE98D, 0x81FF, 0x0591},
    {0x0000, 0x00DD, 0x020C, 0x020B, 0x0000, 0x0000, 0x8001, 0x04CF},
    {0x0000, 0x0208, 0x00E0, 0x0209, 0x0000, 0x0000, 0x8001, 0x04CF},
    {0x0000, 0x0209, 0x00E0, 0x00D2, 0x0155, 0xE98D, 0x81FF, 0x0591},
    {0x0006, 0x0242, 0x0243, 0x0244, 0x0000, 0x7FFF, 0x0000, 0x0542},
    {0x0006, 0x0242, 0x0244, 0x0245, 0x0000, 0x7FFF, 0x0000, 0x0542},
};

Vec3s stone_tower_inverted_sceneCollisionHeader_005164Vertices[] = {
    {   1170,    653,    969 },
    {   1344,    715,    895 },
    {   1344,    621,    919 },
    {   1180,    567,    987 },
    {   1129,    310,   1032 },
    {   1080,    652,   1101 },
    {   1161,    527,   1050 },
    {   1105,    310,   1090 },
    {   1104,    652,   1159 },
    {   1188,    310,   1060 },
    {   1198,    529,   1112 },
    {   1382,    599,   1011 },
    {   1412,    740,   1039 },
    {   1013,    701,   1039 },
    {   1099,    798,   1174 },
    {   1012,    803,   1039 },
    {   1164,    695,   1016 },
    {   1150,    630,   1026 },
    {   1184,    969,   1092 },
    {   1117,    942,    971 },
    {   1271,    918,    943 },
    {   1325,    941,   1033 },
    {   1383,    858,   1009 },
    {   1349,    840,    959 },
    {   1365,    770,    965 },
    {   1087,    790,   1036 },
    {   1194,    723,   1070 },
    {   1175,   1014,   1081 },
    {   1114,   1014,    978 },
    {   1258,   1014,    929 },
    {   1313,   1014,   1021 },
    {   1169,    611,   1062 },
    {   -354,    568,   1412 },
    {   -366,    534,   1361 },
    {   -319,    579,   1320 },
    {   -244,    577,   1303 },
    {   -186,    531,   1320 },
    {   -174,    564,   1371 },
    {    181,    564,   1371 },
    {    193,    531,   1320 },
    {    252,    577,   1303 },
    {    326,    579,   1320 },
    {    374,    534,   1361 },
    {    361,    568,   1412 },
    {   -311,    392,   1441 },
    {   -300,    423,   1418 },
    {   -225,    422,   1401 },
    {   -207,    390,   1417 },
    {   -178,    466,   1361 },
    {   -140,    453,   1361 },
    {   -166,    500,   1412 },
    {   -213,    455,   1452 },
    {   -288,    457,   1469 },
    {   -330,    632,   1337 },
    {   -337,    610,   1304 },
    {   -404,    548,   1361 },
    {   -396,    569,   1393 },
    {   -346,    503,   1452 },
    {   -233,    608,   1280 },
    {   -225,    630,   1313 },
    {   -143,    564,   1337 },
    {   -151,    543,   1304 },
    {   -133,    474,   1393 },
    {   -358,    470,   1401 },
    {   -393,    458,   1417 },
    {   -385,    479,   1450 },
    {   -307,    612,   1371 },
    {   -232,    611,   1355 },
    {    239,    611,   1355 },
    {    314,    612,   1371 },
    {    366,    470,   1401 },
    {    354,    503,   1452 },
    {    345,    610,   1304 },
    {    411,    548,   1361 },
    {    400,    458,   1417 },
    {    159,    543,   1304 },
    {    240,    608,   1280 },
    {    221,    455,   1452 },
    {    173,    500,   1412 },
    {    295,    457,   1469 },
    {    151,    564,   1337 },
    {    148,    453,   1361 },
    {    140,    474,   1393 },
    {    186,    466,   1361 },
    {    233,    422,   1401 },
    {    214,    390,   1417 },
    {    392,    479,   1450 },
    {    403,    569,   1393 },
    {    337,    632,   1337 },
    {    233,    630,   1313 },
    {    307,    423,   1418 },
    {    319,    392,   1441 },
    {    -31,    624,   1534 },
    {    -18,    656,   1534 },
    {      4,    664,   1534 },
    {     25,    656,   1534 },
    {     39,    624,   1534 },
    {      4,    596,   1534 },
    {    -18,    713,   1311 },
    {    -33,    683,   1317 },
    {      4,    722,   1311 },
    {     26,    713,   1311 },
    {     40,    682,   1317 },
    {      4,    653,   1311 },
    {    904,    254,   1567 },
    {    834,    254,   1527 },
    {    800,    214,   1547 },
    {    904,    214,   1607 },
    {    781,    814,   1487 },
    {    757,   1254,   1402 },
    {    842,    814,   1380 },
    {    757,   1254,   1572 },
    {    904,   1254,   1317 },
    {    965,    814,   1380 },
    {   1051,   1254,   1402 },
    {   1027,    814,   1487 },
    {   1051,   1254,   1572 },
    {    757,    374,   1572 },
    {    757,    374,   1402 },
    {    904,    374,   1317 },
    {   1051,    374,   1402 },
    {   1051,    374,   1572 },
    {    800,    214,   1427 },
    {    765,     14,   1407 },
    {    765,     14,   1567 },
    {    834,    254,   1447 },
    {   1008,    214,   1427 },
    {   1008,    214,   1547 },
    {   1042,     14,   1567 },
    {   1042,     14,   1407 },
    {    973,    254,   1447 },
    {    973,    254,   1527 },
    {    904,    214,   1367 },
    {    904,     14,   1327 },
    {    904,    254,   1407 },
    {    904,     14,   1647 },
    {    696,     94,   1607 },
    {    904,     94,   1727 },
    {   1112,     94,   1607 },
    {    904,     94,   1247 },
    {   1112,     94,   1367 },
    {   1042,   -306,   1407 },
    {    904,   -306,   1327 },
    {    696,     94,   1367 },
    {    765,   -306,   1407 },
    {    765,   -306,   1567 },
    {   1042,   -306,   1567 },
    {   -827,    254,   1527 },
    {   -896,    254,   1567 },
    {   -896,    214,   1607 },
    {   -792,    214,   1547 },
    {  -1019,    814,   1487 },
    {  -1043,   1254,   1402 },
    {   -958,    814,   1380 },
    {  -1043,   1254,   1572 },
    {   -896,   1254,   1317 },
    {   -835,    814,   1380 },
    {   -749,   1254,   1402 },
    {   -773,    814,   1487 },
    {   -749,   1254,   1572 },
    {  -1043,    374,   1572 },
    {  -1043,    374,   1402 },
    {   -896,    374,   1317 },
    {   -749,    374,   1402 },
    {   -749,    374,   1572 },
    {  -1000,    214,   1547 },
    {  -1000,    214,   1427 },
    {  -1035,     14,   1407 },
    {  -1035,     14,   1567 },
    {   -966,    254,   1527 },
    {   -966,    254,   1447 },
    {   -792,    214,   1427 },
    {   -758,     14,   1567 },
    {   -758,     14,   1407 },
    {   -827,    254,   1447 },
    {   -896,    214,   1367 },
    {   -896,     14,   1327 },
    {   -896,    254,   1407 },
    {   -896,     14,   1647 },
    {   -896,     94,   1727 },
    {   -688,     94,   1607 },
    {  -1104,     94,   1607 },
    {   -896,     94,   1247 },
    {   -688,     94,   1367 },
    {   -758,   -306,   1407 },
    {   -896,   -306,   1327 },
    {  -1104,     94,   1367 },
    {  -1035,   -306,   1407 },
    {  -1035,   -306,   1567 },
    {   -758,   -306,   1567 },
    {    355,    449,   1461 },
    {    549,    509,   1576 },
    {    537,    462,   1619 },
    {    270,    205,   1773 },
    {    221,    205,   1724 },
    {    280,    413,   1466 },
    {   -530,    462,   1619 },
    {   -541,    509,   1576 },
    {   -347,    449,   1461 },
    {   -263,    205,   1773 },
    {   -272,    413,   1466 },
    {   -214,    205,   1724 },
    {    158,    205,   1660 },
    {    206,    412,   1450 },
    {      4,    422,   1377 },
    {    171,    445,   1419 },
    {      4,    205,   1619 },
    {   -150,    205,   1660 },
    {   -199,    412,   1450 },
    {   -163,    445,   1419 },
    {    620,    805,   1311 },
    {    306,    631,   1330 },
    {   -612,    805,   1311 },
    {   -299,    631,   1330 },
    {      4,    482,   1311 },
    {      4,    805,   1271 },
    {   -612,    854,   1487 },
    {   -796,    854,   1487 },
    {   -796,   1054,   1487 },
    {   -796,   1254,   1487 },
    {   -612,   1254,   1487 },
    {   -612,   1254,   1231 },
    {    620,   1254,   1487 },
    {    620,    854,   1487 },
    {    620,   1254,   1231 },
    {    804,   1254,   1487 },
    {    804,   1054,   1487 },
    {    804,    854,   1487 },
    {    312,    205,   1927 },
    {    620,    462,   1927 },
    {    537,    462,   2235 },
    {    270,    205,   2081 },
    {   -304,    205,   1927 },
    {   -612,    462,   1927 },
    {   -263,    205,   2081 },
    {   -530,    462,   2235 },
    {    620,    805,   2543 },
    {    620,    854,   2543 },
    {   -612,    805,   2543 },
    {   -612,    854,   2543 },
    {     62,   -153,   1819 },
    {     98,   -141,   1815 },
    {    147,   -235,   1726 },
    {    120,   -245,   1729 },
    {    127,   -153,   1837 },
    {    168,   -245,   1742 },
    {     -5,    -19,   1888 },
    {     43,    -19,   1868 },
    {     74,    -19,   1910 },
    {    -22,    107,   1918 },
    {     34,    107,   1899 },
    {     73,    107,   1944 },
    {    224,   -287,   1612 },
    {   -102,   -153,   1878 },
    {   -107,   -141,   1843 },
    {   -197,   -235,   1797 },
    {   -194,   -245,   1824 },
    {    -86,   -153,   1813 },
    {   -182,   -245,   1775 },
    {    -30,    -19,   1943 },
    {    -53,    -19,   1896 },
    {    -11,    -19,   1863 },
    {      0,    107,   1959 },
    {    -21,    107,   1903 },
    {     23,    107,   1863 },
    {   -314,   -287,   1724 },
    {     58,   -297,   2120 },
    {     39,   -275,   2140 },
    {     16,   -158,   2042 },
    {     39,   -174,   2015 },
    {     12,   -297,   2143 },
    {    -20,   -174,   2045 },
    {     21,    -19,   1966 },
    {     42,    -19,   1918 },
    {    -31,    -19,   1956 },
    {      6,    107,   1937 },
    {     35,    107,   1885 },
    {    -53,    107,   1930 },
    {     60,   -440,   2277 },
    {    404,   3254,    831 },
    {    404,   2054,    711 },
    {    404,   3054,    831 },
    {    404,   2454,    831 },
    {    404,   5854,    711 },
    {   -196,    654,   -769 },
    {   -196,    854,   -769 },
    {   -196,    454,   -969 },
    {   -196,    854,   -969 },
    {   -196,   1254,   -769 },
    {   -196,   1454,   -769 },
    {   -196,   2414,   -969 },
    {   -196,   2254,   -769 },
    {   -196,   2414,   -589 },
    {   -196,   2254,   -169 },
    {   -196,   2454,   -369 },
    {   -196,   2454,   -569 },
    {   -196,   2814,   -569 },
    {   -196,   2814,   -369 },
    {   -196,   2454,   -169 },
    {   -196,   3054,   1231 },
    {   -196,   3214,   1231 },
    {   -196,   3214,   1071 },
    {   -196,   3254,    831 },
    {   -196,   3054,    831 },
    {   -396,   3614,    871 },
    {   -396,   3454,    831 },
    {   -396,   3654,    831 },
    {   -396,   3614,   1031 },
    {   -396,   3454,   1031 },
    {   -196,   3014,   -209 },
    {   -196,   2854,   -369 },
    {   -196,   3014,   -369 },
    {   -196,   2854,   -169 },
    {   -196,   3054,   -169 },
    {   -196,    654,   -169 },
    {   -196,    854,   -169 },
    {    404,    854,   -369 },
    {    404,    854,   -169 },
    {    404,    654,   -169 },
    {    404,    654,   -369 },
    {   -396,   2254,    831 },
    {   -396,   2254,   1231 },
    {   -396,   2454,   1231 },
    {   -396,   2454,    831 },
    {   -196,   3254,   1031 },
    {   -396,   3254,   1031 },
    {   -396,   3254,   1231 },
    {   -396,   3414,   1231 },
    {   -396,   3414,   1031 },
    {   -196,   1254,   -169 },
    {   -196,   1454,   -169 },
    {    204,   5054,   1031 },
    {    204,   3654,   1031 },
    {    204,   3654,    831 },
    {    204,   5854,    831 },
    {    204,   2454,   -369 },
    {    204,   2454,   -169 },
    {    204,   2254,   -169 },
    {    204,   2254,   -369 },
    {    404,   1454,   -369 },
    {    404,   1454,   -169 },
    {    404,   1254,   -169 },
    {    404,   1254,   -369 },
    {    804,    854,   -369 },
    {    804,   1214,   -389 },
    {    804,   1214,   -769 },
    {    804,    854,   -769 },
    {    804,   1254,   -369 },
    {   -796,   5854,   -169 },
    {   -796,   5854,    831 },
    {   -796,   3454,    831 },
    {   -796,   2414,   -589 },
    {   -796,   1454,   -969 },
    {   -796,   2414,   -969 },
    {   -796,   1454,     31 },
    {   -796,   2454,   -569 },
    {   -796,   2814,   -209 },
    {   -796,   2854,   -169 },
    {   -796,   2054,     31 },
    {   -796,   3414,    871 },
    {   -796,   2054,   1231 },
    {   -796,   3414,   1231 },
    {  -1196,   1454,     31 },
    {  -1196,   2014,     31 },
    {  -1196,   2014,   1231 },
    {  -1196,   1454,   1231 },
    {   -796,   2814,   -569 },
    {    404,   5854,    311 },
    {    804,   5054,    311 },
    {    804,   5054,    711 },
    {    804,   1854,    311 },
    {    804,   2054,    711 },
    {    404,   1654,    311 },
    {    404,   5854,   -169 },
    {    404,   3054,   -169 },
    {    404,   3014,   -209 },
    {    404,   1654,   -369 },
    {    404,   3014,   -369 },
    {    204,   2214,   -369 },
    {    204,   2214,   -769 },
    {    204,   1454,   -769 },
    {    204,   1454,   -369 },
    {    804,   2014,    751 },
    {    804,   1854,   1111 },
    {    804,   2014,   1231 },
    {    404,   2254,    831 },
    {    404,   2214,    871 },
    {    404,   2054,   1231 },
    {    404,   2214,   1231 },
    {    404,   3014,    871 },
    {    404,   2454,   1231 },
    {    404,   3014,   1231 },
    {    404,   5054,   1031 },
    {    404,   3254,   1031 },
    {   1004,   1814,   1111 },
    {   1004,   1814,    311 },
    {   1004,   1654,    311 },
    {   1004,   1454,    711 },
    {   1004,   1614,    271 },
    {   1004,   1454,    -89 },
    {   1004,   1614,   -369 },
    {   1004,    454,   -369 },
    {   1004,    454,    -89 },
    {   1004,   1054,    711 },
    {   1004,   1054,   1111 },
    {    804,   1254,   1231 },
    {    804,   1054,   1111 },
    {   1404,   1054,    711 },
    {   1404,   1414,    711 },
    {   1404,   1414,    -89 },
    {   1404,    454,    -89 },
    {   1404,    454,    711 },
    {   -836,   2014,   1231 },
    {   -796,   1454,   1231 },
    {   1024,   1414,    711 },
    {    824,   1814,   1111 },
    {   -356,   2214,   1231 },
    {   -376,   3214,   1231 },
    {   -176,   3014,   1231 },
    {   -416,   3414,   1031 },
    {    164,   3614,   1031 },
    {   1024,   1414,    -89 },
    {    444,   1614,   -369 },
    {    804,    654,   -369 },
    {    164,   2214,   -369 },
    {   -216,   2814,   -369 },
    {   -176,   2214,   -769 },
    {   -156,   1214,   -769 },
    {   -796,    854,   -969 },
    {   -836,   2014,     31 },
    {    824,   1814,    311 },
    {    104,   3654,   -169 },
    {    104,   3454,   -169 },
    {    -96,   3454,   -169 },
    {    -96,   3654,   -169 },
    {    804,    614,   -769 },
    {    804,    614,   -389 },
    {    364,    614,   -389 },
    {   -156,    614,   -769 },
    {     80,    640,   -209 },
    {    -62,    640,   -209 },
    {    364,    614,   -209 },
    {   -156,    614,   -209 },
    {     76,   3040,   -209 },
    {    -87,   3040,   -209 },
    {   -216,   2814,   -209 },
    {    364,   1214,   -389 },
    {     80,   1240,   -209 },
    {    -62,   1240,   -209 },
    {   -156,   1214,   -209 },
    {    364,   1214,   -209 },
    {     57,   2240,   -209 },
    {    -50,   2240,   -209 },
    {   -176,   2214,   -209 },
    {    164,   2214,   -209 },
    {    444,   1614,    271 },
    {    424,   2014,   1231 },
    {    424,   2014,    751 },
    {    -54,   3040,    871 },
    {     69,   3040,    871 },
    {   -176,   3014,    871 },
    {    -80,   2240,    871 },
    {    127,   2240,    871 },
    {   -356,   2214,    871 },
    {   -416,   3414,    871 },
    {   -376,   3214,   1071 },
    {    -40,   3640,    871 },
    {     62,   3640,    871 },
    {    164,   3614,    871 },
    {   -796,   1214,   1271 },
    {   -796,   1214,   1487 },
    {   -796,   1254,   1231 },
    {  -1102,   1254,   1642 },
    {   1231,    343,   -309 },
    {    949,    326,   -633 },
    {    804,    454,   -369 },
    {    804,    454,   -769 },
    {   -196,    454,   -769 },
    {    104,    363,   -922 },
    {   -997,   1154,   -468 },
    {  -1469,   1120,    732 },
    {   1044,   1014,    751 },
    {   1404,   1014,    751 },
    {   1044,   1014,   1151 },
    {    844,   1014,   1151 },
    {    804,   1054,   1431 },
    {    844,   1014,   1431 },
    {    620,   1214,   1271 },
    {    804,   1214,   1271 },
    {   -612,   1214,   1271 },
    {    804,   1254,   1431 },
    {   1514,  -1380,    957 },
    {   1879,  -1380,   1107 },
    {   1583,   -538,    894 },
    {    636,  -1065,  -1316 },
    {   1522,   -572,    752 },
    {    542,  -1380,  -1391 },
    {   -817,   -104,   -885 },
    {    886,   -104,   -885 },
    {   -639,  -1065,  -1316 },
    {  -1889,   -104,  -2026 },
    {   -810,    233,   -915 },
    {  -1953,  -1065,  -2711 },
    {  -1505,    233,    949 },
    {  -1830,   -494,    642 },
    {  -1180,   -494,   -929 },
    {  -1889,   -494,  -2026 },
    {   1557,   1014,   1061 },
    {   1404,   1014,   1431 },
    {   1220,   1254,   1803 },
    {    793,   -572,   2513 },
    {    927,   1254,   2513 },
    {   1326,  -1386,   2513 },
    {   -736,    556,   2402 },
    {   -794,   1356,   2402 },
    {  -1463,    556,    648 },
    {  -1190,   -213,   2402 },
    {  -1854,   -213,    798 },
    {    604,  -1073,  -1390 },
    {    404,   1254,    831 },
    {    404,   1254,   1231 },
    {    384,   1240,   1231 },
    {    384,   1240,    871 },
    {   -376,   1240,   1231 },
    {   -396,   1254,   1231 },
    {   -396,   1254,    831 },
    {   -376,   1240,    871 },
    {    124,   1240,   1130 },
    {     89,   1240,   1231 },
    {    164,   1240,   1088 },
    {    164,   1240,   1030 },
    {     57,   1240,    979 },
    {    -50,   1240,    979 },
    {   -156,   1240,   1030 },
    {   -156,   1240,   1088 },
    {   -116,   1240,   1130 },
    {    -81,   1240,   1231 },
    {   -396,   1654,    831 },
    {   -396,   1654,   1231 },
    {    404,   1654,   1231 },
    {    404,   1654,    831 },
    {    124,   1208,   1130 },
    {     89,   1178,   1231 },
    {    164,   1218,   1088 },
    {      4,   1210,   1046 },
    {     77,   1240,    979 },
    {      4,   1198,   1114 },
    {   -116,   1208,   1130 },
    {   -156,   1218,   1088 },
    {    -81,   1178,   1231 },
    {    -70,   1240,    979 },
    {     89,   1178,   1391 },
    {    -81,   1178,   1391 },
    {    -56,   1089,   1483 },
    {     64,   1089,   1483 },
    {     64,   1089,   1683 },
    {    -56,   1089,   1683 },
    {    -81,    880,   1231 },
    {    -81,    880,   1391 },
    {     89,    880,   1391 },
    {     89,    880,   1231 },
    {     64,    969,   1483 },
    {    -56,    969,   1483 },
    {    -56,    969,   1683 },
    {     64,    969,   1683 },
    {    124,   1029,   1231 },
    {    124,   1029,   1391 },
    {    115,   1110,   1391 },
    {    115,   1110,   1231 },
    {    115,    949,   1231 },
    {    115,    949,   1391 },
    {   -107,    949,   1391 },
    {   -107,   1110,   1391 },
    {   -116,   1029,   1391 },
    {   -107,    949,   1231 },
    {   -116,   1029,   1231 },
    {   -107,   1110,   1231 },
    {      4,    880,   1231 },
    {  -2396,  -1346,   2881 },
    {   2404,  -1346,   2881 },
    {   2404,  -1346,  -2219 },
    {  -2396,  -1346,  -2219 },
};

CollisionHeader stone_tower_inverted_sceneCollisionHeader_005164 = { 
    { -2983, -2244, -3942 },
    { 4066, 5854, 5244 },
    ARRAY_COUNT(stone_tower_inverted_sceneCollisionHeader_005164Vertices), stone_tower_inverted_sceneCollisionHeader_005164Vertices,
    ARRAY_COUNT(stone_tower_inverted_sceneCollisionHeader_005164Polygons), stone_tower_inverted_sceneCollisionHeader_005164Polygons,
    stone_tower_inverted_sceneCollisionHeader_005164SurfaceType,
    stone_tower_inverted_sceneCollisionHeader_005164CamDataList,
    0, NULL
};

u64 stone_tower_inverted_sceneTex_005190[] = {
#include "assets/scenes/overworld/stone_tower_inverted/stone_tower_inverted_sceneTex_005190.rgba16.inc.c"
};

u64 stone_tower_inverted_sceneTex_005990[] = {
#include "assets/scenes/overworld/stone_tower_inverted/stone_tower_inverted_sceneTex_005990.i4.inc.c"
};

u64 stone_tower_inverted_sceneTex_006190[] = {
#include "assets/scenes/overworld/stone_tower_inverted/stone_tower_inverted_sceneTex_006190.rgba16.inc.c"
};

u64 stone_tower_inverted_sceneTex_007110[] = {
#include "assets/scenes/overworld/stone_tower_inverted/stone_tower_inverted_sceneTex_007110.rgba16.inc.c"
};

u64 stone_tower_inverted_sceneTex_007910[] = {
#include "assets/scenes/overworld/stone_tower_inverted/stone_tower_inverted_sceneTex_007910.rgba16.inc.c"
};

u64 stone_tower_inverted_sceneTex_008110[] = {
#include "assets/scenes/overworld/stone_tower_inverted/stone_tower_inverted_sceneTex_008110.rgba16.inc.c"
};

u64 stone_tower_inverted_sceneTex_008910[] = {
#include "assets/scenes/overworld/stone_tower_inverted/stone_tower_inverted_sceneTex_008910.rgba16.inc.c"
};

u64 stone_tower_inverted_sceneTex_009110[] = {
#include "assets/scenes/overworld/stone_tower_inverted/stone_tower_inverted_sceneTex_009110.rgba16.inc.c"
};

u64 stone_tower_inverted_sceneTex_009910[] = {
#include "assets/scenes/overworld/stone_tower_inverted/stone_tower_inverted_sceneTex_009910.rgba16.inc.c"
};

u64 stone_tower_inverted_sceneTex_00A110[] = {
#include "assets/scenes/overworld/stone_tower_inverted/stone_tower_inverted_sceneTex_00A110.rgba16.inc.c"
};

u64 stone_tower_inverted_sceneTex_00A910[] = {
#include "assets/scenes/overworld/stone_tower_inverted/stone_tower_inverted_sceneTex_00A910.rgba16.inc.c"
};

u64 stone_tower_inverted_sceneTex_00B110[] = {
#include "assets/scenes/overworld/stone_tower_inverted/stone_tower_inverted_sceneTex_00B110.rgba16.inc.c"
};

u64 stone_tower_inverted_sceneTex_00B910[] = {
#include "assets/scenes/overworld/stone_tower_inverted/stone_tower_inverted_sceneTex_00B910.rgba16.inc.c"
};

u64 stone_tower_inverted_sceneTex_00C110[] = {
#include "assets/scenes/overworld/stone_tower_inverted/stone_tower_inverted_sceneTex_00C110.rgba16.inc.c"
};

u64 stone_tower_inverted_sceneTex_00C910[] = {
#include "assets/scenes/overworld/stone_tower_inverted/stone_tower_inverted_sceneTex_00C910.rgba16.inc.c"
};

u64 stone_tower_inverted_sceneTex_00D110[] = {
#include "assets/scenes/overworld/stone_tower_inverted/stone_tower_inverted_sceneTex_00D110.i8.inc.c"
};

u64 stone_tower_inverted_sceneTex_00D910[] = {
#include "assets/scenes/overworld/stone_tower_inverted/stone_tower_inverted_sceneTex_00D910.i8.inc.c"
};

u64 stone_tower_inverted_sceneTex_00E110[] = {
#include "assets/scenes/overworld/stone_tower_inverted/stone_tower_inverted_sceneTex_00E110.i4.inc.c"
};

u64 stone_tower_inverted_sceneTex_00E910[] = {
#include "assets/scenes/overworld/stone_tower_inverted/stone_tower_inverted_sceneTex_00E910.rgba16.inc.c"
};

u64 stone_tower_inverted_sceneTex_00F110[] = {
#include "assets/scenes/overworld/stone_tower_inverted/stone_tower_inverted_sceneTex_00F110.rgba16.inc.c"
};

u64 stone_tower_inverted_sceneTex_00F910[] = {
#include "assets/scenes/overworld/stone_tower_inverted/stone_tower_inverted_sceneTex_00F910.rgba16.inc.c"
};

u64 stone_tower_inverted_sceneTex_010110[] = {
#include "assets/scenes/overworld/stone_tower_inverted/stone_tower_inverted_sceneTex_010110.ia8.inc.c"
};

u64 stone_tower_inverted_sceneTex_010910[] = {
#include "assets/scenes/overworld/stone_tower_inverted/stone_tower_inverted_sceneTex_010910.rgba16.inc.c"
};

u64 stone_tower_inverted_sceneTex_011110[] = {
#include "assets/scenes/overworld/stone_tower_inverted/stone_tower_inverted_sceneTex_011110.rgba16.inc.c"
};

u64 stone_tower_inverted_sceneTex_011910[] = {
#include "assets/scenes/overworld/stone_tower_inverted/stone_tower_inverted_sceneTex_011910.rgba16.inc.c"
};

u64 stone_tower_inverted_sceneTex_011990[] = {
#include "assets/scenes/overworld/stone_tower_inverted/stone_tower_inverted_sceneTex_011990.rgba16.inc.c"
};

u64 stone_tower_inverted_sceneTex_012190[] = {
#include "assets/scenes/overworld/stone_tower_inverted/stone_tower_inverted_sceneTex_012190.ci4.inc.c"
};

u64 stone_tower_inverted_sceneTex_012990[] = {
#include "assets/scenes/overworld/stone_tower_inverted/stone_tower_inverted_sceneTex_012990.ci4.inc.c"
};

u64 stone_tower_inverted_sceneTex_013190[] = {
#include "assets/scenes/overworld/stone_tower_inverted/stone_tower_inverted_sceneTex_013190.ci4.inc.c"
};

u64 stone_tower_inverted_sceneTex_013990[] = {
#include "assets/scenes/overworld/stone_tower_inverted/stone_tower_inverted_sceneTex_013990.ia8.inc.c"
};

u64 stone_tower_inverted_sceneTLUT_013A90[] = {
#include "assets/scenes/overworld/stone_tower_inverted/stone_tower_inverted_sceneTex_012190.tlut.rgba16.inc.c"
};

u64 stone_tower_inverted_sceneTLUT_013AB0[] = {
#include "assets/scenes/overworld/stone_tower_inverted/stone_tower_inverted_sceneTex_012990.tlut.rgba16.inc.c"
};

u64 stone_tower_inverted_sceneTLUT_013AD0[] = {
#include "assets/scenes/overworld/stone_tower_inverted/stone_tower_inverted_sceneTex_013190.tlut.rgba16.inc.c"
};
