#include "object_sbeetle.h"

#include "gfx.h"

s16 gScissorsBeetleSkelIdle1AnimFrameData[1223] = {
	0x0000, 0x4000, 0xbfff, 0x8000, 0x0f3f, 0xefd5, 0x0a67, 0x0000, 0x0000, 0xffff, 0xfffe, 0xfffd, 0xfffb, 0xfffa, 0xfff8, 0xfff6, 
	0xfff5, 0xfff3, 0xfff2, 0xfff1, 0xfff0, 0xffef, 0xffef, 0xffef, 0xfff0, 0xfff1, 0xfff2, 0xfff3, 0xfff5, 0xfff6, 0xfff8, 0xfff9, 
	0xfffb, 0xfffc, 0xfffd, 0xfffe, 0xffff, 0x0000, 0x0000, 0x01ec, 0x01dd, 0x01b3, 0x0173, 0x0120, 0x00bf, 0x0054, 0xffe2, 0xff70, 
	0xff01, 0xfe98, 0xfe3b, 0xfded, 0xfdb3, 0xfd91, 0xfd89, 0xfd9a, 0xfdc2, 0xfdfb, 0xfe44, 0xfe9a, 0xfef9, 0xff5d, 0xffc5, 0x002d, 
	0x0090, 0x00ed, 0x0140, 0x0187, 0x01bd, 0x01df, 0x01ec, 0x29be, 0x29d8, 0x2a20, 0x2a8f, 0x2b1f, 0x2bc7, 0x2c80, 0x2d44, 0x2e0a, 
	0x2ecb, 0x2f80, 0x3022, 0x30a9, 0x310e, 0x314a, 0x3157, 0x3139, 0x30f5, 0x3091, 0x3012, 0x2f7e, 0x2ed9, 0x2e2b, 0x2d77, 0x2cc5, 
	0x2c18, 0x2b77, 0x2ae7, 0x2a6d, 0x2a0f, 0x29d3, 0x29be, 0x1ba8, 0x1ba8, 0x1ba8, 0x1ba8, 0x1ba8, 0x1ba8, 0x1ba8, 0x1ba8, 0x1ba8, 
	0x9ba7, 0x9ba7, 0x9ba7, 0x9ba7, 0x9ba7, 0x9ba7, 0x9ba7, 0x9ba7, 0x9ba7, 0x9ba7, 0x9ba7, 0x9ba7, 0x9ba7, 0x1ba8, 0x1ba8, 0x1ba8, 
	0x1ba8, 0x1ba8, 0x1ba8, 0x1ba8, 0x1ba8, 0x1ba8, 0x1ba8, 0x5717, 0x5717, 0x5717, 0x5717, 0x5717, 0x5717, 0x5717, 0x5717, 0x5717, 
	0x28e8, 0x28e8, 0x28e8, 0x28e8, 0x28e8, 0x28e8, 0x28e8, 0x28e8, 0x28e8, 0x28e8, 0x28e8, 0x28e8, 0x28e8, 0x5717, 0x5717, 0x5717, 
	0x5717, 0x5717, 0x5717, 0x5717, 0x5717, 0x5717, 0x5717, 0x4839, 0x4853, 0x489b, 0x490a, 0x499a, 0x4a42, 0x4afb, 0x4bbf, 0x4c85, 
	0xcd46, 0xcdfb, 0xce9d, 0xcf24, 0xcf89, 0xcfc4, 0xcfd1, 0xcfb3, 0xcf6f, 0xcf0b, 0xce8c, 0xcdf8, 0xcd54, 0x4ca6, 0x4bf2, 0x4b40, 
	0x4a93, 0x49f2, 0x4962, 0x48e8, 0x488a, 0x484e, 0x4839, 0x000c, 0x0016, 0x002e, 0x0051, 0x007b, 0x00a5, 0x00ce, 0x00ef, 0x0106, 
	0x0110, 0x0108, 0x00ee, 0x00c4, 0x008e, 0x004f, 0x000b, 0xffc6, 0xff84, 0xff48, 0xff18, 0xfef8, 0xfeeb, 0xfef0, 0xff04, 0xff23, 
	0xff4a, 0xff75, 0xffa1, 0xffca, 0xffec, 0x0004, 0x000c, 0xffb5, 0xff8d, 0xff22, 0xfe86, 0xfdcb, 0xfd04, 0xfc43, 0xfb9b, 0xfb1e, 
	0xfadf, 0xfaf0, 0xfb5f, 0xfc1e, 0xfd1a, 0xfe40, 0xff7d, 0x00bd, 0x01ec, 0x02f7, 0x03cb, 0x0455, 0x0487, 0x046b, 0x0412, 0x0389, 
	0x02e1, 0x0229, 0x0170, 0x00c6, 0x0039, 0xffd8, 0xffb5, 0xf604, 0xf60e, 0xf62a, 0xf654, 0xf687, 0xf6c0, 0xf6fc, 0xf737, 0xf76e, 
	0xf79e, 0xf7c5, 0xf7df, 0xf7ed, 0xf7ee, 0xf7e4, 0xf7d0, 0xf7b2, 0xf78c, 0xf762, 0xf735, 0xf708, 0xf6de, 0xf6b9, 0xf696, 0xf678, 
	0xf65c, 0xf644, 0xf62f, 0xf61d, 0xf610, 0xf607, 0xf604, 0xde65, 0xde4a, 0xde65, 0xdf2f, 0xe083, 0xe215, 0xe398, 0xe4bf, 0xe53d, 
	0xe4c6, 0xe33a, 0xe127, 0xdf4c, 0xde65, 0xdef4, 0xe09a, 0xe2be, 0xe4c6, 0xe637, 0xe708, 0xe750, 0xe723, 0xe697, 0xe5c0, 0xe4b3, 
	0xe386, 0xe24c, 0xe11d, 0xe00c, 0xdf2f, 0xde9b, 0xde65, 0xffff, 0x0000, 0xffff, 0xffff, 0xfffe, 0xfffd, 0xfffc, 0xfffc, 0xfffb, 
	0xfffc, 0xfffc, 0xfffe, 0xffff, 0xffff, 0xffff, 0xfffe, 0xfffd, 0xfffc, 0xfffb, 0xfffb, 0xfffa, 0xfffa, 0xfffb, 0xfffb, 0xfffc, 
	0xfffc, 0xfffd, 0xfffe, 0xfffe, 0xffff, 0xffff, 0xffff, 0x27e3, 0x27fb, 0x27e3, 0x2728, 0x25e9, 0x2469, 0x22ee, 0x21c7, 0x2147, 
	0x21bf, 0x234b, 0x254d, 0x270d, 0x27e3, 0x275f, 0x25d4, 0x23c4, 0x21bf, 0x2047, 0x1f6d, 0x1f22, 0x1f51, 0x1fe3, 0x20c1, 0x21d2, 
	0x2300, 0x2433, 0x2558, 0x265a, 0x2728, 0x27b1, 0x27e3, 0xec41, 0xec50, 0xec41, 0xebd1, 0xeb18, 0xea42, 0xe97a, 0xe8e7, 0xe8a8, 
	0xe8e3, 0xe9aa, 0xeac0, 0xebc1, 0xec41, 0xebf2, 0xeb0b, 0xe9ea, 0xe8e3, 0xe82f, 0xe7cc, 0xe7ab, 0xe7c0, 0xe802, 0xe869, 0xe8ec, 
	0xe984, 0xea25, 0xeac5, 0xeb58, 0xebd1, 0xec23, 0xec41, 0xf1b6, 0xf1aa, 0xf1b6, 0xf20d, 0xf2a8, 0xf368, 0xf42c, 0xf4c9, 0xf50e, 
	0xf4cd, 0xf3fb, 0xf2f5, 0xf21b, 0xf1b6, 0xf1f4, 0xf2b2, 0xf3bc, 0xf4cd, 0xf59a, 0xf613, 0xf63d, 0xf622, 0xf5d1, 0xf557, 0xf4c2, 
	0xf422, 0xf383, 0xf2f0, 0xf271, 0xf20d, 0xf1cd, 0xf1b6, 0xf741, 0xf756, 0xf791, 0xf7ec, 0xf861, 0xf8e9, 0xf980, 0xfa1e, 0xfabf, 
	0xfb5b, 0xfbed, 0xfc6f, 0xfcdc, 0xfd2d, 0xfd5c, 0xfd67, 0xfd4f, 0xfd18, 0xfcc8, 0xfc62, 0xfbeb, 0xfb66, 0xfad9, 0xfa48, 0xf9b7, 
	0xf92b, 0xf8a8, 0xf833, 0xf7d0, 0xf784, 0xf753, 0xf741, 0x1792, 0x1790, 0x178d, 0x1788, 0x1781, 0x1778, 0x176c, 0x1760, 0x1752, 
	0x1743, 0x1734, 0x1726, 0x171a, 0x1710, 0x170a, 0x1709, 0x170c, 0x1712, 0x171c, 0x1727, 0x1734, 0x1742, 0x174f, 0x175c, 0x1768, 
	0x1773, 0x177c, 0x1784, 0x178a, 0x178e, 0x1791, 0x1792, 0x4284, 0x428f, 0x42af, 0x42e1, 0x4321, 0x436b, 0x43bd, 0x4413, 0x446a, 
	0x44bf, 0x450d, 0x4554, 0x458e, 0x45b9, 0x45d3, 0x45d9, 0x45cc, 0x45ae, 0x4583, 0x454c, 0x450c, 0x44c5, 0x4478, 0x442a, 0x43db, 
	0x438f, 0x4348, 0x4308, 0x42d2, 0x42a8, 0x428d, 0x4284, 0xda6a, 0xda74, 0xda91, 0xdabe, 0xdaf7, 0xdb3b, 0xdb86, 0xdbd4, 0xdc24, 
	0xdc72, 0xdcbb, 0xdcfd, 0xdd34, 0xdd5d, 0xdd75, 0xdd7a, 0xdd6e, 0xdd52, 0xdd2a, 0xdcf6, 0xdcba, 0xdc78, 0xdc31, 0xdbe9, 0xdba1, 
	0xdb5b, 0xdb1b, 0xdae1, 0xdab0, 0xda8a, 0xda72, 0xda6a, 0x030f, 0x030b, 0x0301, 0x02f1, 0x02de, 0x02c7, 0x02ad, 0x0293, 0x0279, 
	0x0260, 0x0248, 0x0234, 0x0223, 0x0216, 0x020f, 0x020d, 0x0211, 0x0219, 0x0226, 0x0236, 0x0249, 0x025e, 0x0275, 0x028c, 0x02a4, 
	0x02bb, 0x02d2, 0x02e5, 0x02f6, 0x0303, 0x030c, 0x030f, 0x855b, 0x8555, 0x8544, 0x852b, 0x850a, 0x84e3, 0x84b8, 0x848b, 0x845d, 
	0x8430, 0x8405, 0x83df, 0x83bf, 0x83a7, 0x8399, 0x8396, 0x839d, 0x83ad, 0x83c5, 0x83e3, 0x8406, 0x842c, 0x8455, 0x847f, 0x84a9, 
	0x84d1, 0x84f6, 0x8517, 0x8533, 0x8548, 0x8556, 0x855b, 0xe88c, 0xe8a9, 0xe8f9, 0xe976, 0xea17, 0xead7, 0xebad, 0xec91, 0xed7b, 
	0xee62, 0xef3d, 0xf002, 0xf0a7, 0xf123, 0xf16d, 0xf17d, 0xf158, 0xf104, 0xf089, 0xefee, 0xef39, 0xee73, 0xeda2, 0xecce, 0xebfc, 
	0xeb34, 0xea7b, 0xe9d8, 0xe94f, 0xe8e7, 0xe8a4, 0xe88c, 0x4d98, 0x4d95, 0x4d8b, 0x4d7c, 0x4d69, 0x4d54, 0x4d3e, 0x4d29, 0x4d15, 
	0x4d03, 0x4cf3, 0x4ce6, 0x4cdd, 0x4cd6, 0x4cd2, 0x4cd1, 0x4cd3, 0x4cd7, 0x4cde, 0x4ce8, 0x4cf3, 0x4d01, 0x4d12, 0x4d24, 0x4d37, 
	0x4d4a, 0x4d5e, 0x4d70, 0x4d80, 0x4d8d, 0x4d95, 0x4d98, 0x30f1, 0x310c, 0x3157, 0x31cd, 0x3266, 0x331c, 0x33e6, 0x34bf, 0x359d, 
	0x3678, 0x3748, 0x3803, 0x38a0, 0x3916, 0x395c, 0x396b, 0x3948, 0x38f8, 0x3883, 0x37f0, 0x3744, 0x3688, 0x35c2, 0x34f8, 0x3432, 
	0x3374, 0x32c5, 0x322a, 0x31a9, 0x3146, 0x3107, 0x30f1, 0x36d0, 0x36d2, 0x36d7, 0x36df, 0x36e9, 0x36f4, 0x3701, 0x370f, 0x371d, 
	0x372b, 0x3737, 0x3743, 0x374c, 0x3753, 0x3757, 0x3758, 0x3756, 0x3751, 0x374a, 0x3741, 0x3737, 0x372c, 0x371f, 0x3713, 0x3706, 
	0x36fa, 0x36ef, 0x36e5, 0x36dc, 0x36d6, 0x36d1, 0x36d0, 0xa917, 0xa918, 0xa919, 0xa91b, 0xa91e, 0xa922, 0xa926, 0xa92a, 0xa92e, 
	0xa932, 0xa936, 0xa939, 0xa93c, 0xa93e, 0xa93f, 0xa940, 0xa93f, 0xa93e, 0xa93c, 0xa939, 0xa936, 0xa932, 0xa92f, 0xa92b, 0xa927, 
	0xa924, 0xa920, 0xa91d, 0xa91b, 0xa919, 0xa918, 0xa917, 0x29e6, 0x29e7, 0x29eb, 0x29f1, 0x29f9, 0x2a02, 0x2a0c, 0x2a16, 0x2a21, 
	0x2a2b, 0x2a35, 0x2a3e, 0x2a45, 0x2a4a, 0x2a4e, 0x2a4e, 0x2a4d, 0x2a49, 0x2a44, 0x2a3d, 0x2a35, 0x2a2c, 0x2a23, 0x2a19, 0x2a0f, 
	0x2a06, 0x29fd, 0x29f6, 0x29ef, 0x29ea, 0x29e7, 0x29e6, 0xf5c3, 0xf5d6, 0xf60d, 0xf661, 0xf6ce, 0xf74d, 0xf7da, 0xf86f, 0xf907, 
	0xf99b, 0xfa27, 0xfaa4, 0xfb0c, 0xfb5b, 0xfb89, 0xfb93, 0xfb7c, 0xfb47, 0xfaf9, 0xfa97, 0xfa25, 0xf9a6, 0xf920, 0xf897, 0xf80e, 
	0xf78b, 0xf710, 0xf6a3, 0xf647, 0xf600, 0xf5d3, 0xf5c3, 0x1441, 0x1445, 0x1452, 0x1465, 0x147c, 0x1498, 0x14b5, 0x14d3, 0x14f1, 
	0x150d, 0x1526, 0x153c, 0x154e, 0x155b, 0x1563, 0x1564, 0x1561, 0x1558, 0x154b, 0x153a, 0x1526, 0x150f, 0x14f6, 0x14db, 0x14c0, 
	0x14a5, 0x148b, 0x1473, 0x145f, 0x144f, 0x1445, 0x1441, 0x3597, 0x35a0, 0x35ba, 0x35e2, 0x3616, 0x3654, 0x3698, 0x36e1, 0x372c, 
	0x3775, 0x37ba, 0x37f8, 0x382c, 0x3853, 0x386a, 0x386f, 0x3864, 0x3849, 0x3823, 0x37f2, 0x37b9, 0x377a, 0x3738, 0x36f5, 0x36b2, 
	0x3672, 0x3636, 0x3602, 0x35d6, 0x35b4, 0x359e, 0x3597, 0xe43e, 0xe448, 0xe465, 0xe490, 0xe4c9, 0xe50b, 0xe554, 0xe5a1, 0xe5ef, 
	0xe63b, 0xe683, 0xe6c3, 0xe6f8, 0xe720, 0xe738, 0xe73d, 0xe731, 0xe716, 0xe6ee, 0xe6bc, 0xe682, 0xe641, 0xe5fc, 0xe5b5, 0xe56f, 
	0xe52b, 0xe4eb, 0xe4b3, 0xe483, 0xe45e, 0xe447, 0xe43e, 0x076e, 0x0769, 0x075c, 0x0747, 0x072d, 0x070f, 0x06ee, 0x06cb, 0x06a8, 
	0x0687, 0x0667, 0x064b, 0x0634, 0x0623, 0x0619, 0x0617, 0x061c, 0x0627, 0x0638, 0x064e, 0x0668, 0x0684, 0x06a3, 0x06c2, 0x06e2, 
	0x0701, 0x071e, 0x0738, 0x074e, 0x075f, 0x076a, 0x076e, 0x983e, 0x9839, 0x982c, 0x9817, 0x97fd, 0x97de, 0x97bc, 0x9797, 0x9772, 
	0x974d, 0x972b, 0x970c, 0x96f2, 0x96de, 0x96d3, 0x96d0, 0x96d6, 0x96e3, 0x96f7, 0x970f, 0x972b, 0x974b, 0x976c, 0x978d, 0x97af, 
	0x97cf, 0x97ed, 0x9807, 0x981e, 0x982f, 0x983a, 0x983e, 0x7706, 0x7710, 0x772c, 0x7757, 0x778e, 0x77cf, 0x7816, 0x7861, 0x78ad, 
	0x78f7, 0x793d, 0x797b, 0x79af, 0x79d6, 0x79ed, 0x79f2, 0x79e6, 0x79cc, 0x79a6, 0x7975, 0x793c, 0x78fd, 0x78ba, 0x7875, 0x7830, 
	0x77ee, 0x77b0, 0x7778, 0x774a, 0x7726, 0x770e, 0x7706, 0xffb7, 0xffb8, 0xffbc, 0xffc2, 0xffc9, 0xffd2, 0xffdb, 0xffe5, 0xffef, 
	0xfff9, 0x0003, 0x000c, 0x0013, 0x0018, 0x001b, 0x001c, 0x001a, 0x0017, 0x0011, 0x000b, 0x0003, 0xfffa, 0xfff1, 0xffe8, 0xffdf, 
	0xffd6, 0xffce, 0xffc6, 0xffc0, 0xffbb, 0xffb8, 0xffb7, 0xba9c, 0xba9c, 0xba9c, 0xba9c, 0xba9b, 0xba9b, 0xba9b, 0xba9b, 0xba9a, 
	0xba9a, 0xba9a, 0xba9a, 0xba9a, 0xba9b, 0xba9b, 0xba9b, 0xba9b, 0xba9b, 0xba9a, 0xba9a, 0xba9a, 0xba9a, 0xba9a, 0xba9b, 0xba9b, 
	0xba9b, 0xba9b, 0xba9c, 0xba9c, 0xba9c, 0xba9c, 0xba9c, 0xd5c3, 0xd5c6, 0xd5cd, 0xd5d8, 0xd5e7, 0xd5f8, 0xd60b, 0xd61e, 0xd633, 
	0xd646, 0xd659, 0xd669, 0xd677, 0xd681, 0xd687, 0xd688, 0xd685, 0xd67e, 0xd674, 0xd667, 0xd658, 0xd648, 0xd636, 0xd624, 0xd612, 
	0xd600, 0xd5f0, 0xd5e1, 0xd5d5, 0xd5cb, 0xd5c5, 0xd5c3, 0x0f57, 0x0f59, 0x0f5e, 0x0f67, 0x0f72, 0x0f7f, 0x0f8d, 0x0f9c, 0x0fab, 
	0x0fba, 0x0fc7, 0x0fd4, 0x0fde, 0x0fe6, 0x0fea, 0x0feb, 0x0fe9, 0x0fe4, 0x0fdc, 0x0fd2, 0x0fc7, 0x0fbb, 0x0fad, 0x0fa0, 0x0f92, 
	0x0f85, 0x0f79, 0x0f6d, 0x0f64, 0x0f5d, 0x0f58, 0x0f57, 0x5ec0, 0x5ec1, 0x5ec4, 0x5ec8, 0x5ece, 0x5ed5, 0x5edc, 0x5ee4, 0x5eec, 
	0x5ef4, 0x5efb, 0x5f02, 0x5f08, 0x5f0c, 0x5f0e, 0x5f0f, 0x5f0e, 0x5f0b, 0x5f07, 0x5f01, 0x5efb, 0x5ef5, 0x5eee, 0x5ee6, 0x5edf, 
	0x5ed8, 0x5ed2, 0x5ecc, 0x5ec7, 0x5ec3, 0x5ec1, 0x5ec0, };

JointIndex gScissorsBeetleSkelIdle1AnimJointIndices[17] = {
	{ 0x0000, 0x0007, 0x0000, },
	{ 0x0001, 0x0000, 0x0002, },
	{ 0x0000, 0x0000, 0x0000, },
	{ 0x0003, 0x0000, 0x0027, },
	{ 0x0004, 0x0005, 0x0047, },
	{ 0x0067, 0x0087, 0x00a7, },
	{ 0x00c7, 0x00e7, 0x0107, },
	{ 0x0127, 0x0147, 0x0006, },
	{ 0x0167, 0x0187, 0x01a7, },
	{ 0x01c7, 0x01e7, 0x0207, },
	{ 0x0227, 0x0247, 0x0267, },
	{ 0x0287, 0x02a7, 0x02c7, },
	{ 0x02e7, 0x0307, 0x0327, },
	{ 0x0347, 0x0367, 0x0387, },
	{ 0x03a7, 0x03c7, 0x03e7, },
	{ 0x0407, 0x0427, 0x0447, },
	{ 0x0467, 0x0487, 0x04a7, },
};

AnimationHeader gScissorsBeetleSkelIdle1Anim = { { 32 }, gScissorsBeetleSkelIdle1AnimFrameData, gScissorsBeetleSkelIdle1AnimJointIndices, 7 };

s16 gScissorsBeetleSkelIdle2AnimFrameData[1847] = {
	0x0000, 0xbfff, 0x0000, 0x0000, 0xffff, 0xffff, 0xfffe, 0xfffc, 0xfffb, 0xfff9, 0xfff7, 0xfff5, 0xfff3, 0xfff1, 0xffef, 0xffec, 
	0xffea, 0xffe8, 0xffe5, 0xffe3, 0xffe1, 0xffdf, 0xffdd, 0xffdc, 0xffda, 0xffd9, 0xffd8, 0xffd7, 0xffd6, 0xffd6, 0xffd7, 0xffd9, 
	0xffdc, 0xffe0, 0xffe4, 0xffe9, 0xffee, 0xfff2, 0xfff7, 0xfffa, 0xfffd, 0xffff, 0x0000, 0x0000, 0x0000, 0xfffe, 0xfffc, 0xfffa, 
	0xfff6, 0xfff3, 0xffee, 0xffe9, 0xffe4, 0xffdf, 0xffd9, 0xffd4, 0xffce, 0xffc8, 0xffc2, 0xffbc, 0xffb7, 0xffb1, 0xffac, 0xffa7, 
	0xffa3, 0xff9f, 0xff9c, 0xff99, 0xff97, 0xff96, 0xff95, 0xff97, 0xff9c, 0xffa4, 0xffae, 0xffb9, 0xffc5, 0xffd1, 0xffdd, 0xffe8, 
	0xfff2, 0xfff9, 0xfffe, 0x0000, 0x4000, 0x4002, 0x4007, 0x4010, 0x401d, 0x402c, 0x403d, 0x4051, 0x4066, 0x407e, 0x4096, 0x40b0, 
	0x40ca, 0x40e5, 0x4100, 0x411b, 0x4135, 0x414f, 0x4167, 0x417f, 0x4194, 0x41a8, 0x41ba, 0x41c9, 0x41d5, 0x41de, 0x41e3, 0x41e5, 
	0x41dd, 0x41c6, 0x41a4, 0x4178, 0x4145, 0x410e, 0x40d7, 0x40a0, 0x406d, 0x4041, 0x401f, 0x4008, 0x4000, 0x8000, 0x8000, 0x8000, 
	0x8000, 0x8000, 0x8000, 0x8000, 0x7fff, 0x7ffb, 0x7fee, 0x7fdb, 0x7fc6, 0x7fb1, 0x7fa1, 0x7f9a, 0x7fbe, 0x800d, 0x8061, 0x809d, 
	0x80b0, 0x809e, 0x807b, 0x8052, 0x802a, 0x800b, 0x7fff, 0x7fff, 0x7fff, 0x7fff, 0x7fff, 0x7fff, 0x7fff, 0x7fff, 0x7fff, 0x7fff, 
	0x7fff, 0x7fff, 0x7fff, 0x7fff, 0x7fff, 0x8000, 0x0000, 0x0000, 0x0000, 0x0000, 0x0000, 0x0000, 0x0000, 0x0000, 0xff61, 0xfdc8, 
	0xfb99, 0xf937, 0xf708, 0xf571, 0xf4d4, 0xf680, 0xfa85, 0xff59, 0x0365, 0x0515, 0x04b5, 0x03c4, 0x028a, 0x0151, 0x0060, 0x0000, 
	0x0000, 0x0000, 0x0000, 0x0000, 0x0000, 0x0000, 0x0000, 0x0000, 0x0000, 0x0000, 0x0000, 0x0000, 0x0000, 0x0000, 0x0000, 0x01ec, 
	0x016b, 0x001f, 0xfe59, 0xfc6b, 0xfaa6, 0xf959, 0xf8d6, 0xf8d7, 0xf8e1, 0xf8f1, 0xf905, 0xf919, 0xf929, 0xf92f, 0xf90e, 0xf8be, 
	0xf85d, 0xf7f9, 0xf79a, 0xf749, 0xf70b, 0xf6df, 0xf6c5, 0xf6b8, 0xf6b6, 0xf6dd, 0xf745, 0xf7e5, 0xf8b2, 0xf9a2, 0xfaac, 0xfbc5, 
	0xfce3, 0xfdfc, 0xff05, 0xfff5, 0x00c2, 0x0161, 0x01c7, 0x01ec, 0x0f3f, 0x0f42, 0x0f48, 0x0f4f, 0x0f52, 0x0f51, 0x0f4b, 0x0f3f, 
	0x04df, 0x017c, 0x0c05, 0x0f3f, 0x04df, 0x017c, 0x0c05, 0x0f3f, 0x04df, 0x017c, 0x0c05, 0x0f3f, 0x04df, 0x017c, 0x0c05, 0x0f3f, 
	0x04df, 0x017c, 0x01ef, 0x0345, 0x0577, 0x0892, 0x0cce, 0x0dd9, 0x0c2c, 0x0b84, 0x0bd2, 0x0d1d, 0x0f1e, 0x0e4f, 0x0e8b, 0x0f0d, 
	0x0f3f, 0xefd5, 0xefc2, 0xef96, 0xef63, 0xef3d, 0xef37, 0xef63, 0xefd5, 0x0659, 0x0d0b, 0xf6a1, 0xefd5, 0x0659, 0x0d0b, 0xf6a1, 
	0xefd5, 0x0659, 0x0d0b, 0xf6a1, 0xefd5, 0x0659, 0x0d0b, 0xf6a1, 0xefd5, 0x0659, 0x0d0b, 0x0c14, 0x0927, 0x0433, 0xfd34, 0xf457, 
	0xf25a, 0xf597, 0xf6eb, 0xf64c, 0xf3be, 0xf00e, 0xf182, 0xf114, 0xf02c, 0xefd5, 0x29be, 0x29f6, 0x2a87, 0x2b52, 0x2c37, 0x2d16, 
	0x2dcc, 0x2e3a, 0x2dcc, 0x2c7d, 0x2eb8, 0x2e3a, 0x2dcc, 0x2c7d, 0x2eb8, 0x2e3a, 0x2dcc, 0x2c7d, 0x2eb8, 0x2e3a, 0x2dcc, 0x2c7d, 
	0x2eb8, 0x2e3a, 0x2dcc, 0x2c7d, 0x2c8f, 0x2cb2, 0x2cb5, 0x2c45, 0x2ae3, 0x2a6d, 0x2b25, 0x2b65, 0x2b48, 0x2ac1, 0x29cf, 0x2a35, 
	0x2a18, 0x29d7, 0x29be, 0x1ba8, 0x1b94, 0x1b65, 0x1b2e, 0x1b04, 0x1afa, 0x1b29, 0x1ba8, 0xf219, 0x0008, 0xa515, 0x1ba8, 0xf219, 
	0x0008, 0xa515, 0x1ba8, 0xf219, 0x0008, 0xa515, 0x1ba8, 0xf219, 0x0008, 0xa515, 0x1ba8, 0xf219, 0x0008, 0xfee4, 0xfa5d, 0xeb82, 
	0xbcfb, 0x2089, 0x1e0d, 0xa27a, 0xa4fd, 0xa3c0, 0x1fb8, 0x1bd8, 0x1d2b, 0x1cc1, 0x1bf1, 0x1ba8, 0x5717, 0x5727, 0x574c, 0x5775, 
	0x5794, 0x5798, 0x5773, 0x5717, 0x344a, 0x2c96, 0x311f, 0x5717, 0x344a, 0x2c96, 0x311f, 0x5717, 0x344a, 0x2c96, 0x311f, 0x5717, 
	0x344a, 0x2c96, 0x311f, 0x5717, 0x344a, 0x2c96, 0x2dc6, 0x3149, 0x367d, 0x37df, 0x514e, 0x53d2, 0x303c, 0x31d4, 0x3117, 0x520e, 
	0x56cc, 0x54e9, 0x5577, 0x56a6, 0x5717, 0x4839, 0x4861, 0x48cd, 0x496d, 0x4a30, 0x4b06, 0x4be1, 0x4cb5, 0x1e93, 0x2b1f, 0xd4b9, 
	0x4cb5, 0x1e93, 0x2b1f, 0xd4b9, 0x4cb5, 0x1e93, 0x2b1f, 0xd4b9, 0x4cb5, 0x1e93, 0x2b1f, 0xd4b9, 0x4cb5, 0x1e93, 0x2b1f, 0x2a08, 
	0x25a7, 0x170b, 0xe8dc, 0x4cdd, 0x4a7c, 0xcebd, 0xd12f, 0xcffa, 0x4c14, 0x4866, 0x49a5, 0x4941, 0x487d, 0x4839, 0x000c, 0x000c, 
	0x000d, 0x000d, 0x000e, 0x000e, 0x000d, 0x000c, 0x000b, 0x000a, 0x000c, 0x0011, 0x0013, 0x000c, 0xfffb, 0xfff3, 0x000c, 0x0053, 
	0x00a3, 0x00cf, 0x00aa, 0x000c, 0xfee2, 0xfd5e, 0xfbbe, 0xfa40, 0xf926, 0xf8b9, 0xf8d2, 0xf91a, 0xf98c, 0xfa23, 0xfadb, 0xfbab, 
	0xfc89, 0xfd69, 0xfe3c, 0xfef6, 0xff89, 0xffe9, 0x000c, 0xffb5, 0xffb5, 0xffb5, 0xffb5, 0xffb5, 0xffb5, 0xffb5, 0xffb5, 0xffb6, 
	0xffb6, 0xffb5, 0xffb4, 0xffb3, 0xffb5, 0xffbb, 0xffbc, 0xffb5, 0xffa5, 0xff90, 0xff7c, 0xff7e, 0xffb5, 0x0038, 0x00ee, 0x01b5, 
	0x0266, 0x02e3, 0x0312, 0x02fa, 0x02b9, 0x0259, 0x01e7, 0x016e, 0x00fb, 0x0095, 0x0042, 0x0005, 0xffdc, 0xffc4, 0xffb9, 0xffb5, 
	0xf604, 0xf7b0, 0xfbf7, 0x01ba, 0x07bf, 0x0cc6, 0x0f9d, 0x0f28, 0x0afe, 0x05bf, 0x02d6, 0x047b, 0x083b, 0x0a74, 0x089e, 0x0481, 
	0x0103, 0x0061, 0x0243, 0x05b4, 0x09bb, 0x0d5c, 0x0fd2, 0x112e, 0x11b8, 0x11b9, 0x117f, 0x115a, 0x10e8, 0x0fa8, 0x0dbe, 0x0b4a, 
	0x0871, 0x0559, 0x022a, 0xff0d, 0xfc2d, 0xf9b1, 0xf7be, 0xf679, 0xf604, 0xde65, 0xde63, 0xde5e, 0xde58, 0xde52, 0xde4e, 0xde4c, 
	0xde4d, 0xde50, 0xde54, 0xde5a, 0xde60, 0xde66, 0xde6d, 0xde73, 0xde78, 0xde7c, 0xde7f, 0xde80, 0xde7f, 0xde7d, 0xde7a, 0xde76, 
	0xde71, 0xde6c, 0xde67, 0xde62, 0xde5d, 0xde5a, 0xde58, 0xde57, 0xde57, 0xde58, 0xde5a, 0xde5c, 0xde5e, 0xde60, 0xde62, 0xde63, 
	0xde64, 0xde65, 0xffff, 0x0000, 0x0000, 0x0000, 0xfffe, 0xfffe, 0xfffd, 0xfffd, 0xfffe, 0xffff, 0x0000, 0x0000, 0xffff, 0xfffe, 
	0xfffc, 0xfffb, 0xfff9, 0xfff8, 0xfff7, 0xfff8, 0xfff9, 0xfffa, 0xfffb, 0xfffd, 0xfffe, 0xffff, 0x0000, 0x0000, 0x0000, 0x0000, 
	0xffff, 0xffff, 0x0000, 0x0000, 0x0000, 0x0000, 0x0000, 0x0000, 0x0000, 0x0000, 0xffff, 0x0a67, 0x0968, 0x06ea, 0x03a8, 0x0065, 
	0xfde2, 0xfce2, 0xfd71, 0xfeff, 0x015e, 0x045b, 0x07c5, 0x0b65, 0x0f05, 0x126c, 0x1566, 0x17c1, 0x194d, 0x19db, 0x196a, 0x182f, 
	0x1651, 0x13f6, 0x1145, 0x0e68, 0x0b8a, 0x08d5, 0x0675, 0x0493, 0x0355, 0x02e4, 0x031c, 0x03b0, 0x0488, 0x058d, 0x06a9, 0x07c5, 
	0x08ca, 0x09a0, 0x0a31, 0x0a67, 0x27e3, 0x27e1, 0x27dc, 0x27d7, 0x27d2, 0x27ce, 0x27cd, 0x27ce, 0x27d0, 0x27d3, 0x27d8, 0x27de, 
	0x27e4, 0x27eb, 0x27f2, 0x27f8, 0x27fc, 0x2800, 0x2801, 0x2800, 0x27fd, 0x27fa, 0x27f5, 0x27f0, 0x27ea, 0x27e5, 0x27e0, 0x27dc, 
	0x27d9, 0x27d7, 0x27d6, 0x27d6, 0x27d7, 0x27d8, 0x27da, 0x27dc, 0x27de, 0x27e0, 0x27e1, 0x27e2, 0x27e3, 0xec41, 0xec40, 0xec3e, 
	0xec3a, 0xec36, 0xec33, 0xec32, 0xec32, 0xec35, 0xec38, 0xec3b, 0xec3f, 0xec42, 0xec45, 0xec47, 0xec49, 0xec4a, 0xec4a, 0xec4a, 
	0xec4a, 0xec4a, 0xec49, 0xec48, 0xec47, 0xec45, 0xec42, 0xec40, 0xec3d, 0xec3b, 0xec3a, 0xec39, 0xec3a, 0xec3a, 0xec3b, 0xec3c, 
	0xec3e, 0xec3f, 0xec40, 0xec41, 0xec41, 0xec41, 0xf1b6, 0xf0b8, 0xee3b, 0xeafc, 0xe7bc, 0xe53c, 0xe43c, 0xe4ca, 0xe657, 0xe8b4, 
	0xebaf, 0xef16, 0xf2b4, 0xf650, 0xf9b4, 0xfcab, 0xff04, 0x008f, 0x011d, 0x00ac, 0xff72, 0xfd96, 0xfb3c, 0xf88e, 0xf5b4, 0xf2d8, 
	0xf026, 0xedc7, 0xebe6, 0xeaaa, 0xea39, 0xea71, 0xeb04, 0xebdb, 0xece0, 0xedfb, 0xef16, 0xf01a, 0xf0f0, 0xf180, 0xf1b6, 0xf741, 
	0xf743, 0xf747, 0xf74e, 0xf758, 0xf764, 0xf773, 0xf784, 0xf797, 0xf7ad, 0xf7c4, 0xf7de, 0xf7fa, 0xf818, 0xf838, 0xf85a, 0xf87e, 
	0xf8a3, 0xf8c8, 0xf8ee, 0xf914, 0xf939, 0xf95b, 0xf97a, 0xf994, 0xf9a8, 0xf9b5, 0xf9ba, 0xf9a7, 0xf975, 0xf930, 0xf8e3, 0xf894, 
	0xf84a, 0xf808, 0xf7ce, 0xf79d, 0xf777, 0xf75a, 0xf748, 0xf741, 0x1792, 0x17a6, 0x17e1, 0x1840, 0x18bf, 0x195c, 0x1a14, 0x1ae3, 
	0x1bc7, 0x1cbd, 0x1dc1, 0x1ed0, 0x1fe7, 0x2103, 0x2221, 0x233d, 0x2454, 0x2563, 0x2666, 0x275b, 0x283f, 0x290e, 0x29c5, 0x2a62, 
	0x2ae0, 0x2b3f, 0x2b7a, 0x2b8e, 0x2b39, 0x2a4b, 0x28e0, 0x2712, 0x24fc, 0x22ba, 0x206a, 0x1e28, 0x1c11, 0x1a42, 0x18d5, 0x17e7, 
	0x1792, 0x4284, 0x4285, 0x4287, 0x428b, 0x4290, 0x4297, 0x42a0, 0x42aa, 0x42b6, 0x42c4, 0x42d4, 0x42e5, 0x42f9, 0x430e, 0x4326, 
	0x433f, 0x435b, 0x4378, 0x4396, 0x43b5, 0x43d4, 0x43f3, 0x4410, 0x442a, 0x4441, 0x4453, 0x445e, 0x4462, 0x4452, 0x4427, 0x43ec, 
	0x43ab, 0x436c, 0x4333, 0x4302, 0x42da, 0x42ba, 0x42a2, 0x4291, 0x4287, 0x4284, 0xda6a, 0xda66, 0xda5d, 0xda4d, 0xda39, 0xda1f, 
	0xda02, 0xd9e1, 0xd9bd, 0xd996, 0xd96d, 0xd943, 0xd918, 0xd8ec, 0xd8c0, 0xd895, 0xd86b, 0xd842, 0xd81b, 0xd7f7, 0xd7d5, 0xd7b6, 
	0xd79b, 0xd784, 0xd771, 0xd763, 0xd75b, 0xd758, 0xd764, 0xd787, 0xd7bd, 0xd802, 0xd852, 0xd8a9, 0xd904, 0xd95d, 0xd9b1, 0xd9fb, 
	0xda35, 0xda5c, 0xda6a, 0x030f, 0x0311, 0x0318, 0x0322, 0x0330, 0x0342, 0x0356, 0x036e, 0x0388, 0x03a4, 0x03c2, 0x03e2, 0x0402, 
	0x0424, 0x0447, 0x0469, 0x048b, 0x04ad, 0x04cd, 0x04ec, 0x0509, 0x0524, 0x053c, 0x0550, 0x0561, 0x056d, 0x0575, 0x0578, 0x056d, 
	0x054d, 0x051e, 0x04e3, 0x04a0, 0x0459, 0x0412, 0x03ce, 0x0390, 0x035c, 0x0333, 0x0318, 0x030f, 0x855b, 0x8561, 0x8572, 0x858f, 
	0x85b4, 0x85e3, 0x8619, 0x8656, 0x8699, 0x86e1, 0x872d, 0x877d, 0x87ce, 0x8821, 0x8874, 0x88c6, 0x8917, 0x8966, 0x89b1, 0x89f8, 
	0x8a3a, 0x8a76, 0x8aab, 0x8ad9, 0x8afe, 0x8b19, 0x8b2a, 0x8b30, 0x8b17, 0x8ad2, 0x8a69, 0x89e2, 0x8948, 0x88a0, 0x87f4, 0x874c, 
	0x86af, 0x8627, 0x85bb, 0x8574, 0x855b, 0xe88c, 0xe87a, 0xe845, 0xe7ee, 0xe772, 0xe6cf, 0xe602, 0xe505, 0xe3cf, 0xe257, 0xe08e, 
	0xde65, 0xdbc7, 0xd89d, 0xd4cd, 0xd045, 0xcaff, 0xc514, 0xbec3, 0xb86b, 0xb273, 0xad2b, 0xa8bd, 0xa533, 0xa284, 0xa0a3, 0x9f83, 
	0x9f22, 0xa0c1, 0xa5b0, 0xae50, 0xba59, 0xc76b, 0xd274, 0xda64, 0xdfc6, 0xe363, 0xe5cd, 0xe75b, 0xe840, 0xe88c, 0x4d98, 0x4d89, 
	0x4d5d, 0x4d17, 0x4cb9, 0x4c46, 0x4bc0, 0x4b2b, 0x4a89, 0x49de, 0x492c, 0x4879, 0x47c7, 0x471c, 0x467d, 0x45f0, 0x457b, 0x4523, 
	0x44ec, 0x44d6, 0x44dc, 0x44f8, 0x4522, 0x4551, 0x457e, 0x45a4, 0x45bd, 0x45c5, 0x45a1, 0x454a, 0x44f0, 0x44d9, 0x4541, 0x462f, 
	0x4777, 0x48e7, 0x4a55, 0x4b9f, 0x4ca9, 0x4d59, 0x4d98, 0x30f1, 0x30e0, 0x30ae, 0x305a, 0x2fe5, 0x2f4a, 0x2e86, 0x2d92, 0x2c67, 
	0x2afb, 0x293f, 0x2723, 0x2492, 0x2175, 0x1db3, 0x1938, 0x13ff, 0x0e21, 0x07dc, 0x018f, 0xfba1, 0xf663, 0xf1fe, 0xee7b, 0xebd3, 
	0xe9f6, 0xe8d9, 0xe879, 0xea14, 0xeef7, 0xf786, 0x037a, 0x1073, 0x1b61, 0x2335, 0x287b, 0x2bff, 0x2e52, 0x2fd0, 0x30a8, 0x30f1, 
	0x36d0, 0x36ce, 0x36c8, 0x36be, 0x36b2, 0x36a2, 0x3690, 0x367c, 0x3666, 0x364e, 0x3635, 0x361b, 0x3600, 0x35e5, 0x35ca, 0x35b0, 
	0x3596, 0x357d, 0x3565, 0x354e, 0x353a, 0x3527, 0x3516, 0x3508, 0x34fc, 0x34f4, 0x34ef, 0x34ed, 0x34f4, 0x350a, 0x352b, 0x3555, 
	0x3586, 0x35bc, 0x35f4, 0x362b, 0x365e, 0x368c, 0x36b0, 0x36c7, 0x36d0, 0xa917, 0xa918, 0xa91c, 0xa922, 0xa92a, 0xa934, 0xa93f, 
	0xa94c, 0xa95b, 0xa96a, 0xa97b, 0xa98c, 0xa99e, 0xa9b0, 0xa9c3, 0xa9d5, 0xa9e8, 0xa9fa, 0xaa0b, 0xaa1b, 0xaa2a, 0xaa38, 0xaa45, 
	0xaa4f, 0xaa58, 0xaa5e, 0xaa62, 0xaa64, 0xaa5e, 0xaa4e, 0xaa35, 0xaa16, 0xa9f3, 0xa9cd, 0xa9a7, 0xa982, 0xa960, 0xa942, 0xa92b, 
	0xa91c, 0xa917, 0x29e6, 0x29e1, 0x29d2, 0x29bb, 0x299c, 0x2976, 0x294a, 0x2918, 0x28e1, 0x28a5, 0x2867, 0x2825, 0x27e1, 0x279d, 
	0x2757, 0x2712, 0x26ce, 0x268c, 0x264c, 0x2610, 0x25d8, 0x25a5, 0x2577, 0x2550, 0x2531, 0x2519, 0x250a, 0x2505, 0x251b, 0x2556, 
	0x25b0, 0x2622, 0x26a5, 0x2732, 0x27c2, 0x284e, 0x28cf, 0x293f, 0x2997, 0x29d1, 0x29e6, 0xf5c3, 0xf5c7, 0xf5d1, 0xf5e2, 0xf5f8, 
	0xf613, 0xf633, 0xf656, 0xf67c, 0xf6a4, 0xf6ce, 0xf6fa, 0xf726, 0xf752, 0xf77e, 0xf7aa, 0xf7d4, 0xf7fc, 0xf823, 0xf847, 0xf868, 
	0xf886, 0xf8a1, 0xf8b7, 0xf8ca, 0xf8d7, 0xf8e0, 0xf8e2, 0xf8d6, 0xf8b4, 0xf87f, 0xf83c, 0xf7ed, 0xf796, 0xf73a, 0xf6df, 0xf688, 
	0xf63a, 0xf5fc, 0xf5d2, 0xf5c3, 0x1441, 0x1435, 0x1411, 0x13d9, 0x138d, 0x132f, 0x12c2, 0x1247, 0x11bf, 0x112d, 0x1093, 0x0ff1, 
	0x0f4c, 0x0ea3, 0x0df9, 0x0d50, 0x0caa, 0x0c09, 0x0b6e, 0x0adb, 0x0a53, 0x09d7, 0x0969, 0x090b, 0x08bf, 0x0886, 0x0862, 0x0856, 
	0x0889, 0x0918, 0x09f2, 0x0b07, 0x0c46, 0x0d9e, 0x0efe, 0x1055, 0x1193, 0x12a7, 0x1380, 0x140e, 0x1441, 0x3597, 0x3598, 0x359d, 
	0x35a5, 0x35af, 0x35bc, 0x35ca, 0x35d9, 0x35ea, 0x35fa, 0x360b, 0x361c, 0x362d, 0x363d, 0x364c, 0x365a, 0x3667, 0x3673, 0x367e, 
	0x3688, 0x3691, 0x3698, 0x369e, 0x36a3, 0x36a7, 0x36aa, 0x36ac, 0x36ac, 0x36aa, 0x36a3, 0x3696, 0x3685, 0x366f, 0x3654, 0x3634, 
	0x3612, 0x35ef, 0x35cd, 0x35b1, 0x359e, 0x3597, 0xe43e, 0xe439, 0xe42c, 0xe415, 0xe3f7, 0xe3d3, 0xe3a8, 0xe377, 0xe342, 0xe309, 
	0xe2cc, 0xe28d, 0xe24c, 0xe20a, 0xe1c7, 0xe185, 0xe144, 0xe105, 0xe0c8, 0xe08f, 0xe059, 0xe029, 0xdffd, 0xdfd8, 0xdfba, 0xdfa4, 
	0xdf96, 0xdf91, 0xdfa5, 0xdfde, 0xe033, 0xe0a0, 0xe11d, 0xe1a4, 0xe22e, 0xe2b4, 0xe331, 0xe39d, 0xe3f2, 0xe42a, 0xe43e, 0x076e, 
	0x0770, 0x0775, 0x077f, 0x078b, 0x079a, 0x07ac, 0x07c0, 0x07d7, 0x07ee, 0x0808, 0x0822, 0x083d, 0x0859, 0x0874, 0x0890, 0x08ab, 
	0x08c5, 0x08df, 0x08f7, 0x090d, 0x0922, 0x0934, 0x0943, 0x0950, 0x0959, 0x095f, 0x0961, 0x0958, 0x0941, 0x091d, 0x08f0, 0x08bb, 
	0x0883, 0x084a, 0x0812, 0x07de, 0x07b1, 0x078d, 0x0776, 0x076e, 0x983e, 0x983e, 0x983f, 0x9841, 0x9843, 0x9846, 0x9849, 0x984c, 
	0x9850, 0x9853, 0x9857, 0x985b, 0x985f, 0x9862, 0x9866, 0x9869, 0x986c, 0x986f, 0x9871, 0x9873, 0x9875, 0x9877, 0x9878, 0x9879, 
	0x987a, 0x987b, 0x987b, 0x987c, 0x987b, 0x9879, 0x9877, 0x9873, 0x986e, 0x9867, 0x9860, 0x9858, 0x9851, 0x9849, 0x9843, 0x983f, 
	0x983e, 0x7706, 0x7708, 0x770d, 0x7715, 0x7720, 0x772d, 0x773c, 0x774e, 0x7761, 0xf775, 0xf78b, 0xf7a3, 0xf7ba, 0xf7d3, 0xf7eb, 
	0xf804, 0xf81c, 0xf834, 0xf84b, 0xf861, 0xf875, 0xf888, 0xf899, 0xf8a7, 0xf8b3, 0xf8bc, 0xf8c2, 0xf8c4, 0xf8bc, 0xf8a5, 0xf884, 
	0xf85a, 0xf82b, 0xf7f8, 0xf7c5, 0xf794, 0x7767, 0x7740, 0x7722, 0x770d, 0x7706, 0xffb7, 0xffaa, 0xff85, 0xff48, 0xfef8, 0xfe94, 
	0xfe20, 0xfd9c, 0xfd0c, 0x838d, 0x8431, 0x84dc, 0x858d, 0x8640, 0x86f4, 0x87a7, 0x8857, 0x8902, 0x89a6, 0x8a41, 0x8ad1, 0x8b54, 
	0x8bc8, 0x8c2c, 0x8c7d, 0x8cb9, 0x8cde, 0x8ceb, 0x8cb5, 0x8c1e, 0x8b37, 0x8a12, 0x88c1, 0x8754, 0x85df, 0x8472, 0xfcde, 0xfe03, 
	0xfee9, 0xff81, 0xffb7, 0xba9c, 0xba9c, 0xba9c, 0xba9c, 0xba9c, 0xba9b, 0xba9b, 0xba9a, 0xba99, 0x3a97, 0x3a95, 0x3a93, 0x3a90, 
	0x3a8c, 0x3a88, 0x3a84, 0x3a7f, 0x3a7a, 0x3a75, 0x3a70, 0x3a6a, 0x3a65, 0x3a61, 0x3a5c, 0x3a59, 0x3a56, 0x3a55, 0x3a54, 0x3a56, 
	0x3a5d, 0x3a66, 0x3a71, 0x3a7c, 0x3a86, 0x3a8e, 0x3a94, 0xba98, 0xba9b, 0xba9c, 0xba9c, 0xba9c, 0xd5c3, 0xd5bf, 0xd5b1, 0xd59b, 
	0xd57e, 0xd55a, 0xd530, 0xd501, 0xd4cd, 0xd495, 0xd45a, 0xd41d, 0xd3de, 0xd39e, 0xd35e, 0xd31f, 0xd2e0, 0xd2a3, 0xd269, 0xd232, 
	0xd1ff, 0xd1d1, 0xd1a8, 0xd185, 0xd168, 0xd153, 0xd145, 0xd141, 0xd154, 0xd18a, 0xd1db, 0xd243, 0xd2bb, 0xd33c, 0xd3c1, 0xd443, 
	0xd4bc, 0xd525, 0xd579, 0xd5b0, 0xd5c3, 0x0f57, 0x0f54, 0x0f4b, 0x0f3c, 0x0f29, 0x0f11, 0x0ef6, 0x0ed6, 0x0eb4, 0x0e8f, 0x0e68, 
	0x0e3f, 0x0e15, 0x0deb, 0x0dc0, 0x0d95, 0x0d6b, 0x0d43, 0x0d1c, 0x0cf7, 0x0cd4, 0x0cb5, 0x0c99, 0x0c82, 0x0c6e, 0x0c60, 0x0c57, 
	0x0c54, 0x0c61, 0x0c85, 0x0cbc, 0x0d02, 0x0d52, 0x0da9, 0x0e02, 0x0e58, 0x0ea9, 0x0eef, 0x0f26, 0x0f4a, 0x0f57, 0x5ec0, 0x5ec0, 
	0x5ebf, 0x5ebf, 0x5ebe, 0x5ebc, 0x5ebb, 0x5eba, 0x5eb9, 0x5eb8, 0x5eb7, 0x5eb7, 0x5eb6, 0x5eb6, 0x5eb7, 0x5eb7, 0x5eb8, 0x5eb9, 
	0x5eba, 0x5ebb, 0x5ebd, 0x5ebe, 0x5ebf, 0x5ec1, 0x5ec2, 0x5ec3, 0x5ec3, 0x5ec3, 0x5ec3, 0x5ec1, 0x5ebe, 0x5ebb, 0x5eb8, 0x5eb7, 
	0x5eb6, 0x5eb7, 0x5eb9, 0x5ebb, 0x5ebd, 0x5ebf, 0x5ec0, };

JointIndex gScissorsBeetleSkelIdle2AnimJointIndices[17] = {
	{ 0x0000, 0x0002, 0x002b, },
	{ 0x0054, 0x0000, 0x0001, },
	{ 0x0000, 0x0000, 0x0000, },
	{ 0x007d, 0x00a6, 0x00cf, },
	{ 0x00f8, 0x0121, 0x014a, },
	{ 0x0173, 0x019c, 0x01c5, },
	{ 0x01ee, 0x0217, 0x0240, },
	{ 0x0269, 0x0292, 0x02bb, },
	{ 0x02e4, 0x030d, 0x0336, },
	{ 0x035f, 0x0388, 0x03b1, },
	{ 0x03da, 0x0403, 0x042c, },
	{ 0x0455, 0x047e, 0x04a7, },
	{ 0x04d0, 0x04f9, 0x0522, },
	{ 0x054b, 0x0574, 0x059d, },
	{ 0x05c6, 0x05ef, 0x0618, },
	{ 0x0641, 0x066a, 0x0693, },
	{ 0x06bc, 0x06e5, 0x070e, },
};

AnimationHeader gScissorsBeetleSkelIdle2Anim = { { 41 }, gScissorsBeetleSkelIdle2AnimFrameData, gScissorsBeetleSkelIdle2AnimJointIndices, 2 };

s16 gScissorsBeetleSkelIdle3AnimFrameData[1285] = {
	0x0000, 0xbfff, 0xda6a, 0x030f, 0x855b, 0x36d0, 0xa917, 0x29e6, 0xe43e, 0x076e, 0x983e, 0xd5c3, 0x0f57, 0x5ec0, 0x4000, 0x3f42, 
	0x3d3e, 0x3a48, 0x36b4, 0x32db, 0x2f19, 0x2bc7, 0x292b, 0x2746, 0x2609, 0x2566, 0x2551, 0x25bf, 0x26a4, 0x27f7, 0x29b1, 0x2bc7, 
	0x2e30, 0x30dd, 0x33bb, 0x36b8, 0x39be, 0x3cb9, 0x3f94, 0x4238, 0x4493, 0x4690, 0x481d, 0x4928, 0x49a1, 0x497d, 0x48d4, 0x47c8, 
	0x4677, 0x4503, 0x438a, 0x422d, 0x410d, 0x4048, 0x4000, 0x8000, 0x7fdb, 0x7f7b, 0x7ef9, 0x7e6a, 0x7de7, 0x7d87, 0x7d63, 0x7d63, 
	0x7d63, 0x7d63, 0x7d63, 0x7d63, 0x7d63, 0x7d63, 0x7d63, 0x7d63, 0x7d63, 0x7d63, 0x7d69, 0x7d7a, 0x7d95, 0x7db7, 0x7dde, 0x7e0a, 
	0x7e37, 0x7e65, 0x7e94, 0x7ec3, 0x7ef1, 0x7f1b, 0x7f43, 0x7f68, 0x7f8a, 0x7fa8, 0x7fc2, 0x7fd7, 0x7fe9, 0x7ff5, 0x7ffd, 0x8000, 
	0x0000, 0x0005, 0x000e, 0x0016, 0x0016, 0x0011, 0x0008, 0x0004, 0x0004, 0x0004, 0x0004, 0x0004, 0x0004, 0x0004, 0x0004, 0x0004, 
	0x0004, 0x0004, 0x0004, 0x0001, 0xfff6, 0xffe8, 0xffd6, 0xffc0, 0xffa9, 0xff93, 0xff7f, 0xff70, 0xff69, 0xff6b, 0xff73, 0xff7e, 
	0xff8e, 0xff9f, 0xffb2, 0xffc5, 0xffd7, 0xffe7, 0xfff3, 0xfffc, 0x0000, 0x01ec, 0x015c, 0xffe7, 0xfdea, 0xfbc0, 0xf9c3, 0xf84f, 
	0xf7bf, 0xf7bf, 0xf7bf, 0xf7bf, 0xf7bf, 0xf7bf, 0xf7bf, 0xf7bf, 0xf7bf, 0xf7bf, 0xf7bf, 0xf7bf, 0xf815, 0xf8fe, 0xfa55, 0xfbf7, 
	0xfdbe, 0xff85, 0x0127, 0x027e, 0x0366, 0x03bc, 0x03b2, 0x0399, 0x0372, 0x0342, 0x030c, 0x02d3, 0x0299, 0x0263, 0x0234, 0x020e, 
	0x01f5, 0x01ec, 0x0f3f, 0x0f39, 0x0f34, 0x0f40, 0x0f65, 0x0f9d, 0x0fd2, 0x0fe9, 0x0fe9, 0x0fe9, 0x0fe9, 0x0fe9, 0x0fe9, 0x0fe9, 
	0x0fe9, 0x0fe9, 0x0fe9, 0x0fe9, 0x0fe9, 0x0fcf, 0x0f8c, 0x0f36, 0x0ee2, 0x0ea5, 0x0e88, 0x0e8d, 0x0ea7, 0x0ec4, 0x0ed1, 0x0ed1, 
	0x0ed1, 0x0ed4, 0x0ed9, 0x0ee2, 0x0eee, 0x0efd, 0x0f0e, 0x0f20, 0x0f2f, 0x0f3a, 0x0f3f, 0xefd5, 0xf00f, 0xf0a4, 0xf172, 0xf250, 
	0xf317, 0xf3a4, 0xf3d9, 0xf3d9, 0xf3d9, 0xf3d9, 0xf3d9, 0xf3d9, 0xf3d9, 0xf3d9, 0xf3d9, 0xf3d9, 0xf3d9, 0xf3d9, 0xf3ab, 0xf32c, 
	0xf268, 0xf170, 0xf058, 0xef3b, 0xee36, 0xed62, 0xecd6, 0xeca4, 0xecb6, 0xece3, 0xed27, 0xed7c, 0xeddc, 0xee41, 0xeea6, 0xef05, 
	0xef58, 0xef9a, 0xefc5, 0xefd5, 0x29be, 0x2ae4, 0x2ddb, 0x31e9, 0x364f, 0x3a4f, 0x3d34, 0x3e51, 0x3e51, 0x3e51, 0x3e51, 0x3e51, 
	0x3e51, 0x3e51, 0x3e51, 0x3e51, 0x3e51, 0x3e51, 0x3e51, 0x3d84, 0x3b53, 0x380b, 0x33fe, 0x2f83, 0x2afc, 0x26cd, 0x235b, 0x2108, 
	0x2030, 0x2065, 0x20ee, 0x21ba, 0x22b8, 0x23d6, 0x2505, 0x2632, 0x274d, 0x2846, 0x290c, 0x298f, 0x29be, 0x1ba8, 0x1b66, 0x1ab5, 
	0x99b2, 0x9887, 0x9769, 0x9692, 0x963d, 0x963d, 0x963d, 0x963d, 0x963d, 0x963d, 0x963d, 0x963d, 0x963d, 0x963d, 0x963d, 0x963d, 
	0x968e, 0x9768, 0x98a9, 0x9a2a, 0x9bc4, 0x1d50, 0x1ea8, 0x1fb4, 0x2060, 0x209b, 0x2081, 0x203b, 0x1fd4, 0x1f53, 0x1ec0, 0x1e23, 
	0x1d87, 0x1cf2, 0x1c6f, 0x1c07, 0x1bc1, 0x1ba8, 0x5717, 0x5745, 0x57b7, 0x27b5, 0x2721, 0x26a7, 0x2656, 0x2639, 0x2639, 0x2639, 
	0x2639, 0x2639, 0x2639, 0x2639, 0x2639, 0x2639, 0x2639, 0x2639, 0x2639, 0x264e, 0x268c, 0x26f2, 0x277d, 0x2828, 0x571b, 0x5660, 
	0x55be, 0x554d, 0x5524, 0x552f, 0x554d, 0x5579, 0x55af, 0x55eb, 0x5629, 0x5666, 0x569f, 0x56cf, 0x56f5, 0x570e, 0x5717, 0x4839, 
	0x4926, 0x4b86, 0xcec1, 0xd23d, 0xd565, 0xd7ac, 0xd88c, 0xd88c, 0xd88c, 0xd88c, 0xd88c, 0xd88c, 0xd88c, 0xd88c, 0xd88c, 0xd88c, 
	0xd88c, 0xd88c, 0xd7f8, 0xd664, 0xd405, 0xd118, 0xcddb, 0x4a95, 0x478c, 0x450b, 0x4358, 0x42ba, 0x42d8, 0x4326, 0x4399, 0x442a, 
	0x44cd, 0x457b, 0x4629, 0x46cd, 0x475d, 0x47d1, 0x481d, 0x4839, 0x000c, 0xffa8, 0xfe93, 0xfcec, 0xfad3, 0xf868, 0xf5cc, 0xf320, 
	0xf085, 0xee1a, 0xebff, 0xea50, 0xe92b, 0xe8ae, 0xea4d, 0xeefb, 0xf618, 0xfedf, 0x0852, 0x1151, 0x18d6, 0x1e13, 0x2069, 0x20fc, 
	0x2162, 0x21a1, 0x21c3, 0x21d0, 0x21cf, 0x21c9, 0x20fe, 0x1edc, 0x1ba8, 0x17a9, 0x132e, 0x0e8a, 0x0a11, 0x0618, 0x02ea, 0x00cf, 
	0x000c, 0xffb5, 0xffae, 0xff9b, 0xff7d, 0xff56, 0xff28, 0xfef5, 0xfec0, 0xfe8b, 0xfe59, 0xfe2d, 0xfe0a, 0xfdf2, 0xfde8, 0xfe37, 
	0xff1c, 0x007f, 0x022e, 0x03e3, 0x0551, 0x064e, 0x06d8, 0x06fe, 0x06f0, 0x06d4, 0x06a9, 0x066c, 0x061b, 0x05b3, 0x0532, 0x049f, 
	0x0404, 0x035f, 0x02b4, 0x0209, 0x0166, 0x00d4, 0x005b, 0x0001, 0xffc9, 0xffb5, 0xf604, 0xf600, 0xf5f4, 0xf5e3, 0xf5d0, 0xf5bb, 
	0xf5a9, 0xf599, 0xf58e, 0xf586, 0xf582, 0xf580, 0xf580, 0xf580, 0xf567, 0xf531, 0xf513, 0xf544, 0xf5dc, 0xf6c5, 0xf7bf, 0xf882, 
	0xf8d6, 0xf8cd, 0xf89d, 0xf852, 0xf7f6, 0xf794, 0xf738, 0xf6ed, 0xf6a7, 0xf65e, 0xf619, 0xf5e3, 0xf5c0, 0xf5b4, 0xf5bb, 0xf5cf, 
	0xf5e8, 0xf5fc, 0xf604, 0xde65, 0xde5c, 0xde46, 0xde24, 0xddf9, 0xddc8, 0xdd94, 0xdd61, 0xdd30, 0xdd05, 0xdce3, 0xdccd, 0xdcc4, 
	0xdcce, 0xdceb, 0xdd1f, 0xdd6e, 0xddd9, 0xde65, 0xdf11, 0xdfd7, 0xe0ae, 0xe18d, 0xe26c, 0xe340, 0xe402, 0xe4a9, 0xe52a, 0xe57f, 
	0xe59d, 0xe572, 0xe4fc, 0xe44c, 0xe372, 0xe27e, 0xe183, 0xe090, 0xdfb6, 0xdf06, 0xde90, 0xde65, 0xffff, 0x0000, 0x0000, 0x0001, 
	0x0001, 0x0002, 0x0002, 0x0003, 0x0003, 0x0004, 0x0004, 0x0004, 0x0004, 0x0004, 0x0004, 0x0003, 0x0003, 0x0001, 0xffff, 0xfffd, 
	0xfffb, 0xfff9, 0xfff7, 0xfff5, 0xfff3, 0xfff1, 0xffef, 0xffee, 0xffed, 0xffed, 0xffee, 0xffef, 0xfff0, 0xfff2, 0xfff5, 0xfff7, 
	0xfff9, 0xfffc, 0xfffd, 0xffff, 0xffff, 0x0a67, 0x0a67, 0x0a67, 0x0a67, 0x0a68, 0x0a68, 0x0a68, 0x0a69, 0x0a69, 0x0a69, 0x0a6a, 
	0x0a6a, 0x0a6a, 0x0a6a, 0x0a69, 0x0a69, 0x0a69, 0x0a68, 0x0a67, 0x0a66, 0x0a64, 0x0a62, 0x0a61, 0x0a5f, 0x0a5d, 0x0a5c, 0x0a5a, 
	0x0a59, 0x0a58, 0x0a58, 0x0a58, 0x0a59, 0x0a5b, 0x0a5d, 0x0a5f, 0x0a61, 0x0a63, 0x0a64, 0x0a66, 0x0a67, 0x0a67, 0x27e3, 0x27ea, 
	0x27ff, 0x281f, 0x2847, 0x2873, 0x28a3, 0x28d2, 0x28ff, 0x2926, 0x2945, 0x2959, 0x2961, 0x2958, 0x293e, 0x290e, 0x28c6, 0x2864, 
	0x27e3, 0x2742, 0x2687, 0x25b9, 0x24e1, 0x2407, 0x2334, 0x2271, 0x21c8, 0x2143, 0x20ec, 0x20cd, 0x20fa, 0x2173, 0x2227, 0x2303, 
	0x23f5, 0x24ec, 0x25d6, 0x26a6, 0x274c, 0x27bb, 0x27e3, 0xec41, 0xec46, 0xec52, 0xec66, 0xec7e, 0xec99, 0xecb6, 0xecd3, 0xecef, 
	0xed07, 0xed1a, 0xed27, 0xed2c, 0xed27, 0xed16, 0xecf8, 0xeccc, 0xec8f, 0xec41, 0xebe2, 0xeb75, 0xeb01, 0xea8b, 0xea16, 0xe9a9, 
	0xe947, 0xe8f5, 0xe8b5, 0xe88c, 0xe87e, 0xe893, 0xe8cc, 0xe923, 0xe990, 0xea0d, 0xea90, 0xeb11, 0xeb87, 0xebe8, 0xec29, 0xec41, 
	0xf1b6, 0xf1b2, 0xf1a8, 0xf199, 0xf187, 0xf172, 0xf15c, 0xf146, 0xf131, 0xf11f, 0xf111, 0xf108, 0xf105, 0xf108, 0xf114, 0xf12a, 
	0xf14b, 0xf179, 0xf1b6, 0xf202, 0xf25d, 0xf2c3, 0xf330, 0xf3a0, 0xf40f, 0xf477, 0xf4d2, 0xf51a, 0xf54a, 0xf55b, 0xf543, 0xf500, 
	0xf49f, 0xf429, 0xf3aa, 0xf32b, 0xf2b5, 0xf24e, 0xf1fd, 0xf1c9, 0xf1b6, 0xf741, 0xf734, 0xf713, 0xf6e9, 0xf6be, 0xf698, 0xf67e, 
	0xf674, 0xf674, 0xf676, 0xf678, 0xf67b, 0xf67f, 0xf684, 0xf689, 0xf68f, 0xf695, 0xf69c, 0xf6a4, 0xf6ac, 0xf6b4, 0xf6bd, 0xf6c6, 
	0xf6cf, 0xf6d8, 0xf6e1, 0xf6eb, 0xf6f4, 0xf6fd, 0xf706, 0xf70f, 0xf717, 0xf71f, 0xf726, 0xf72d, 0xf733, 0xf738, 0xf73c, 0xf73f, 
	0xf741, 0xf741, 0x1792, 0x16de, 0x150c, 0x128f, 0x0fd7, 0x0d59, 0x0b88, 0x0ad4, 0x0add, 0x0af6, 0x0b20, 0x0b58, 0x0b9d, 0x0bef, 
	0x0c4d, 0x0cb5, 0x0d26, 0x0da0, 0x0e20, 0x0ea7, 0x0f33, 0x0fc2, 0x1055, 0x10e9, 0x117d, 0x1211, 0x12a3, 0x1333, 0x13bf, 0x1445, 
	0x14c6, 0x153f, 0x15b1, 0x1619, 0x1676, 0x16c8, 0x170e, 0x1746, 0x176f, 0x1789, 0x1792, 0x4284, 0x427d, 0x426c, 0x4258, 0x4246, 
	0x4239, 0x4231, 0x422f, 0x422f, 0x422f, 0x4230, 0x4230, 0x4232, 0x4233, 0x4234, 0x4236, 0x4238, 0x423b, 0x423d, 0x4240, 0x4243, 
	0x4246, 0x4249, 0x424d, 0x4251, 0x4255, 0x4259, 0x425d, 0x4261, 0x4265, 0x426a, 0x426e, 0x4272, 0x4275, 0x4279, 0x427c, 0x427f, 
	0x4281, 0x4282, 0x4283, 0x4284, 0xe88c, 0xe78a, 0xe476, 0xdeb0, 0xd502, 0xc736, 0xb99c, 0xb2f3, 0xb1be, 0xb104, 0xb0eb, 0xb1b2, 
	0xb3bc, 0xb7b0, 0xbe7c, 0xc8ec, 0xd601, 0xe23b, 0xeb0e, 0xf090, 0xf3bd, 0xf52d, 0xf564, 0xf4e9, 0xf40b, 0xf2fb, 0xf1d7, 0xf0b0, 
	0xef93, 0xee84, 0xed89, 0xeca2, 0xebd1, 0xeb16, 0xea72, 0xe9e4, 0xe96e, 0xe90f, 0xe8c8, 0xe89c, 0xe88c, 0x4d98, 0x4cf4, 0x4b56, 
	0x493b, 0x4735, 0x45d3, 0x453a, 0x44da, 0x4459, 0x43dc, 0x4362, 0x42ec, 0x427b, 0x4213, 0x41bd, 0x4184, 0x4178, 0x41a1, 0x41f3, 
	0x4260, 0x42dc, 0x4366, 0x43fb, 0x4498, 0x453d, 0x45e8, 0x4698, 0x474a, 0x47fe, 0x48b2, 0x4962, 0x4a0d, 0x4ab1, 0x4b4b, 0x4bd8, 
	0x4c57, 0x4cc4, 0x4d1d, 0x4d60, 0x4d8a, 0x4d98, 0x30f1, 0x2ff7, 0x2cfb, 0x2756, 0x1dcf, 0x102a, 0x02b2, 0xfc21, 0xfaf3, 0xfa2b, 
	0xf9f2, 0xfa8b, 0xfc5d, 0x0014, 0x06a0, 0x10d1, 0x1dac, 0x29b5, 0x3264, 0x37d2, 0x3b00, 0x3c7d, 0x3cc3, 0x3c57, 0x3b8b, 0x3a8d, 
	0x397c, 0x3869, 0x375f, 0x3663, 0x357b, 0x34a6, 0x33e7, 0x333d, 0x32a7, 0x3227, 0x31bc, 0x3166, 0x3127, 0x30ff, 0x30f1, 0xf5c3, 
	0xf81a, 0xfd10, 0x003a, 0xfdcb, 0xf82d, 0xf291, 0xf016, 0xf04f, 0xf0f0, 0xf1ed, 0xf338, 0xf4c3, 0xf681, 0xf860, 0xfa51, 0xfc40, 
	0xfe1d, 0xffd6, 0x015b, 0x029b, 0x0389, 0x041a, 0x0441, 0x0404, 0x0377, 0x02ab, 0x01ad, 0x008b, 0xff51, 0xfe0d, 0xfcc7, 0xfb89, 
	0xfa5b, 0xf943, 0xf848, 0xf76f, 0xf6bc, 0xf636, 0xf5e1, 0xf5c3, 0x1441, 0x16ca, 0x1bd6, 0x1ff5, 0x221e, 0x230b, 0x22f6, 0x22b3, 
	0x22bb, 0x22d2, 0x22f1, 0x2314, 0x2334, 0x234b, 0x2355, 0x234e, 0x2334, 0x2306, 0x22c3, 0x226e, 0x2209, 0x2195, 0x2117, 0x208e, 
	0x1ff5, 0x1f49, 0x1e8a, 0x1dbb, 0x1cde, 0x1bf5, 0x1b04, 0x1a0f, 0x191a, 0x182a, 0x1746, 0x1674, 0x15ba, 0x151e, 0x14a7, 0x145b, 
	0x1441, 0x3597, 0x371b, 0x3a87, 0x3cb6, 0x3af3, 0x3735, 0x338e, 0x31fc, 0x3222, 0x328e, 0x3339, 0x341a, 0x3528, 0x365b, 0x37a7, 
	0x3900, 0x3a5a, 0x3ba6, 0x3cda, 0x3de8, 0x3ec7, 0x3f6f, 0x3fd8, 0x3ffb, 0x3fd5, 0x3f6f, 0x3ed6, 0x3e17, 0x3d3d, 0x3c54, 0x3b64, 
	0x3a76, 0x3991, 0x38ba, 0x37f6, 0x3748, 0x36b4, 0x363c, 0x35e3, 0x35aa, 0x3597, 0x7706, 0x76d6, 0xf658, 0xf5a5, 0xf4d4, 0xf400, 
	0xf353, 0xf30c, 0xf30f, 0xf31a, 0xf32a, 0xf341, 0xf35c, 0xf37b, 0xf39e, 0xf3c5, 0xf3ee, 0xf418, 0xf444, 0xf471, 0xf49f, 0xf4cd, 
	0xf4fb, 0xf528, 0xf555, 0xf580, 0xf5ab, 0xf5d4, 0xf5fb, 0xf621, 0xf644, 0xf666, 0x7685, 0x76a1, 0x76ba, 0x76d0, 0x76e3, 0x76f2, 
	0x76fd, 0x7704, 0x7706, 0xffb7, 0x0122, 0x7b30, 0x761c, 0x708f, 0x6b7d, 0x67d3, 0x666b, 0x667c, 0x66af, 0x6702, 0x6772, 0x67fe, 
	0x68a3, 0x695f, 0x6a31, 0x6b16, 0x6c0c, 0x6d11, 0x6e23, 0x6f40, 0x7065, 0x718f, 0x72be, 0x73ed, 0x751c, 0x7647, 0x776c, 0x7889, 
	0x799b, 0x7aa1, 0x7b98, 0x0382, 0x02af, 0x01f2, 0x014d, 0x00c1, 0x0050, 0xfffc, 0xffc9, 0xffb7, 0xba9c, 0xba9c, 0x3a93, 0x3a73, 
	0x3a33, 0x39d8, 0x397e, 0x3955, 0x3957, 0x395d, 0x3967, 0x3974, 0x3983, 0x3994, 0x39a7, 0x39bb, 0x39cf, 0x39e4, 0x39f8, 0x3a0c, 
	0x3a1f, 0x3a30, 0x3a41, 0x3a50, 0x3a5e, 0x3a6a, 0x3a74, 0x3a7d, 0x3a85, 0x3a8c, 0x3a91, 0x3a95, 0xba97, 0xba99, 0xba9b, 0xba9c, 
	0xba9c, 0xba9c, 0xba9c, 0xba9c, 0xba9c, };

JointIndex gScissorsBeetleSkelIdle3AnimJointIndices[17] = {
	{ 0x0000, 0x0000, 0x0000, },
	{ 0x000e, 0x0000, 0x0001, },
	{ 0x0000, 0x0000, 0x0000, },
	{ 0x0037, 0x0060, 0x0089, },
	{ 0x00b2, 0x00db, 0x0104, },
	{ 0x012d, 0x0156, 0x017f, },
	{ 0x01a8, 0x01d1, 0x01fa, },
	{ 0x0223, 0x024c, 0x0275, },
	{ 0x029e, 0x02c7, 0x02f0, },
	{ 0x0319, 0x0342, 0x036b, },
	{ 0x0002, 0x0003, 0x0004, },
	{ 0x0394, 0x03bd, 0x03e6, },
	{ 0x0005, 0x0006, 0x0007, },
	{ 0x040f, 0x0438, 0x0461, },
	{ 0x0008, 0x0009, 0x000a, },
	{ 0x048a, 0x04b3, 0x04dc, },
	{ 0x000b, 0x000c, 0x000d, },
};

AnimationHeader gScissorsBeetleSkelIdle3Anim = { { 41 }, gScissorsBeetleSkelIdle3AnimFrameData, gScissorsBeetleSkelIdle3AnimJointIndices, 14 };

s16 gScissorsBeetleSkelWalkAnimFrameData[849] = {
	0x0000, 0x4000, 0xbfff, 0x0000, 0xfffe, 0xfffa, 0xfff5, 0xfff1, 0xffef, 0xfff3, 0xfffc, 0x0000, 0xfffd, 0xfff8, 0xfff2, 0xffef, 
	0xfff1, 0xfff5, 0xfffa, 0xfffe, 0x0000, 0x0000, 0xfffc, 0xfff1, 0xffe5, 0xffda, 0xffd6, 0xffe1, 0xfff5, 0x0000, 0xfff9, 0xffeb, 
	0xffdc, 0xffd6, 0xffda, 0xffe5, 0xfff1, 0xfffc, 0x0000, 0x061e, 0x05ae, 0x0485, 0x02e2, 0x0101, 0xff1f, 0xfd7c, 0xfc54, 0xfbe4, 
	0xfc3d, 0xfd2e, 0xfe8a, 0x0028, 0x01db, 0x0378, 0x04d4, 0x05c4, 0x061e, 0x0244, 0x0217, 0x01a1, 0x00f9, 0x0037, 0xff75, 0xfecd, 
	0xfe57, 0xfe2a, 0xfe4e, 0xfead, 0xff39, 0xffdf, 0x008f, 0x0135, 0x01c0, 0x0220, 0x0244, 0x0000, 0xfffa, 0xffee, 0xffe3, 0xffde, 
	0xffe3, 0xffee, 0xfffa, 0x0000, 0xfffb, 0xfff0, 0xffe6, 0xffdf, 0xffdf, 0xffe6, 0xfff0, 0xfffb, 0x0000, 0x7b83, 0x7c0a, 0x7d76, 
	0x7f85, 0x81f8, 0x848d, 0x86ff, 0x890e, 0x8a78, 0x8aff, 0x8a56, 0x8897, 0x861c, 0x8343, 0x8068, 0x7ded, 0x7c2d, 0x7b83, 0x0036, 
	0x0034, 0x002f, 0x002f, 0x0038, 0x004c, 0x006a, 0x008b, 0x00a6, 0x00b0, 0x00a3, 0x0083, 0x005e, 0x0041, 0x0031, 0x002e, 0x0033, 
	0x0036, 0x01e9, 0x01c4, 0x0162, 0x00d2, 0x0029, 0xff76, 0xfece, 0xfe43, 0xfde4, 0xfdc1, 0xfded, 0xfe62, 0xff0b, 0xffcf, 0x0095, 
	0x0141, 0x01bb, 0x01e9, 0x0302, 0x0317, 0x034a, 0x038a, 0x03c5, 0x03f2, 0x040a, 0x0412, 0x0411, 0x040f, 0x0411, 0x0411, 0x0403, 
	0x03de, 0x03a1, 0x0359, 0x031c, 0x0302, 0xef3d, 0xef71, 0xf001, 0xf0d4, 0xf1d3, 0xf2e2, 0xf3e6, 0xf4c1, 0xf558, 0xf591, 0xf54a, 
	0xf490, 0xf388, 0xf25a, 0xf130, 0xf030, 0xef7f, 0xef3d, 0x2f10, 0x2e81, 0x2d04, 0x2ade, 0x2859, 0x25b8, 0x2340, 0x2130, 0x1fc7, 
	0x1f41, 0x1fe9, 0x21a7, 0x2424, 0x2707, 0x29f4, 0x2c87, 0x2e5d, 0x2f10, 0x1ba8, 0x1bb6, 0x1bc6, 0x1ba6, 0x1b2d, 0x1a56, 0x1969, 
	0x18f8, 0x1932, 0x19c2, 0x1a6e, 0x1b08, 0x1b76, 0x1bb3, 0x1bc5, 0x1bbe, 0x1baf, 0x1ba8, 0x5717, 0x569c, 0x555b, 0x53a3, 0x51c5, 
	0x5015, 0x4ee1, 0x4e6b, 0x4ea7, 0x4f49, 0x503c, 0x5168, 0x52b3, 0x5400, 0x5533, 0x562f, 0x56d9, 0x5717, 0x4839, 0x477c, 0x4583, 
	0x429f, 0x3f28, 0x3b9b, 0x38b8, 0x3785, 0x3821, 0x39bb, 0x3bf2, 0x3e6f, 0x40ef, 0x4341, 0x4542, 0x46d3, 0x47da, 0x4839, 0xf9c4, 
	0xfa6e, 0xfc2f, 0xfeac, 0x0189, 0x0465, 0x06e2, 0x08a3, 0x094d, 0x08c6, 0x075a, 0x0549, 0x02d4, 0x003e, 0xfdc9, 0xfbb8, 0xfa4c, 
	0xf9c4, 0xff35, 0xff3a, 0xff47, 0xff5c, 0xff75, 0xff8f, 0xffa7, 0xffb8, 0xffbf, 0xffba, 0xffab, 0xff97, 0xff80, 0xff69, 0xff54, 
	0xff44, 0xff39, 0xff35, 0xf5f3, 0xf5ed, 0xf5df, 0xf5cc, 0xf5b8, 0xf5a6, 0xf597, 0xf58e, 0xf58b, 0xf58d, 0xf595, 0xf5a0, 0xf5b0, 
	0xf5c1, 0xf5d3, 0xf5e3, 0xf5ee, 0xf5f3, 0xd2e4, 0xd36e, 0xd4d3, 0xd6bb, 0xd8cf, 0xdab8, 0xdc1c, 0xdca6, 0xdc61, 0xdba3, 0xda8b, 
	0xd937, 0xd7c5, 0xd653, 0xd4ff, 0xd3e7, 0xd32a, 0xd2e4, 0x0021, 0x0020, 0x001e, 0x001a, 0x0017, 0x0014, 0x0012, 0x0011, 0x0011, 
	0x0012, 0x0014, 0x0016, 0x0019, 0x001b, 0x001d, 0x001f, 0x0021, 0x0021, 0x0a77, 0x0a77, 0x0a75, 0x0a72, 0x0a6f, 0x0a6c, 0x0a6a, 
	0x0a69, 0x0a6a, 0x0a6b, 0x0a6c, 0x0a6f, 0x0a71, 0x0a73, 0x0a75, 0x0a76, 0x0a77, 0x0a77, 0x38bc, 0x383d, 0x36e4, 0x34e6, 0x3278, 
	0x2fd3, 0x2d38, 0x2af4, 0x2958, 0x28bc, 0x297f, 0x2b78, 0x2e2d, 0x3128, 0x3407, 0x3672, 0x381d, 0x38bc, 0xf904, 0xf891, 0xf75e, 
	0xf5a5, 0xf39f, 0xf18a, 0xef9e, 0xee0d, 0xed01, 0xec9f, 0xed1a, 0xee67, 0xf04e, 0xf293, 0xf4e8, 0xf6fa, 0xf874, 0xf904, 0xebff, 
	0xec17, 0xec5d, 0xecd8, 0xed89, 0xee6a, 0xef66, 0xf058, 0xf110, 0xf157, 0xf0fe, 0xf01f, 0xef06, 0xedf4, 0xed14, 0xec77, 0xec1d, 
	0xebff, 0xf796, 0xf8c5, 0xfb46, 0xfda3, 0xfea7, 0xfd2c, 0xfa13, 0xf716, 0xf5c0, 0xf5cd, 0xf5f1, 0xf627, 0xf669, 0xf6b3, 0xf701, 
	0xf749, 0xf780, 0xf796, 0x1bbc, 0x1a7f, 0x172b, 0x1263, 0x0ce5, 0x075c, 0x026c, 0xfedb, 0xfd7c, 0xfe80, 0x0140, 0x0545, 0x0a14, 
	0x0f27, 0x13f6, 0x17fa, 0x1ab8, 0x1bbc, 0x42b6, 0x4312, 0x43bb, 0x442b, 0x444e, 0x43d2, 0x42f6, 0x4256, 0x421c, 0x421b, 0x421b, 
	0x421f, 0x422c, 0x4242, 0x4263, 0x4288, 0x42a8, 0x42b6, 0xda6a, 0xda1e, 0xd96b, 0xd895, 0xd7e1, 0xd796, 0xd807, 0xd900, 0xd9f9, 
	0xda6a, 0xd9ae, 0xd851, 0xd796, 0xd7e1, 0xd895, 0xd96b, 0xda1e, 0xda6a, 0x030f, 0x0321, 0x034d, 0x0383, 0x03b0, 0x03c3, 0x03a6, 
	0x0368, 0x032b, 0x030f, 0x033d, 0x0393, 0x03c3, 0x03b0, 0x0383, 0x034d, 0x0321, 0x030f, 0x855b, 0x8566, 0x857f, 0x859d, 0x85b5, 
	0x85bf, 0x85b0, 0x858e, 0x856b, 0x855b, 0x8576, 0x85a6, 0x85bf, 0x85b5, 0x859d, 0x857f, 0x8566, 0x855b, 0xf29f, 0xf241, 0xf131, 
	0xef58, 0xec72, 0xe80a, 0xe1bc, 0xdaa7, 0xd838, 0xe081, 0xed37, 0xf5f5, 0xf9f6, 0xf9d2, 0xf79b, 0xf52d, 0xf359, 0xf29f, 0x62dd, 
	0x61ab, 0x5e7f, 0x59f9, 0x54cc, 0x4fb4, 0x4b6c, 0x487d, 0x470a, 0x4710, 0x48e5, 0x4c6d, 0x50e3, 0x55b9, 0x5a83, 0x5eb7, 0x61b7, 
	0x62dd, 0x3997, 0x394c, 0x386d, 0x36db, 0x3445, 0x302f, 0x2a2d, 0x2356, 0x2111, 0x28b7, 0x33e4, 0x3b25, 0x3eaf, 0x3f04, 0x3d62, 
	0x3b88, 0x3a24, 0x3997, 0x36d0, 0x36a1, 0x3631, 0x35ac, 0x353d, 0x350e, 0x3554, 0x35ef, 0x3689, 0x36d0, 0x365b, 0x3582, 0x350e, 
	0x353d, 0x35ac, 0x3631, 0x36a1, 0x36d0, 0xa917, 0xa904, 0xa8d7, 0xa8a2, 0xa876, 0xa863, 0xa87f, 0xa8bc, 0xa8fb, 0xa917, 0xa8e8, 
	0xa891, 0xa863, 0xa876, 0xa8a2, 0xa8d7, 0xa904, 0xa917, 0x29e6, 0x29cb, 0x298b, 0x293d, 0x28fc, 0x28e1, 0x290a, 0x2964, 0x29bd, 
	0x29e6, 0x29a3, 0x2925, 0x28e1, 0x28fc, 0x293d, 0x298b, 0x29cb, 0x29e6, 0xfa50, 0xfa09, 0xf949, 0xf82d, 0xf6d0, 0xf554, 0xf3f4, 
	0xf305, 0xf2f1, 0xf4d9, 0xf860, 0xfbb2, 0xfd38, 0xfcf1, 0xfc24, 0xfb43, 0xfa95, 0xfa50, 0x0230, 0x034b, 0x063b, 0x0a6b, 0x0f40, 
	0x1414, 0x1847, 0x1b45, 0x1c86, 0x1c0a, 0x1a38, 0x1737, 0x1351, 0x0ed3, 0x0a3a, 0x062b, 0x0349, 0x0230, 0x36dc, 0x36c5, 0x3682, 
	0x3611, 0x3571, 0x34b1, 0x33fc, 0x339f, 0x33fe, 0x3540, 0x36e4, 0x384c, 0x3932, 0x394e, 0x38b2, 0x37dd, 0x3728, 0x36dc, 0xe43e, 
	0xe3fe, 0xe364, 0xe2ad, 0xe214, 0xe1d4, 0xe234, 0xe309, 0xe3dd, 0xe43e, 0xe39e, 0xe274, 0xe1d4, 0xe214, 0xe2ad, 0xe364, 0xe3fe, 
	0xe43e, 0x076e, 0x078b, 0x07d2, 0x0828, 0x0871, 0x0890, 0x0862, 0x07fd, 0x079a, 0x076e, 0x07b8, 0x0843, 0x0890, 0x0871, 0x0828, 
	0x07d2, 0x078b, 0x076e, 0x983e, 0x9857, 0x9892, 0x98d8, 0x9911, 0x9929, 0x9905, 0x98b5, 0x9863, 0x983e, 0x987c, 0x98ed, 0x9929, 
	0x9911, 0x98d8, 0x9892, 0x9857, 0x983e, 0xf531, 0xf701, 0xfaf2, 0xfec9, 0x0077, 0xff8d, 0xfd80, 0xfb1a, 0xf933, 0xf7fe, 0xf70f, 
	0xf660, 0x75e6, 0x7594, 0xf55f, 0xf542, 0xf534, 0xf531, 0x72fa, 0x73fa, 0x76cc, 0x7b0f, 0x8037, 0x85b5, 0x8abd, 0x8e65, 0x8fcd, 
	0x8ed3, 0x8c34, 0x8860, 0xfc31, 0x0106, 0x7a66, 0x7691, 0x73f2, 0x72fa, 0x3a53, 0x3ac2, 0x3b86, 0x3bde, 0x3b83, 0x3aca, 0x3a36, 
	0x3a06, 0x3a2d, 0x3a6c, 0x3a99, 0x3aab, 0xbaa8, 0xba97, 0x3a80, 0x3a69, 0x3a59, 0x3a53, 0xd5c3, 0xd585, 0xd4f2, 0xd444, 0xd3b3, 
	0xd376, 0xd3d1, 0xd49b, 0xd566, 0xd5c3, 0xd529, 0xd40d, 0xd376, 0xd3b3, 0xd444, 0xd4f2, 0xd585, 0xd5c3, 0x0f57, 0x0f2a, 0x0ebe, 
	0x0e3c, 0x0dcf, 0x0da1, 0x0de6, 0x0e7d, 0x0f13, 0x0f57, 0x0ee6, 0x0e14, 0x0da1, 0x0dcf, 0x0e3c, 0x0ebe, 0x0f2a, 0x0f57, 0x5ec0, 
	0x5eaf, 0x5e89, 0x5e5d, 0x5e3a, 0x5e2c, 0x5e42, 0x5e73, 0x5ea7, 0x5ec0, 0x5e97, 0x5e50, 0x5e2c, 0x5e3a, 0x5e5d, 0x5e89, 0x5eaf, 
	0x5ec0, };

JointIndex gScissorsBeetleSkelWalkAnimJointIndices[17] = {
	{ 0x0000, 0x0003, 0x0015, },
	{ 0x0001, 0x0000, 0x0002, },
	{ 0x0027, 0x0039, 0x004b, },
	{ 0x005d, 0x006f, 0x0081, },
	{ 0x0093, 0x00a5, 0x00b7, },
	{ 0x00c9, 0x00db, 0x00ed, },
	{ 0x00ff, 0x0111, 0x0123, },
	{ 0x0135, 0x0147, 0x0159, },
	{ 0x016b, 0x017d, 0x018f, },
	{ 0x01a1, 0x01b3, 0x01c5, },
	{ 0x01d7, 0x01e9, 0x01fb, },
	{ 0x020d, 0x021f, 0x0231, },
	{ 0x0243, 0x0255, 0x0267, },
	{ 0x0279, 0x028b, 0x029d, },
	{ 0x02af, 0x02c1, 0x02d3, },
	{ 0x02e5, 0x02f7, 0x0309, },
	{ 0x031b, 0x032d, 0x033f, },
};

AnimationHeader gScissorsBeetleSkelWalkAnim = { { 18 }, gScissorsBeetleSkelWalkAnimFrameData, gScissorsBeetleSkelWalkAnimJointIndices, 3 };

s16 gScissorsBeetleSkelHopAnimFrameData[676] = {
	0x0000, 0x4000, 0xbfff, 0x8000, 0x0f3f, 0xefd5, 0x1ba8, 0x5717, 0x000c, 0xffb5, 0x0000, 0xfff8, 0xffe7, 0xffd6, 0xffcb, 0xffc8, 
	0x0011, 0x00c9, 0x01b7, 0x02a5, 0x035c, 0x03a6, 0x02f1, 0x0183, 0x0067, 0x000d, 0x0000, 0x0000, 0x0000, 0x0000, 0x0000, 0x0000, 
	0x0000, 0x0000, 0x0008, 0x001c, 0x0036, 0x0050, 0x0065, 0x006d, 0x0050, 0x001c, 0x0000, 0x0000, 0x0000, 0x0000, 0x0000, 0x0000, 
	0x0000, 0x0000, 0x0000, 0x0000, 0xff7f, 0xfe41, 0xfca2, 0xfb04, 0xf9c5, 0xf943, 0xfbcf, 0x009b, 0x0336, 0x0198, 0x0000, 0x0000, 
	0x01ec, 0xff4c, 0xfa6c, 0xf7cd, 0xf7cd, 0xf7cd, 0xfc78, 0x0532, 0x09dd, 0x0984, 0x089d, 0x0758, 0x05e3, 0x046e, 0x0329, 0x0243, 
	0x01ec, 0x01ec, 0x29be, 0x2859, 0x24a0, 0x1f4a, 0x191a, 0x12eb, 0x0d94, 0x09dc, 0x0877, 0x09dc, 0x0d94, 0x12eb, 0x191a, 0x1f4a, 
	0x24a0, 0x2859, 0x29be, 0x29be, 0x4839, 0x46d4, 0x431b, 0x3dc5, 0x3795, 0x3166, 0x2c0f, 0x2857, 0x26f2, 0x2857, 0x2c0f, 0x3166, 
	0x3795, 0x3dc5, 0x431b, 0x46d4, 0x4839, 0x4839, 0xf604, 0xf901, 0xfe90, 0x018d, 0x018d, 0x018d, 0xf9ea, 0xeb80, 0xe3dd, 0xe500, 
	0xe807, 0xec5f, 0xf169, 0xf678, 0xfadc, 0xfdeb, 0xff08, 0xf604, 0xde65, 0xdeb5, 0xdf84, 0xe09f, 0xe1d4, 0xe2ef, 0xe3be, 0xe40f, 
	0xe3dd, 0xe358, 0xe297, 0xe1b2, 0xe0c1, 0xdfdc, 0xdf1c, 0xde96, 0xde65, 0xde65, 0xffff, 0x000a, 0x0022, 0x0044, 0x0069, 0x008b, 
	0x00a3, 0x00ad, 0x00a7, 0x0097, 0x0080, 0x0065, 0x0048, 0x002d, 0x0016, 0x0006, 0xffff, 0xffff, 0x0a67, 0x0a66, 0x0a65, 0x0a65, 
	0x0a65, 0x0a66, 0x0a68, 0x0a69, 0x0a68, 0x0a67, 0x0a66, 0x0a65, 0x0a65, 0x0a65, 0x0a66, 0x0a67, 0x0a67, 0x0a67, 0x27e3, 0x2796, 
	0x26ce, 0x25b7, 0x2480, 0x235b, 0x2280, 0x222b, 0x2260, 0x22ed, 0x23b7, 0x24a2, 0x2595, 0x2678, 0x2733, 0x27b3, 0x27e3, 0x27e3, 
	0xec41, 0xec06, 0xeb6d, 0xea9e, 0xe9c1, 0xe8f9, 0xe86a, 0xe833, 0xe855, 0xe8b1, 0xe937, 0xe9d9, 0xea85, 0xeb2c, 0xebb9, 0xec1c, 
	0xec41, 0xec41, 0xf1b6, 0xf1da, 0xf23b, 0xf2c7, 0xf368, 0xf405, 0xf47d, 0xf4ad, 0xf48f, 0xf441, 0xf3d3, 0xf356, 0xf2d8, 0xf266, 
	0xf20a, 0xf1cc, 0xf1b6, 0xf1b6, 0xf741, 0xfe09, 0x0a36, 0x104f, 0x104f, 0x104f, 0x06a8, 0xeba6, 0xd9b5, 0xeba6, 0x06a8, 0x104f, 
	0xf679, 0xd8e8, 0xd86d, 0xe78d, 0xf741, 0xf741, 0x1792, 0x16f5, 0x1481, 0x1297, 0x1297, 0x1297, 0x1a1f, 0x23f7, 0x2496, 0x23f7, 
	0x1a1f, 0x1297, 0x1736, 0x133f, 0x134f, 0x16e3, 0x1792, 0x1792, 0x4284, 0x462f, 0x4c69, 0x4f3b, 0x4f3b, 0x4f3b, 0x4a70, 0x37db, 
	0x2a1b, 0x37db, 0x4a70, 0x4f3b, 0x41db, 0x31cd, 0x3141, 0x3966, 0x4284, 0x4284, 0xda6a, 0xdf05, 0xe7dc, 0xeca8, 0xeca8, 0xeca8, 
	0xeca8, 0xeca8, 0xeca8, 0xeca8, 0xeca8, 0xeca8, 0xcfd6, 0x3407, 0xc6b5, 0xd5bb, 0xda6a, 0xda6a, 0x030f, 0x019a, 0xffba, 0xff38, 
	0xff38, 0xff38, 0xff38, 0xff38, 0xff38, 0xff38, 0xff38, 0xff38, 0x06f7, 0x67ba, 0x0ccb, 0x052d, 0x030f, 0x030f, 0x855b, 0x82ad, 
	0x7d4b, 0x7a4b, 0x7a4b, 0x7a4b, 0x7a4b, 0x7a4b, 0x7a4b, 0x7a4b, 0x7a4b, 0x7a4b, 0x8b32, 0x1423, 0x8ef9, 0x87de, 0x855b, 0x855b, 
	0xe88c, 0xfe40, 0x9cba, 0xa4d6, 0xa4d6, 0xa4d6, 0xa213, 0x0822, 0xc69f, 0x07d1, 0xa1cf, 0xa4d6, 0xf7cd, 0xca90, 0xca4f, 0xd43a, 
	0xe88c, 0xe88c, 0x4d98, 0x4cc4, 0x2cc4, 0x2746, 0x2746, 0x2746, 0x2e86, 0x44cf, 0x4568, 0x44d4, 0x2ea4, 0x2746, 0x4d3e, 0x5d13, 
	0x5e05, 0x54a2, 0x4d98, 0x4d98, 0x30f1, 0x4591, 0xe1fd, 0xe8f8, 0xe8f8, 0xe8f8, 0xe6b6, 0x4dab, 0x0ca2, 0x4d5d, 0xe679, 0xe8f8, 
	0x3fa9, 0x1681, 0x1636, 0x1e4e, 0x30f1, 0x30f1, 0x36d0, 0x39ed, 0xbfce, 0xc2fe, 0xc2fe, 0xc2fe, 0xc2fe, 0xc2fe, 0xc2fe, 0xc2fe, 
	0xc2fe, 0xc2fe, 0x309a, 0x1dda, 0x28d2, 0x331a, 0x36d0, 0x36d0, 0xa917, 0xaa0d, 0xd3e6, 0xd2b0, 0xd2b0, 0xd2b0, 0xd2b0, 0xd2b0, 
	0xd2b0, 0xd2b0, 0xd2b0, 0xd2b0, 0xa6e1, 0xa41a, 0xa605, 0xa855, 0xa917, 0xa917, 0x29e6, 0x2c43, 0xb08a, 0xb2b9, 0xb2b9, 0xb2b9, 
	0xb2b9, 0xb2b9, 0xb2b9, 0xb2b9, 0xb2b9, 0xb2b9, 0x252f, 0x15d1, 0x1ebb, 0x26ed, 0x29e6, 0x29e6, 0xf5c3, 0xfc31, 0x08af, 0x0f6c, 
	0x0f6c, 0x0f6c, 0xfe06, 0xd895, 0xc840, 0xd7d4, 0xfdeb, 0x0f6c, 0xf5a1, 0xdd6c, 0xdd6b, 0xe8f6, 0xf5c3, 0xf5c3, 0x1441, 0x157d, 
	0x168f, 0x166c, 0x166c, 0x166c, 0x1a62, 0x179c, 0x1154, 0x18a4, 0x1d14, 0x166c, 0x111f, 0x081d, 0x086f, 0x0f56, 0x1441, 0x1441, 
	0x3597, 0x38bf, 0x3f36, 0x42c0, 0x42c0, 0x42c0, 0x3a25, 0x264e, 0x1fb8, 0x253a, 0x39ba, 0x42c0, 0x368a, 0x2d78, 0x2cb2, 0x2ff7, 
	0x3597, 0x3597, 0xe43e, 0xe8be, 0xf161, 0xf619, 0xf619, 0xf619, 0xf619, 0xf619, 0xf619, 0xf619, 0xf619, 0xf619, 0xd842, 0x366c, 
	0xcced, 0xde45, 0xe43e, 0xe43e, 0x076e, 0x0576, 0x0278, 0x014a, 0x014a, 0x014a, 0x014a, 0x014a, 0x014a, 0x014a, 0x014a, 0x014a, 
	0x0d22, 0x60b5, 0x14dd, 0x0ab6, 0x076e, 0x076e, 0x983e, 0x9611, 0x917e, 0x8ed4, 0x8ed4, 0x8ed4, 0x8ed4, 0x8ed4, 0x8ed4, 0x8ed4, 
	0x8ed4, 0x8ed4, 0x9b77, 0x1c31, 0x9fc3, 0x9b7f, 0x983e, 0x983e, 0x7706, 0xfdd6, 0x8aad, 0x9185, 0x9185, 0x9185, 0x8a6b, 0xfcca, 
	0xf566, 0xfcb8, 0x0a47, 0x9185, 0xfbe7, 0x628f, 0x61c0, 0x6c93, 0x7706, 0x7706, 0xffb7, 0x7f60, 0x0243, 0x030d, 0x030d, 0x030d, 
	0x052a, 0x7742, 0x75b2, 0x761a, 0x7875, 0x030d, 0x82ac, 0xfaa4, 0xfadf, 0xfd5e, 0xffb7, 0xffb7, 0xba9c, 0x3aa4, 0xbb19, 0xbb8b, 
	0xbb8b, 0xbb8b, 0xbafa, 0x38ed, 0x375c, 0x38be, 0x3b02, 0xbb8b, 0x3b55, 0xbce0, 0xbc5f, 0xbb1a, 0xba9c, 0xba9c, 0xd5c3, 0xda64, 
	0xe423, 0xea07, 0xea07, 0xea07, 0xea07, 0xea07, 0xea07, 0xea07, 0xea07, 0xea07, 0xcd21, 0xb4b4, 0xc397, 0xd0b8, 0xd5c3, 0xd5c3, 
	0x0f57, 0x12a3, 0x181d, 0x1a88, 0x1a88, 0x1a88, 0x1a88, 0x1a88, 0x1a88, 0x1a88, 0x1a88, 0x1a88, 0x0891, 0xf2dc, 0xfedb, 0x0afd, 
	0x0f57, 0x0f57, 0x5ec0, 0x60bf, 0x65e1, 0x696f, 0x696f, 0x696f, 0x696f, 0x696f, 0x696f, 0x696f, 0x696f, 0x696f, 0x5d00, 0x5ed9, 
	0x5aee, 0x5c9f, 0x5ec0, 0x5ec0, };

JointIndex gScissorsBeetleSkelHopAnimJointIndices[17] = {
	{ 0x0000, 0x000a, 0x001c, },
	{ 0x0001, 0x002e, 0x0002, },
	{ 0x0000, 0x0000, 0x0000, },
	{ 0x0003, 0x0000, 0x0040, },
	{ 0x0004, 0x0005, 0x0052, },
	{ 0x0006, 0x0007, 0x0064, },
	{ 0x0008, 0x0009, 0x0076, },
	{ 0x0088, 0x009a, 0x00ac, },
	{ 0x00be, 0x00d0, 0x00e2, },
	{ 0x00f4, 0x0106, 0x0118, },
	{ 0x012a, 0x013c, 0x014e, },
	{ 0x0160, 0x0172, 0x0184, },
	{ 0x0196, 0x01a8, 0x01ba, },
	{ 0x01cc, 0x01de, 0x01f0, },
	{ 0x0202, 0x0214, 0x0226, },
	{ 0x0238, 0x024a, 0x025c, },
	{ 0x026e, 0x0280, 0x0292, },
};

AnimationHeader gScissorsBeetleSkelHopAnim = { { 18 }, gScissorsBeetleSkelHopAnimFrameData, gScissorsBeetleSkelHopAnimJointIndices, 10 };

s16 gScissorsBeetleSkelAttackAnimFrameData[1527] = {
	0x0000, 0x4000, 0xbfff, 0x8000, 0x0f3f, 0xefd5, 0x29be, 0x1ba8, 0x5717, 0x4839, 0x0000, 0x0000, 0x0000, 0x0000, 0x0000, 0x0000, 
	0x0000, 0x0000, 0x0000, 0x0000, 0x0000, 0x0000, 0x0000, 0x0000, 0x0000, 0x0000, 0xffff, 0xfffb, 0xfff7, 0xfff1, 0xffec, 0xffe7, 
	0xffe4, 0xffe2, 0xfff1, 0x0000, 0x0000, 0x0000, 0x0000, 0x0000, 0x0000, 0x0000, 0x0000, 0x0000, 0x0000, 0x0000, 0x0000, 0x0000, 
	0x0000, 0x0000, 0x0000, 0x0000, 0xffff, 0xfffc, 0xfff8, 0xfff2, 0xffec, 0xffe6, 0xffe0, 0xffda, 0xffd6, 0xffd3, 0xffd2, 0xffd2, 
	0xffd2, 0xffd2, 0xffd2, 0xffd1, 0xffce, 0xffca, 0xffc6, 0xffc1, 0xffbd, 0xffbb, 0xffba, 0x005a, 0x00fa, 0x00fa, 0x00fa, 0x00fa, 
	0x00fa, 0x00fa, 0x00fa, 0x00fa, 0x00ec, 0x00c6, 0x0092, 0x005b, 0x002b, 0x000b, 0x0000, 0x0000, 0x0000, 0x0038, 0x00d3, 0x01bb, 
	0x02da, 0x041a, 0x0565, 0x06a5, 0x07c3, 0x08ab, 0x0946, 0x097f, 0x097f, 0x097f, 0x097f, 0x097f, 0x092f, 0x0830, 0x0694, 0x04bf, 
	0x031d, 0x01db, 0x00f8, 0x0067, 0x0018, 0x0000, 0x0000, 0x0000, 0x0000, 0x0000, 0x0000, 0x0000, 0x0000, 0x0000, 0x0000, 0x0000, 
	0x0000, 0x0000, 0x0000, 0x0000, 0x0000, 0x01ec, 0x013a, 0xff5c, 0xfca6, 0xf96c, 0xf606, 0xf2cb, 0xf015, 0xee39, 0xed87, 0xedbf, 
	0xee5d, 0xef4e, 0xf084, 0xf1ed, 0xf378, 0xf515, 0xf6b1, 0xf83b, 0xf9a3, 0xfad8, 0xfbc9, 0xfc65, 0xfc9d, 0xfb59, 0xf82c, 0xf403, 
	0xefd9, 0xeca7, 0xeb61, 0xebd1, 0xed09, 0xeee1, 0xf133, 0xf3d9, 0xf6a8, 0xf976, 0xfc1b, 0xfe6d, 0x0045, 0x017c, 0x000c, 0x0005, 
	0xfff0, 0xffd1, 0xffaa, 0xff7d, 0xff4c, 0xff1c, 0xfef0, 0xfecb, 0xfeb1, 0xfea8, 0xfea8, 0xfea8, 0xfea8, 0xfea8, 0xfebe, 0xfef5, 
	0xff3c, 0xff82, 0xffc2, 0xffff, 0x0037, 0x0066, 0x008c, 0x00a4, 0x00ac, 0x00ac, 0x00ac, 0x009c, 0x0074, 0x0045, 0x001d, 0x000c, 
	0x000c, 0x000c, 0x000c, 0x000c, 0x000c, 0x000c, 0x000c, 0xffb5, 0xffd3, 0x0027, 0x00a2, 0x0139, 0x01e2, 0x0290, 0x0338, 0x03ce, 
	0x0448, 0x0499, 0x04b6, 0x04b6, 0x04b6, 0x04b6, 0x04b6, 0x04bd, 0x04cc, 0x04d9, 0x04de, 0x0490, 0x03ca, 0x02bb, 0x0194, 0x0086, 
	0xffc0, 0xff73, 0xff73, 0xff73, 0xff7a, 0xff8b, 0xff9e, 0xffaf, 0xffb5, 0xffb5, 0xffb5, 0xffb5, 0xffb5, 0xffb5, 0xffb5, 0xffb5, 
	0xf604, 0xf5f5, 0xf5ca, 0xf589, 0xf539, 0xf4de, 0xf480, 0xf424, 0xf3d0, 0xf38d, 0xf35f, 0xf34e, 0xf34e, 0xf34e, 0xf34e, 0xf34e, 
	0xf3e2, 0xf529, 0xf671, 0xf709, 0xf70c, 0xf70c, 0xf70a, 0xf706, 0xf702, 0xf6fd, 0xf6fc, 0xf6fc, 0xf6fc, 0xf6e2, 0xf6a5, 0xf65b, 
	0xf61e, 0xf604, 0xf604, 0xf604, 0xf604, 0xf604, 0xf604, 0xf604, 0xf604, 0xde65, 0xdd42, 0xdb25, 0xda01, 0xdfe2, 0xe5bf, 0xdfe2, 
	0xda01, 0xdfe2, 0xe5bf, 0xe5bf, 0xe5bf, 0xe5bf, 0xe5bf, 0xe495, 0xe161, 0xdc86, 0xd670, 0xcfa6, 0xc8c5, 0xc278, 0xbd5b, 0xb9f4, 
	0xb8b8, 0xd6d6, 0xf34b, 0xf34b, 0xf34b, 0xf34b, 0xf34b, 0xf34b, 0xf34b, 0xf34b, 0xf34b, 0xf26b, 0xf018, 0xecc5, 0xe8ec, 0xe50d, 
	0xe1ac, 0xdf4b, 0xffff, 0x0088, 0x0185, 0x020d, 0x008e, 0xff04, 0x008e, 0x020d, 0x008e, 0xff04, 0xff04, 0xff04, 0xff04, 0xff04, 
	0xff61, 0x005d, 0x01c4, 0x035a, 0x04dc, 0x0613, 0x06e4, 0x0755, 0x0784, 0x078f, 0x0524, 0xfc00, 0xfc00, 0xfc00, 0xfc00, 0xfc00, 
	0xfc00, 0xfc00, 0xfc00, 0xfc00, 0xfc3e, 0xfcdb, 0xfda9, 0xfe78, 0xff27, 0xffa2, 0xffe8, 0x0a67, 0x0a64, 0x0a56, 0x0a48, 0x0ab4, 
	0x0ae7, 0x0ab4, 0x0a48, 0x0ab4, 0x0ae7, 0x0ae7, 0x0ae7, 0x0ae7, 0x0ae7, 0x0ac2, 0x0a4d, 0x0979, 0x0837, 0x0691, 0x04ae, 0x02cf, 
	0x0137, 0x0022, 0xffbc, 0x0af8, 0x11b9, 0x11b9, 0x11b9, 0x11b9, 0x11b9, 0x11b9, 0x11b9, 0x11b9, 0x11b9, 0x1176, 0x10bc, 0x0fa5, 
	0x0e51, 0x0ceb, 0x0ba8, 0x0ac0, 0x27e3, 0x2951, 0x2bf2, 0x2d5a, 0x278c, 0x2175, 0x278c, 0x2d5a, 0x278c, 0x2175, 0x2175, 0x2175, 
	0x2175, 0x2175, 0x22e2, 0x26c3, 0x2c6f, 0x332a, 0x3a2f, 0x40d3, 0x4694, 0x4b14, 0x4e04, 0x4f13, 0x3356, 0x0b86, 0x0b86, 0x0b86, 
	0x0b86, 0x0b86, 0x0b86, 0x0b86, 0x0b86, 0x0b86, 0x0cf3, 0x10a8, 0x15b4, 0x1b25, 0x202d, 0x2439, 0x26e8, 0xec41, 0xec89, 0xed1b, 
	0xed6f, 0xeb6a, 0xe9c0, 0xeb6a, 0xed6f, 0xeb6a, 0xe9c0, 0xe9c0, 0xe9c0, 0xe9c0, 0xe9c0, 0xea00, 0xeacb, 0xec47, 0xee8a, 0xf17b, 
	0xf4c8, 0xf7fe, 0xfaaf, 0xfc7f, 0xfd28, 0xea0f, 0xe13a, 0xe13a, 0xe13a, 0xe13a, 0xe13a, 0xe13a, 0xe13a, 0xe13a, 0xe13a, 0xe179, 
	0xe23d, 0xe39b, 0xe58b, 0xe7cf, 0xe9fd, 0xeb9f, 0xf1b6, 0xf127, 0xf027, 0xefa2, 0xf236, 0xf52a, 0xf236, 0xefa2, 0xf236, 0xf52a, 
	0xf52a, 0xf52a, 0xf52a, 0xf52a, 0xf471, 0xf287, 0xefdd, 0xecfb, 0xea63, 0xe86a, 0xe728, 0xe67e, 0xe639, 0xe628, 0xec3e, 0x02e3, 
	0x02e3, 0x02e3, 0x02e3, 0x02e3, 0x02e3, 0x02e3, 0x02e3, 0x02e3, 0x01e8, 0xff65, 0xfc13, 0xf8a9, 0xf5b6, 0xf385, 0xf22d, 0xf741, 
	0xf741, 0xf741, 0xf741, 0xf741, 0xf741, 0xf741, 0xf741, 0xf741, 0xf741, 0xf741, 0xf741, 0xf741, 0xf741, 0xf741, 0xf741, 0xf6e7, 
	0xf5dd, 0xf48e, 0xf3e4, 0xf47e, 0xf63f, 0xf88d, 0xfab3, 0xfc24, 0xfc9f, 0xfc9f, 0xfc9f, 0xfc9f, 0xfc9f, 0xfc9f, 0xfc9f, 0xfc24, 
	0xfab3, 0xf88d, 0xf63f, 0xf47e, 0xf3e4, 0xf48e, 0xf5dd, 0xf6e7, 0x1792, 0x1792, 0x1792, 0x1792, 0x1792, 0x1792, 0x1792, 0x1792, 
	0x1792, 0x1792, 0x1792, 0x1792, 0x1792, 0x1792, 0x1792, 0x1792, 0x186d, 0x1b46, 0x2014, 0x25bb, 0x2ac8, 0x2e8f, 0x3113, 0x3297, 
	0x335f, 0x339a, 0x339a, 0x339a, 0x339a, 0x339a, 0x339a, 0x339a, 0x335f, 0x3297, 0x3113, 0x2e8f, 0x2ac8, 0x25bb, 0x2014, 0x1b46, 
	0x186d, 0x4284, 0x4284, 0x4284, 0x4284, 0x4284, 0x4284, 0x4284, 0x4284, 0x4284, 0x4284, 0x4284, 0x4284, 0x4284, 0x4284, 0x4284, 
	0x4284, 0x434c, 0x45e3, 0x4a51, 0x4ff2, 0x55ed, 0x5ba8, 0x60ac, 0x6482, 0x66d9, 0x679a, 0x679a, 0x679a, 0x679a, 0x679a, 0x679a, 
	0x679a, 0x66d9, 0x6482, 0x60ac, 0x5ba8, 0x55ed, 0x4ff2, 0x4a51, 0x45e3, 0x434c, 0xda6a, 0xda62, 0xda4c, 0xda2c, 0xda05, 0xd9d8, 
	0xd9ab, 0xd97f, 0xd957, 0xd937, 0xd922, 0xd91a, 0xd91a, 0xd91a, 0xd91a, 0xd91a, 0xd927, 0xd947, 0xd97c, 0xd9bc, 0xd9ec, 0xd9d4, 
	0xd91e, 0xd760, 0x35ef, 0x329d, 0x329d, 0x329d, 0x329d, 0x329d, 0x329d, 0x329d, 0x33a7, 0x3687, 0xbadf, 0xc04d, 0xc654, 0xcc65, 
	0xd1eb, 0xd661, 0xd956, 0x030f, 0x0314, 0x0321, 0x0335, 0x034d, 0x0368, 0x0385, 0x03a0, 0x03b9, 0x03cd, 0x03db, 0x03df, 0x03df, 
	0x03df, 0x03df, 0x03df, 0x04a0, 0x069f, 0x0974, 0x0cb9, 0x100e, 0x131d, 0x159a, 0x1732, 0x7c51, 0x8064, 0x8064, 0x8064, 0x8064, 
	0x8064, 0x8064, 0x8064, 0x801d, 0x7f65, 0x018e, 0x027f, 0x0337, 0x0395, 0x039b, 0x0368, 0x032b, 0x855b, 0x855f, 0x856b, 0x857c, 
	0x8591, 0x85a8, 0x85c0, 0x85d7, 0x85ec, 0x85fd, 0x8608, 0x860c, 0x860c, 0x860c, 0x860c, 0x860c, 0x8699, 0x880d, 0x8a19, 0x8c72, 
	0x8ec3, 0x90b0, 0x91ca, 0x9194, 0xf83a, 0xf647, 0xf647, 0xf647, 0xf647, 0xf647, 0xf647, 0xf647, 0xf69c, 0xf78d, 0x7910, 0x7b0e, 
	0x7d61, 0x7fc8, 0x81fe, 0x83c5, 0x84f0, 0xe88c, 0xe88c, 0xe88c, 0xe88c, 0xe88c, 0xe88c, 0xe88c, 0xe88c, 0xe88c, 0xe88c, 0xe88c, 
	0xe88c, 0xe88c, 0xe88c, 0xe88c, 0xe88c, 0xe6ba, 0xdfde, 0xd038, 0xb612, 0x9ebf, 0x11b1, 0x0ad2, 0x0727, 0x055c, 0x04d6, 0x04d6, 
	0x04d6, 0x04d6, 0x04d6, 0x04d6, 0x04d6, 0x055c, 0x0727, 0x0ad2, 0x11b1, 0x9ebf, 0xb612, 0xd038, 0xdfde, 0xe6ba, 0x4d98, 0x4d98, 
	0x4d98, 0x4d98, 0x4d98, 0x4d98, 0x4d98, 0x4d98, 0x4d98, 0x4d98, 0x4d98, 0x4d98, 0x4d98, 0x4d98, 0x4d98, 0x4d98, 0x4d00, 0x4b28, 
	0x48a7, 0x4776, 0x4892, 0x3590, 0x33fb, 0x32e9, 0x3252, 0x3224, 0x3224, 0x3224, 0x3224, 0x3224, 0x3224, 0x3224, 0x3252, 0x32e9, 
	0x33fb, 0x3590, 0x4892, 0x4776, 0x48a7, 0x4b28, 0x4d00, 0x30f1, 0x30f1, 0x30f1, 0x30f1, 0x30f1, 0x30f1, 0x30f1, 0x30f1, 0x30f1, 
	0x30f1, 0x30f1, 0x30f1, 0x30f1, 0x30f1, 0x30f1, 0x30f1, 0x3034, 0x2ce0, 0x2301, 0x0f7f, 0xfe1a, 0x7597, 0x71e1, 0x7038, 0x6f81, 
	0x6f4f, 0x6f4f, 0x6f4f, 0x6f4f, 0x6f4f, 0x6f4f, 0x6f4f, 0x6f81, 0x7038, 0x71e1, 0x7597, 0xfe1a, 0x0f7f, 0x2301, 0x2ce0, 0x3034, 
	0x36d0, 0x36bf, 0x3692, 0x364f, 0x35fb, 0x359f, 0x353f, 0x34e2, 0x348f, 0x344c, 0x341f, 0x340f, 0x340f, 0x340f, 0x340f, 0x340f, 
	0x333e, 0x30f1, 0x2d4b, 0x286a, 0x2288, 0x1c33, 0x1663, 0x1247, 0x1fce, 0xa032, 0xa032, 0xa032, 0xa032, 0xa032, 0xa032, 0xa032, 
	0xa0be, 0xa237, 0xa464, 0xa70f, 0x2a10, 0x2d43, 0x3082, 0x338b, 0x35e1, 0xa917, 0xa915, 0xa911, 0xa90a, 0xa902, 0xa8f8, 0xa8ef, 
	0xa8e6, 0xa8de, 0xa8d7, 0xa8d3, 0xa8d1, 0xa8d1, 0xa8d1, 0xa8d1, 0xa8d1, 0xa943, 0xaa6c, 0xabff, 0xadae, 0xaf29, 0xb02a, 0xb087, 
	0xb030, 0x8b42, 0xfa43, 0xfa43, 0xfa43, 0xfa43, 0xfa43, 0xfa43, 0xfa43, 0xf958, 0xf6cc, 0xf2ee, 0xee16, 0x974a, 0x9cb3, 0xa19d, 
	0xa58e, 0xa827, 0x29e6, 0x29e3, 0x29dd, 0x29d4, 0x29c8, 0x29bb, 0x29ad, 0x29a0, 0x2993, 0x2989, 0x2983, 0x2980, 0x2980, 0x2980, 
	0x2980, 0x2980, 0x29bb, 0x2a7a, 0x2be8, 0x2e35, 0x316d, 0x3544, 0x38fd, 0x3ba3, 0x29af, 0xa88c, 0xa88c, 0xa88c, 0xa88c, 0xa88c, 
	0xa88c, 0xa88c, 0xa8d7, 0xa995, 0xaa8a, 0xab76, 0x2c1c, 0x2c4f, 0x2bf8, 0x2b2f, 0x2a4e, 0xf5c3, 0xf59d, 0xf531, 0xf48b, 0xf3b4, 
	0xf2b6, 0xf19b, 0xf072, 0xef50, 0xee53, 0xed9f, 0xed5b, 0xed6b, 0xed9c, 0xeded, 0xee57, 0xeed2, 0xef53, 0xefd2, 0xf049, 0xf0b4, 
	0xf113, 0xf164, 0xf1aa, 0xf3fe, 0xf865, 0xf865, 0xf865, 0xf865, 0xf865, 0xf865, 0xf865, 0xf865, 0xf865, 0xf8c4, 0xfae5, 0x0410, 
	0x038b, 0x0202, 0xfe81, 0xf841, 0x1441, 0x14a2, 0x15ae, 0x173f, 0x192f, 0x1b57, 0x1d91, 0x1fb4, 0x219b, 0x2321, 0x2424, 0x2482, 
	0x2476, 0x2451, 0x2410, 0x23b7, 0x2349, 0x22cd, 0x224a, 0x21c4, 0x2141, 0x20c1, 0x2046, 0x1fd1, 0x07fe, 0xf334, 0xf334, 0xf334, 
	0xf334, 0xf334, 0xf334, 0xf334, 0xf334, 0xf334, 0xf45c, 0xfa39, 0x0b25, 0x0c45, 0x0ddd, 0x1043, 0x134e, 0x3597, 0x358d, 0x3572, 
	0x3541, 0x34f8, 0x3495, 0x3416, 0x3380, 0x32e0, 0x3249, 0x31d8, 0x31ad, 0x31b1, 0x31c0, 0x31d7, 0x31f8, 0x321e, 0x3247, 0x3271, 
	0x329a, 0x32c1, 0x32e6, 0x3309, 0x332a, 0x2e69, 0x28e4, 0x28e4, 0x28e4, 0x28e4, 0x28e4, 0x28e4, 0x28e4, 0x28e4, 0x28e4, 0x297b, 
	0x2c9c, 0x3835, 0x3842, 0x3829, 0x37a8, 0x3644, 0xe43e, 0xe43e, 0xe43e, 0xe43e, 0xe43e, 0xe43e, 0xe43e, 0xe43e, 0xe43e, 0xe43e, 
	0xe43e, 0xe43e, 0xe43e, 0xe43e, 0xe43e, 0xe43e, 0xe421, 0xe3d2, 0xe363, 0xe2e3, 0xe263, 0xe1f1, 0xe19c, 0xe174, 0xebe1, 0xedf3, 
	0xedf3, 0xedf3, 0xedf3, 0xedf3, 0xedf3, 0xedf3, 0xedf3, 0xedf3, 0xed95, 0xec7f, 0xeacc, 0xe8c3, 0xe6d1, 0xe55a, 0xe483, 0x076e, 
	0x076e, 0x076e, 0x076e, 0x076e, 0x076e, 0x076e, 0x076e, 0x076e, 0x076e, 0x076e, 0x076e, 0x076e, 0x076e, 0x076e, 0x076e, 0x0780, 
	0x07b2, 0x07fd, 0x085a, 0x08c1, 0x092a, 0x098c, 0x09df, 0xfff6, 0xff3b, 0xff3b, 0xff3b, 0xff3b, 0xff3b, 0xff3b, 0xff3b, 0xff3b, 
	0xff3b, 0xff58, 0xffbd, 0x008d, 0x01e6, 0x03b0, 0x058a, 0x06eb, 0x983e, 0x983e, 0x983e, 0x983e, 0x983e, 0x983e, 0x983e, 0x983e, 
	0x983e, 0x983e, 0x983e, 0x983e, 0x983e, 0x983e, 0x983e, 0x983e, 0x9854, 0x988c, 0x98d8, 0x9929, 0x9972, 0x99a4, 0x99b1, 0x998d, 
	0x7b20, 0x767a, 0x767a, 0x767a, 0x767a, 0x767a, 0x767a, 0x767a, 0x767a, 0x767a, 0x777d, 0x7a89, 0x7f7b, 0x85d6, 0x8ca6, 0x92ab, 
	0x96c7, 0x7706, 0x76e0, 0x7678, 0x75de, 0x7521, 0xf44d, 0xf373, 0xf29f, 0xf1de, 0xf140, 0xf0d5, 0xf0ae, 0xf0bf, 0xf0f4, 0xf14b, 
	0xf1bc, 0xf23d, 0xf2c3, 0xf344, 0xf3b9, 0xf41f, 0xf475, 0xf4ba, 0xf4ef, 0xf7eb, 0xfafb, 0xfafb, 0xfafb, 0xfafb, 0xfafb, 0xfafb, 
	0xfafb, 0xfafb, 0xfafb, 0xfd4d, 0x0297, 0x060a, 0x0542, 0x0361, 0xff8e, 0xf95e, 0xffb7, 0x0020, 0x013d, 0x02e9, 0x04fd, 0x78ae, 
	0x7645, 0x73f0, 0x71da, 0x702c, 0x6f0c, 0x6ea4, 0x6ea1, 0x6e9c, 0x6e97, 0x6e99, 0x6ea8, 0x6ec6, 0x6ef6, 0x6f37, 0x6f89, 0x6fe8, 
	0x7054, 0x70cb, 0x8691, 0x99db, 0x99db, 0x99db, 0x99db, 0x99db, 0x99db, 0x99db, 0x99db, 0x99db, 0x98b2, 0x95b3, 0x92ca, 0x90e8, 
	0x8e04, 0x8947, 0x8294, 0xba9c, 0xbaa9, 0xbaca, 0xbaf7, 0xbb26, 0x3b50, 0x3b6e, 0x3b7f, 0x3b83, 0x3b7f, 0x3b78, 0x3b75, 0x3b6e, 
	0x3b5c, 0x3b40, 0x3b1c, 0x3af4, 0x3acd, 0x3aa9, 0x3a8b, 0x3a72, 0x3a60, 0x3a54, 0x3a4e, 0x3a90, 0x394d, 0x394d, 0x394d, 0x394d, 
	0x394d, 0x394d, 0x394d, 0x394d, 0x394d, 0x38fb, 0x3897, 0x38c9, 0x3945, 0x39f1, 0x3aaf, 0x3ad4, 0xd5c3, 0xd5c3, 0xd5c3, 0xd5c3, 
	0xd5c3, 0xd5c3, 0xd5c3, 0xd5c3, 0xd5c3, 0xd5c3, 0xd5c3, 0xd5c3, 0xd5c3, 0xd5c3, 0xd5c3, 0xd5c3, 0xd5a9, 0xd564, 0xd504, 0xd496, 
	0xd429, 0xd3cb, 0xd389, 0xd370, 0xd573, 0xd5c3, 0xd5c3, 0xd5c3, 0xd5c3, 0xd5c3, 0xd5c3, 0xd5c3, 0xd5c3, 0xd5c3, 0xd5c3, 0xd5c3, 
	0xd5c3, 0xd5c3, 0xd5c3, 0xd5c3, 0xd5c3, 0x0f57, 0x0f57, 0x0f57, 0x0f57, 0x0f57, 0x0f57, 0x0f57, 0x0f57, 0x0f57, 0x0f57, 0x0f57, 
	0x0f57, 0x0f57, 0x0f57, 0x0f57, 0x0f57, 0x0f37, 0x0ee3, 0x0e6c, 0x0de3, 0x0d5a, 0x0ce2, 0x0c8d, 0x0c6d, 0x0ef5, 0x0f57, 0x0f57, 
	0x0f57, 0x0f57, 0x0f57, 0x0f57, 0x0f57, 0x0f57, 0x0f57, 0x0f57, 0x0f57, 0x0f57, 0x0f57, 0x0f57, 0x0f57, 0x0f57, 0x5ec0, 0x5ec0, 
	0x5ec0, 0x5ec0, 0x5ec0, 0x5ec0, 0x5ec0, 0x5ec0, 0x5ec0, 0x5ec0, 0x5ec0, 0x5ec0, 0x5ec0, 0x5ec0, 0x5ec0, 0x5ec0, 0x5eb8, 0x5ea4, 
	0x5e89, 0x5e6b, 0x5e4f, 0x5e37, 0x5e28, 0x5e22, 0x5ea8, 0x5ec0, 0x5ec0, 0x5ec0, 0x5ec0, 0x5ec0, 0x5ec0, 0x5ec0, 0x5ec0, 0x5ec0, 
	0x5ec0, 0x5ec0, 0x5ec0, 0x5ec0, 0x5ec0, 0x5ec0, 0x5ec0, };

JointIndex gScissorsBeetleSkelAttackAnimJointIndices[17] = {
	{ 0x0000, 0x000a, 0x0033, },
	{ 0x0001, 0x0000, 0x0002, },
	{ 0x0000, 0x0000, 0x005c, },
	{ 0x0003, 0x0000, 0x0085, },
	{ 0x0004, 0x0005, 0x0006, },
	{ 0x0007, 0x0008, 0x0009, },
	{ 0x00ae, 0x00d7, 0x0100, },
	{ 0x0129, 0x0152, 0x017b, },
	{ 0x01a4, 0x01cd, 0x01f6, },
	{ 0x021f, 0x0248, 0x0271, },
	{ 0x029a, 0x02c3, 0x02ec, },
	{ 0x0315, 0x033e, 0x0367, },
	{ 0x0390, 0x03b9, 0x03e2, },
	{ 0x040b, 0x0434, 0x045d, },
	{ 0x0486, 0x04af, 0x04d8, },
	{ 0x0501, 0x052a, 0x0553, },
	{ 0x057c, 0x05a5, 0x05ce, },
};

AnimationHeader gScissorsBeetleSkelAttackAnim = { { 41 }, gScissorsBeetleSkelAttackAnimFrameData, gScissorsBeetleSkelAttackAnimJointIndices, 10 };

s16 gScissorsBeetleSkelSwingAnimFrameData[658] = {
	0x0000, 0x4000, 0xbfff, 0x8000, 0x0f3f, 0xefd5, 0x1ba8, 0x5717, 0x000c, 0xffb5, 0x0000, 0xfffb, 0xffef, 0xffdf, 0xffce, 0xffbf, 
	0xffb5, 0xffb5, 0xffc1, 0xffd9, 0xfff7, 0x000e, 0x0015, 0x0005, 0xffe9, 0xffcd, 0xffc1, 0xffc1, 0x0000, 0x009f, 0x0243, 0x0497, 
	0x0744, 0x09f0, 0x0c44, 0x0de8, 0x0e87, 0x0c44, 0x0744, 0x0243, 0x0000, 0x0000, 0x0000, 0x0000, 0x0000, 0x0000, 0x01ec, 0x021c, 
	0x029d, 0x0353, 0x0423, 0x04f3, 0x05a9, 0x0629, 0x065a, 0x0606, 0x0534, 0x0423, 0x0312, 0x0240, 0x01ec, 0x01ec, 0x01ec, 0x01ec, 
	0x29be, 0x2848, 0x249b, 0x1fcd, 0x1afe, 0x1751, 0x15db, 0x1651, 0x1794, 0x1978, 0x1bd1, 0x1e71, 0x2128, 0x23c8, 0x2621, 0x2806, 
	0x2949, 0x29be, 0x4839, 0x46c3, 0x4316, 0x3e48, 0x3979, 0x35cc, 0x3456, 0x34cc, 0x360f, 0x37f3, 0x3a4c, 0x3cec, 0x3fa3, 0x4243, 
	0x449c, 0x4681, 0x47c4, 0x4839, 0xf604, 0xf65a, 0xf760, 0xf91e, 0xfb9c, 0xfee4, 0x0301, 0x07f6, 0x0dca, 0x1430, 0x1784, 0x06ad, 
	0xf604, 0xf6d7, 0xf85f, 0xf932, 0xf932, 0xf932, 0xde65, 0xde67, 0xde6e, 0xde77, 0xde81, 0xde8a, 0xde91, 0xde96, 0xde97, 0xde91, 
	0xde81, 0xde6e, 0xde65, 0xde65, 0xde65, 0xde65, 0xde65, 0xde65, 0xffff, 0xffff, 0xfffe, 0xfffb, 0xfff7, 0xfff1, 0xffeb, 0xffe6, 
	0xffe4, 0xffeb, 0xfff7, 0xfffe, 0xffff, 0xffff, 0xffff, 0xffff, 0xffff, 0xffff, 0x0a67, 0x0bbf, 0x0f54, 0x1477, 0x1a69, 0x205a, 
	0x257d, 0x2912, 0x2a6b, 0x257d, 0x1a69, 0x0f54, 0x0a67, 0x0a67, 0x0a67, 0x0a67, 0x0a67, 0x0a67, 0x27e3, 0x27e5, 0x27ec, 0x27f6, 
	0x2802, 0x280e, 0x2819, 0x2820, 0x2823, 0x2819, 0x2802, 0x27ec, 0x27e3, 0x27e3, 0x27e3, 0x27e3, 0x27e3, 0x27e3, 0xec41, 0xec42, 
	0xec45, 0xec48, 0xec4a, 0xec4b, 0xec4a, 0xec49, 0xec48, 0xec4a, 0xec4a, 0xec45, 0xec41, 0xec41, 0xec41, 0xec41, 0xec41, 0xec41, 
	0xf1b6, 0xf30d, 0xf69f, 0xfbbd, 0x01aa, 0x0796, 0x0cb4, 0x1046, 0x119d, 0x0cb4, 0x01aa, 0xf69f, 0xf1b6, 0xf1b6, 0xf1b6, 0xf1b6, 
	0xf1b6, 0xf1b6, 0xf741, 0xf7a6, 0xf8bd, 0xfa6e, 0xfca1, 0xff2f, 0x01c8, 0x03e0, 0x04bc, 0x01c8, 0xfca1, 0xf8bd, 0xf741, 0xf741, 
	0xf741, 0xf741, 0xf741, 0xf741, 0x1792, 0x184d, 0x1a3a, 0x1cf1, 0x2003, 0x2303, 0x258c, 0x2747, 0x27eb, 0x258c, 0x2003, 0x1a3a, 
	0x1792, 0x1792, 0x1792, 0x1792, 0x1792, 0x1792, 0x4284, 0x42bc, 0x435e, 0x446d, 0x45ec, 0x47cc, 0x49d1, 0x4b83, 0x4c38, 0x49d1, 
	0x45ec, 0x435e, 0x4284, 0x4284, 0x4284, 0x4284, 0x4284, 0x4284, 0xda6a, 0xda21, 0xd962, 0xd853, 0xd71a, 0xd5e0, 0xd4cd, 0xd40b, 
	0xd3c1, 0xd4cd, 0xd71a, 0xd962, 0xda6a, 0xda6a, 0xda6a, 0xda6a, 0xda6a, 0xda6a, 0x030f, 0x031e, 0x0344, 0x0375, 0x03a7, 0x03d2, 
	0x03f2, 0x0405, 0x040b, 0x03f2, 0x03a7, 0x0344, 0x030f, 0x030f, 0x030f, 0x030f, 0x030f, 0x030f, 0x855b, 0x8524, 0x8494, 0x83c7, 
	0x82da, 0x81ec, 0x811b, 0x8086, 0x804e, 0x811b, 0x82da, 0x8494, 0x855b, 0x855b, 0x855b, 0x855b, 0x855b, 0x855b, 0xe88c, 0xe883, 
	0xe864, 0xe817, 0xe717, 0x178c, 0xeb34, 0xea52, 0xea26, 0xeb34, 0xe717, 0xe864, 0xe88c, 0xe88c, 0xe88c, 0xe88c, 0xe88c, 0xe88c, 
	0x4d98, 0x4cbe, 0x4a7e, 0x474a, 0x439c, 0x3fcf, 0x3cb6, 0x3a76, 0x399d, 0x3cb6, 0x439c, 0x4a7e, 0x4d98, 0x4d98, 0x4d98, 0x4d98, 
	0x4d98, 0x4d98, 0x30f1, 0x30e8, 0x30ca, 0x307f, 0x2f81, 0x5ff7, 0x33a1, 0x32c1, 0x3296, 0x33a1, 0x2f81, 0x30ca, 0x30f1, 0x30f1, 
	0x30f1, 0x30f1, 0x30f1, 0x30f1, 0x36d0, 0x3671, 0x357f, 0x343d, 0x32e5, 0x31a6, 0x30a2, 0x2ff2, 0x2fb1, 0x30a2, 0x32e5, 0x357f, 
	0x36d0, 0x36d0, 0x36d0, 0x36d0, 0x36d0, 0x36d0, 0xa917, 0xa8d0, 0xa812, 0xa702, 0xa5c5, 0xa485, 0xa36a, 0xa2a1, 0xa255, 0xa36a, 
	0xa5c5, 0xa812, 0xa917, 0xa917, 0xa917, 0xa917, 0xa917, 0xa917, 0x29e6, 0x2a2a, 0x2ad5, 0x2bb3, 0x2c96, 0x2d5f, 0x2dfc, 0x2e62, 
	0x2e86, 0x2dfc, 0x2c96, 0x2ad5, 0x29e6, 0x29e6, 0x29e6, 0x29e6, 0x29e6, 0x29e6, 0xf5c3, 0xf541, 0xf3e9, 0xf200, 0xefce, 0xed9a, 
	0xebaf, 0xea55, 0xe9d2, 0xeb36, 0xee91, 0xf291, 0xf5c3, 0xf779, 0xf830, 0xf854, 0xf854, 0xf854, 0x1441, 0x144c, 0x1466, 0x1484, 
	0x1499, 0x14a2, 0x149f, 0x1497, 0x1493, 0x14e4, 0x155c, 0x154c, 0x1441, 0x110a, 0x0cc6, 0x0aa7, 0x0aa7, 0x0aa7, 0x3597, 0x3558, 
	0x34b4, 0x33c8, 0x32b8, 0x31a7, 0x30b9, 0x3011, 0x2fd2, 0x3095, 0x3261, 0x3462, 0x3597, 0x3611, 0x3668, 0x368b, 0x368b, 0x368b, 
	0xe43e, 0xe426, 0xe3e6, 0xe38b, 0xe324, 0xe2bd, 0xe263, 0xe224, 0xe20c, 0xe263, 0xe324, 0xe3e6, 0xe43e, 0xe43e, 0xe43e, 0xe43e, 
	0xe43e, 0xe43e, 0x076e, 0x0788, 0x07ce, 0x0832, 0x08a5, 0x0918, 0x097d, 0x09c5, 0x09e0, 0x097d, 0x08a5, 0x07ce, 0x076e, 0x076e, 
	0x076e, 0x076e, 0x076e, 0x076e, 0x983e, 0x984b, 0x986c, 0x989b, 0x98cf, 0x9903, 0x992f, 0x994e, 0x9959, 0x992f, 0x98cf, 0x986c, 
	0x983e, 0x983e, 0x983e, 0x983e, 0x983e, 0x983e, 0x7706, 0x7697, 0x7571, 0x73d1, 0x71f3, 0x7015, 0x6e75, 0x6d4e, 0x6cdf, 0x6e1e, 
	0x710c, 0x746d, 0x7706, 0xf84d, 0xf8cf, 0xf8e8, 0xf8e8, 0xf8e8, 0xffb7, 0xffd0, 0x0015, 0x0074, 0x00e0, 0x014d, 0x01aa, 0x01ec, 
	0x0205, 0x01fd, 0x01be, 0x010e, 0xffb7, 0x8492, 0x8abe, 0x8de1, 0x8de1, 0x8de1, 0xba9c, 0xba9d, 0xba9d, 0xba9b, 0xba93, 0xba86, 
	0xba77, 0xba6a, 0xba64, 0xba6e, 0xba86, 0xba9c, 0xba9c, 0x3a85, 0x3a5c, 0x3a48, 0x3a48, 0x3a48, 0xd5c3, 0xd5b5, 0xd591, 0xd55d, 
	0xd522, 0xd4e7, 0xd4b4, 0xd490, 0xd483, 0xd4b4, 0xd522, 0xd591, 0xd5c3, 0xd5c3, 0xd5c3, 0xd5c3, 0xd5c3, 0xd5c3, 0x0f57, 0x0f41, 
	0x0f07, 0x0eb6, 0x0e58, 0x0dfb, 0x0da9, 0x0d6f, 0x0d59, 0x0da9, 0x0e58, 0x0f07, 0x0f57, 0x0f57, 0x0f57, 0x0f57, 0x0f57, 0x0f57, 
	0x5ec0, 0x5ebc, 0x5eb3, 0x5ea5, 0x5e97, 0x5e89, 0x5e7d, 0x5e75, 0x5e72, 0x5e7d, 0x5e97, 0x5eb3, 0x5ec0, 0x5ec0, 0x5ec0, 0x5ec0, 
	0x5ec0, 0x5ec0, };

JointIndex gScissorsBeetleSkelSwingAnimJointIndices[17] = {
	{ 0x0000, 0x0000, 0x000a, },
	{ 0x0001, 0x0000, 0x0002, },
	{ 0x0000, 0x0000, 0x001c, },
	{ 0x0003, 0x0000, 0x002e, },
	{ 0x0004, 0x0005, 0x0040, },
	{ 0x0006, 0x0007, 0x0052, },
	{ 0x0008, 0x0009, 0x0064, },
	{ 0x0076, 0x0088, 0x009a, },
	{ 0x00ac, 0x00be, 0x00d0, },
	{ 0x00e2, 0x00f4, 0x0106, },
	{ 0x0118, 0x012a, 0x013c, },
	{ 0x014e, 0x0160, 0x0172, },
	{ 0x0184, 0x0196, 0x01a8, },
	{ 0x01ba, 0x01cc, 0x01de, },
	{ 0x01f0, 0x0202, 0x0214, },
	{ 0x0226, 0x0238, 0x024a, },
	{ 0x025c, 0x026e, 0x0280, },
};

AnimationHeader gScissorsBeetleSkelSwingAnim = { { 18 }, gScissorsBeetleSkelSwingAnimFrameData, gScissorsBeetleSkelSwingAnimJointIndices, 10 };

s16 gScissorsBeetleSkelHurtAnimFrameData[727] = {
	0x0000, 0x8000, 0x0f3f, 0xefd5, 0x29be, 0x1ba8, 0x5717, 0x4839, 0xf741, 0x1792, 0x7706, 0xffb7, 0xba9c, 0x0000, 0x000a, 0x0021, 
	0x0037, 0x0041, 0x0040, 0x003e, 0x003b, 0x0037, 0x0032, 0x002c, 0x0027, 0x0021, 0x001a, 0x0015, 0x000f, 0x000a, 0x0006, 0x0003, 
	0x0001, 0x0000, 0x0000, 0xffed, 0xffc3, 0xff99, 0xff86, 0xff87, 0xff8b, 0xff91, 0xff99, 0xffa2, 0xffad, 0xffb8, 0xffc3, 0xffce, 
	0xffd9, 0xffe4, 0xffed, 0xfff5, 0xfffb, 0xffff, 0x0000, 0x4000, 0x3f8e, 0x3e92, 0x3d93, 0x3d1d, 0x3d26, 0x3d3e, 0x3d63, 0x3d93, 
	0x3dcb, 0x3e0a, 0x3e4d, 0x3e92, 0x3ed7, 0x3f19, 0x3f57, 0x3f8e, 0x3fbd, 0x3fe1, 0x3ff8, 0x4000, 0x0000, 0x0115, 0x0377, 0x05d8, 
	0x06ed, 0x06d9, 0x06a1, 0x064a, 0x05d8, 0x0553, 0x04bd, 0x041d, 0x0377, 0x02d2, 0x0232, 0x019c, 0x0115, 0x00a4, 0x004c, 0x0014, 
	0x0000, 0xbfff, 0xbff4, 0xbfd1, 0xbf9e, 0xbf82, 0xbf84, 0xbf8a, 0xbf93, 0xbf9e, 0xbfab, 0xbfb8, 0xbfc4, 0xbfd1, 0xbfdc, 0xbfe5, 
	0xbfee, 0xbff4, 0xbff9, 0xbffc, 0xbfff, 0xbfff, 0x01ec, 0x00f3, 0xfecd, 0xfca9, 0xfbb0, 0xfbc2, 0xfbf4, 0xfc43, 0xfca9, 0xfd22, 
	0xfda8, 0xfe38, 0xfecd, 0xff62, 0xfff2, 0x007a, 0x00f3, 0x0158, 0x01a7, 0x01da, 0x01ec, 0x000c, 0x000d, 0x000e, 0x000e, 0x000c, 
	0x0008, 0x0006, 0x000c, 0x0039, 0x0091, 0x00f2, 0x012e, 0x00fa, 0x004c, 0xff60, 0xfe83, 0xfe16, 0xfe58, 0xff03, 0xffb8, 0x000c, 
	0xffb5, 0xffb5, 0xffb5, 0xffb5, 0xffb5, 0xffb6, 0xffb7, 0xffb5, 0xff32, 0xfe15, 0xfcfc, 0xfc80, 0xfd34, 0xfed1, 0x00b4, 0x023b, 
	0x02d3, 0x024c, 0x0139, 0x002e, 0xffb5, 0xf604, 0xf619, 0xf6ab, 0xf838, 0xfb3e, 0x00e1, 0x0746, 0x0a50, 0x09f4, 0x08f5, 0x0773, 
	0x0591, 0x0375, 0x0137, 0xfee4, 0xfc9a, 0xfa7c, 0xf8b0, 0xf748, 0xf65b, 0xf604, 0xde65, 0xde15, 0xdd37, 0xdbe4, 0xda36, 0xd858, 
	0xd68d, 0xd530, 0xd4a6, 0xd4e6, 0xd592, 0xd68d, 0xd7b9, 0xd8f9, 0xda36, 0xdb5d, 0xdc61, 0xdd37, 0xddd9, 0xde40, 0xde65, 0xffff, 
	0x00be, 0x02b0, 0x0569, 0x087a, 0x0b75, 0x0df5, 0x0faa, 0x104b, 0x1001, 0x0f33, 0x0df5, 0x0c5c, 0x0a7f, 0x087a, 0x066b, 0x0471, 
	0x02b0, 0x0147, 0x0057, 0xffff, 0x0a67, 0x0a01, 0x08ec, 0x074d, 0x054d, 0x0322, 0x0118, 0xff8f, 0xfef5, 0xff3c, 0xfffd, 0x0118, 
	0x026c, 0x03dc, 0x054d, 0x06ab, 0x07e4, 0x08ec, 0x09b6, 0x0a38, 0x0a67, 0x27e3, 0x285f, 0x29a9, 0x2b81, 0x2da4, 0x2fcd, 0x31b4, 
	0x330e, 0x3392, 0x3356, 0x32af, 0x31b4, 0x307b, 0x2f19, 0x2da4, 0x2c32, 0x2ad8, 0x29a9, 0x28b9, 0x281c, 0x27e3, 0xec41, 0xec9f, 
	0xed92, 0xeee1, 0xf052, 0xf1b1, 0xf2d2, 0xf395, 0xf3dd, 0xf3bc, 0xf360, 0xf2d2, 0xf21a, 0xf141, 0xf052, 0xef5b, 0xee6a, 0xed92, 
	0xece2, 0xec6c, 0xec41, 0xf1b6, 0xf202, 0xf2d0, 0xf3fe, 0xf569, 0xf6e3, 0xf838, 0xf92f, 0xf98e, 0xf962, 0xf8eb, 0xf838, 0xf75c, 
	0xf667, 0xf569, 0xf473, 0xf391, 0xf2d0, 0xf23a, 0xf1d8, 0xf1b6, 0x4284, 0x42dc, 0x43c0, 0x44f7, 0x464a, 0x4782, 0x4866, 0x48be, 
	0x48a3, 0x4858, 0x47e6, 0x4756, 0x46b0, 0x45fd, 0x4545, 0x4492, 0x43eb, 0x435b, 0x42e9, 0x429f, 0x4284, 0xda6a, 0xdc24, 0xe000, 
	0xe3eb, 0xe5b5, 0xe594, 0xe537, 0xe4a6, 0xe3eb, 0xe30d, 0xe216, 0xe10f, 0xe000, 0xdef2, 0xddee, 0xdcfc, 0xdc24, 0xdb6e, 0xdae3, 
	0xda89, 0xda6a, 0x030f, 0x0279, 0x0155, 0x006a, 0x0013, 0x0018, 0x0029, 0x0044, 0x006a, 0x0098, 0x00d0, 0x010f, 0x0155, 0x019f, 
	0x01ea, 0x0234, 0x0279, 0x02b5, 0x02e5, 0x0304, 0x030f, 0x855b, 0x845d, 0x8218, 0x7fba, 0x7ea1, 0x7eb5, 0x7eee, 0x7f47, 0x7fba, 
	0x8041, 0x80d7, 0x8175, 0x8218, 0x82b8, 0x8352, 0x83e0, 0x845d, 0x84c6, 0x8516, 0x8549, 0x855b, 0xe88c, 0xeef5, 0xf508, 0xf244, 
	0xef6f, 0xecbe, 0xea63, 0xe88c, 0xe746, 0xe66f, 0xe5f6, 0xe5c8, 0xe5d7, 0xe614, 0xe672, 0xe6e3, 0xe75b, 0xe7ce, 0xe830, 0xe873, 
	0xe88c, 0x4d98, 0x4c91, 0x4c35, 0x4c94, 0x4cde, 0x4d1e, 0x4d5b, 0x4d98, 0x4dce, 0x4df7, 0x4e11, 0x4e1f, 0x4e21, 0x4e19, 0x4e09, 
	0x4df3, 0x4ddb, 0x4dc2, 0x4dad, 0x4d9e, 0x4d98, 0x30f1, 0x3947, 0x42d7, 0x42d5, 0x420c, 0x40bc, 0x3f25, 0x3d80, 0x3bf4, 0x3a7d, 
	0x3917, 0x37c3, 0x3682, 0x3558, 0x3447, 0x3354, 0x3283, 0x31d9, 0x315b, 0x310c, 0x30f1, 0x36d0, 0x37cb, 0x39f5, 0x3c22, 0xbd1f, 
	0xbd0c, 0xbcd9, 0x3c8a, 0x3c22, 0x3ba7, 0x3b1e, 0x3a8c, 0x39f5, 0x395f, 0x38cd, 0x3845, 0x37cb, 0x3764, 0x3715, 0x36e2, 0x36d0, 
	0xa917, 0xa962, 0xaa10, 0xaaca, 0xd4dd, 0xd4e4, 0xd4f6, 0xaaed, 0xaaca, 0xaaa0, 0xaa72, 0xaa41, 0xaa10, 0xa9e0, 0xa9b2, 0xa987, 
	0xa962, 0xa943, 0xa92c, 0xa91c, 0xa917, 0x29e6, 0x2aa6, 0x2c4a, 0x2de7, 0xae9f, 0xae92, 0xae6d, 0x2e33, 0x2de7, 0x2d8c, 0x2d27, 
	0x2cba, 0x2c4a, 0x2bd8, 0x2b6a, 0x2b03, 0x2aa6, 0x2a57, 0x2a1a, 0x29f3, 0x29e6, 0xf5c3, 0xf7c7, 0xf9da, 0xf96a, 0xf863, 0xf72d, 
	0xf62d, 0xf5c3, 0xf5c3, 0xf5c3, 0xf5c3, 0xf5c3, 0xf5c3, 0xf5c3, 0xf5c3, 0xf5c3, 0xf5c3, 0xf5c3, 0xf5c3, 0xf5c3, 0xf5c3, 0x1441, 
	0x153c, 0x162b, 0x15fa, 0x1584, 0x14f3, 0x1476, 0x1441, 0x1441, 0x1441, 0x1441, 0x1441, 0x1441, 0x1441, 0x1441, 0x1441, 0x1441, 
	0x1441, 0x1441, 0x1441, 0x1441, 0x3597, 0x36b2, 0x37e0, 0x379f, 0x3709, 0x365c, 0x35d0, 0x3597, 0x3597, 0x3597, 0x3597, 0x3597, 
	0x3597, 0x3597, 0x3597, 0x3597, 0x3597, 0x3597, 0x3597, 0x3597, 0x3597, 0xe43e, 0xe5ef, 0xe9b3, 0xed86, 0xef45, 0xef25, 0xeeca, 
	0xee3d, 0xed86, 0xecad, 0xebbd, 0xeabc, 0xe9b3, 0xe8ac, 0xe7ae, 0xe6c2, 0xe5ef, 0xe53d, 0xe4b5, 0xe45d, 0xe43e, 0x076e, 0x06a8, 
	0x0514, 0x03ac, 0x031a, 0x0324, 0x0341, 0x036f, 0x03ac, 0x03f7, 0x044e, 0x04ad, 0x0514, 0x057d, 0x05e7, 0x064c, 0x06a8, 0x06f8, 
	0x0737, 0x075f, 0x076e, 0x983e, 0x9772, 0x9596, 0x9398, 0x92a6, 0x92b8, 0x92e9, 0x9335, 0x9398, 0x940a, 0x9489, 0x950e, 0x9596, 
	0x961a, 0x9699, 0x970c, 0x9772, 0x97c6, 0x9807, 0x982f, 0x983e, 0xd5c3, 0xd730, 0xda71, 0xdde2, 0xdf83, 0xdf65, 0xdf0f, 0xde8c, 
	0xdde2, 0xdd1c, 0xdc42, 0xdb5c, 0xda71, 0xd98b, 0xd8ae, 0xd7e3, 0xd730, 0xd699, 0xd627, 0xd5dd, 0xd5c3, 0x0f57, 0x1066, 0x12ab, 
	0x14d3, 0x15c1, 0x15b0, 0x1580, 0x1535, 0x14d3, 0x145c, 0x13d6, 0x1344, 0x12ab, 0x1210, 0x1178, 0x10e8, 0x1066, 0x0ff8, 0x0fa2, 
	0x0f6a, 0x0f57, 0x5ec0, 0x5f54, 0x60c5, 0x6275, 0x634f, 0x633f, 0x6311, 0x62cd, 0x6275, 0x6210, 0x61a4, 0x6134, 0x60c5, 0x605b, 
	0x5ff8, 0x5fa0, 0x5f54, 0x5f16, 0x5ee7, 0x5eca, 0x5ec0, };

JointIndex gScissorsBeetleSkelHurtAnimJointIndices[17] = {
	{ 0x0000, 0x000d, 0x0022, },
	{ 0x0037, 0x004c, 0x0061, },
	{ 0x0000, 0x0000, 0x0000, },
	{ 0x0001, 0x0000, 0x0076, },
	{ 0x0002, 0x0003, 0x0004, },
	{ 0x0005, 0x0006, 0x0007, },
	{ 0x008b, 0x00a0, 0x00b5, },
	{ 0x00ca, 0x00df, 0x00f4, },
	{ 0x0109, 0x011e, 0x0133, },
	{ 0x0008, 0x0009, 0x0148, },
	{ 0x015d, 0x0172, 0x0187, },
	{ 0x019c, 0x01b1, 0x01c6, },
	{ 0x01db, 0x01f0, 0x0205, },
	{ 0x021a, 0x022f, 0x0244, },
	{ 0x0259, 0x026e, 0x0283, },
	{ 0x000a, 0x000b, 0x000c, },
	{ 0x0298, 0x02ad, 0x02c2, },
};

AnimationHeader gScissorsBeetleSkelHurtAnim = { { 21 }, gScissorsBeetleSkelHurtAnimFrameData, gScissorsBeetleSkelHurtAnimJointIndices, 13 };

s16 gScissorsBeetleSkelDieAnimFrameData[1215] = {
	0x0000, 0x4000, 0xbfff, 0x8000, 0x0f3f, 0xefd5, 0x0000, 0x000d, 0x0035, 0x004a, 0x0041, 0x0053, 0x0052, 0x0056, 0x0056, 0x0056, 
	0x0056, 0x0056, 0x0056, 0x0056, 0x004d, 0x0032, 0x0004, 0xffe9, 0xfffa, 0xfff9, 0xffe6, 0xffe5, 0xffdf, 0xffde, 0xffde, 0xffde, 
	0xffde, 0xffde, 0xffde, 0xffde, 0xffde, 0x01ec, 0x003f, 0xfb33, 0xf8a2, 0xf9b4, 0xf76a, 0xf798, 0xf70b, 0xf70b, 0xf70b, 0xf70b, 
	0xf70b, 0xf70b, 0xf70b, 0xf70b, 0xf70b, 0xf70b, 0xfa3a, 0x03e1, 0x08ca, 0x06c0, 0x0b1b, 0x0ac4, 0x0bd0, 0x0bd0, 0x0bd0, 0x0bd0, 
	0x0bd0, 0x0bd0, 0x0bd0, 0x0bd0, 0x29be, 0x2dda, 0x3a60, 0x40be, 0x3e1a, 0x43bb, 0x434b, 0x44a5, 0x44a5, 0x44a5, 0x44a5, 0x44a5, 
	0x44a5, 0x44a5, 0x44a5, 0x44a5, 0x44a5, 0x3cfb, 0x2488, 0x183a, 0x1d47, 0x12a0, 0x1371, 0x10f4, 0x10f4, 0x10f4, 0x10f4, 0x10f4, 
	0x10f4, 0x10f4, 0x10f4, 0x1ba8, 0x1ba8, 0x9ba7, 0x9ba7, 0x9ba7, 0x9ba7, 0x9ba7, 0x9ba7, 0x9ba7, 0x9ba7, 0x9ba7, 0x9ba7, 0x9ba7, 
	0x9ba7, 0x9ba7, 0x9ba7, 0x9ba7, 0x9ba7, 0x1ba8, 0x1ba8, 0x1ba8, 0x1ba8, 0x1ba8, 0x1ba8, 0x1ba8, 0x1ba8, 0x1ba8, 0x1ba8, 0x1ba8, 
	0x1ba8, 0x1ba8, 0x5717, 0x5717, 0x28e8, 0x28e8, 0x28e8, 0x28e8, 0x28e8, 0x28e8, 0x28e8, 0x28e8, 0x28e8, 0x28e8, 0x28e8, 0x28e8, 
	0x28e8, 0x28e8, 0x28e8, 0x28e8, 0x5717, 0x5717, 0x5717, 0x5717, 0x5717, 0x5717, 0x5717, 0x5717, 0x5717, 0x5717, 0x5717, 0x5717, 
	0x5717, 0x4839, 0x4c55, 0xd8db, 0xdf38, 0xdc94, 0xe236, 0xe1c5, 0xe31f, 0xe31f, 0xe31f, 0xe31f, 0xe31f, 0xe31f, 0xe31f, 0xe31f, 
	0xe31f, 0xe31f, 0xdb76, 0x4303, 0x36b4, 0x3bc2, 0x311b, 0x31ec, 0x2f6f, 0x2f6f, 0x2f6f, 0x2f6f, 0x2f6f, 0x2f6f, 0x2f6f, 0x2f6f, 
	0x000c, 0x000c, 0x000c, 0x000c, 0x000c, 0x000c, 0x000c, 0x000c, 0x000c, 0x000c, 0x000c, 0x000c, 0x000c, 0x000c, 0x000c, 0x000c, 
	0x000c, 0x0021, 0x0089, 0x01cd, 0x04ea, 0x0b37, 0x08f0, 0x074e, 0x071f, 0x0855, 0x0b3d, 0x0acf, 0x0ae2, 0x0bc1, 0x0bfc, 0xffb5, 
	0xffb5, 0xffb5, 0xffb5, 0xffb5, 0xffb5, 0xffb5, 0xffb5, 0xffb5, 0xffb5, 0xffb5, 0xffb5, 0xffb5, 0xffb5, 0xffb5, 0xffb5, 0xffb5, 
	0xfecd, 0xfc0d, 0xf77b, 0xf175, 0xeb3a, 0xecfa, 0xee88, 0xeeba, 0xed85, 0xeb36, 0xeb82, 0xeb75, 0xeadf, 0xeaba, 0xf604, 0xfbf5, 
	0x0e6f, 0x17c8, 0x13ec, 0x1c1d, 0x1b7b, 0x1d6c, 0x2073, 0x268a, 0x252a, 0x26d7, 0x2770, 0x22b5, 0x1fc5, 0x1db2, 0x1d6c, 0x1c41, 
	0x18ac, 0x1267, 0x08e3, 0xfb56, 0xffd2, 0x0345, 0x03ae, 0x0113, 0xfb4c, 0xfc1d, 0xfbf9, 0xfa51, 0xf9e3, 0xde65, 0xde5a, 0xde3b, 
	0xde07, 0xddbf, 0xdd61, 0xdcef, 0xdc66, 0xdbc7, 0xdb0e, 0xda39, 0xd968, 0xd9da, 0xda33, 0xda74, 0xda9e, 0xdab1, 0xdaae, 0xda95, 
	0xda64, 0xda1d, 0xd9bd, 0xd967, 0xd998, 0xd9b0, 0xd9b1, 0xd99b, 0xd96d, 0xd96d, 0xd970, 0xd95c, 0xffff, 0x0028, 0x009f, 0x0166, 
	0x027d, 0x03e6, 0x059f, 0x07aa, 0x0a06, 0x0cb2, 0x0fac, 0x1279, 0x10f7, 0x0fc3, 0x0edd, 0x0e48, 0x0e03, 0x0e0e, 0x0e69, 0x0f14, 
	0x100f, 0x1158, 0x127a, 0x11d8, 0x1185, 0x1181, 0x11cd, 0x1268, 0x1266, 0x125c, 0x12a0, 0x0a67, 0x0a69, 0x0a6d, 0x0a75, 0x0a7e, 
	0x0a86, 0x0a8c, 0x0a8d, 0x0a85, 0x0a70, 0x0a49, 0x0a13, 0x0a32, 0x0a47, 0x0a55, 0x0a5d, 0x0a61, 0x0a60, 0x0a5c, 0x0a52, 0x0a42, 
	0x0a2b, 0x0a13, 0x0a21, 0x0a27, 0x0a28, 0x0a21, 0x0a14, 0x0a15, 0x0a16, 0x0a0f, 0x27e3, 0x27b9, 0x273c, 0x266c, 0x254a, 0x23d4, 
	0x220b, 0x1fed, 0x1d7b, 0x1ab0, 0x178d, 0x148e, 0x162c, 0x1775, 0x1868, 0x1905, 0x194e, 0x1943, 0x18e3, 0x182e, 0x1724, 0x15c4, 
	0x148d, 0x153b, 0x1594, 0x1598, 0x1547, 0x14a0, 0x14a2, 0x14ae, 0x1464, 0xec41, 0xec65, 0xecd2, 0xed87, 0xee85, 0xefca, 0xf155, 
	0xf323, 0xf52f, 0xf76e, 0xf9d4, 0xfbf9, 0xfad5, 0xf9e6, 0xf931, 0xf8b9, 0xf881, 0xf88a, 0xf8d4, 0xf95c, 0xfa22, 0xfb20, 0xfbfa, 
	0xfb81, 0xfb42, 0xfb3f, 0xfb78, 0xfbed, 0xfbeb, 0xfbe3, 0xfc16, 0xf1b6, 0xf1af, 0xf199, 0xf172, 0xf135, 0xf0dc, 0xf05e, 0xefb4, 
	0xeed3, 0xedb2, 0xec46, 0xeac9, 0xeb9b, 0xec3b, 0xecad, 0xecf5, 0xed16, 0xed11, 0xece6, 0xec92, 0xec14, 0xeb67, 0xeac9, 0xeb22, 
	0xeb4f, 0xeb51, 0xeb28, 0xead3, 0xead4, 0xeada, 0xeab4, 0xf741, 0xf1d5, 0xe123, 0xd8c1, 0xdc35, 0xd4e2, 0xd573, 0xd3b7, 0xd3b7, 
	0xd3b7, 0xd3b7, 0xd3b7, 0xd3b7, 0xd3b7, 0xd3b7, 0xd3b7, 0xd3b7, 0xd3b7, 0xd3b7, 0xd3b7, 0xd3b7, 0xd3b7, 0xd3b7, 0xd3b7, 0xd3b7, 
	0xd3b7, 0xd3b7, 0xd3b7, 0xd3b7, 0xd3b7, 0xd3b7, 0x1792, 0x167c, 0x141f, 0x1399, 0x13c1, 0x1386, 0x1387, 0x1385, 0x1385, 0x1385, 
	0x1385, 0x1385, 0x1385, 0x1385, 0x1385, 0x1385, 0x1385, 0x1385, 0x1385, 0x1385, 0x1385, 0x1385, 0x1385, 0x1385, 0x1385, 0x1385, 
	0x1385, 0x1385, 0x1385, 0x1385, 0x1385, 0x4284, 0x43c3, 0x486f, 0x4b12, 0x49f8, 0x4c50, 0x4c21, 0x4cb0, 0x4cb0, 0x4cb0, 0x4cb0, 
	0x4cb0, 0x4cb0, 0x4cb0, 0x4cb0, 0x4cb0, 0x4cb0, 0x4cb0, 0x4cb0, 0x4cb0, 0x4cb0, 0x4cb0, 0x4cb0, 0x4cb0, 0x4cb0, 0x4cb0, 0x4cb0, 
	0x4cb0, 0x4cb0, 0x4cb0, 0x4cb0, 0xda6a, 0xdd0c, 0xe4fd, 0xe912, 0xe75e, 0xeb05, 0xeabb, 0xeb9f, 0xeb9f, 0xeb9f, 0xeb9f, 0xeb9f, 
	0xeb9f, 0xeb9f, 0xeb9f, 0xeb9f, 0xeb9f, 0xeb9f, 0xeb9f, 0xeb9f, 0xeb9f, 0xeb9f, 0xeb9f, 0xeb9f, 0xeb9f, 0xeb9f, 0xeb9f, 0xeb9f, 
	0xeb9f, 0xeb9f, 0xeb9f, 0x030f, 0x0144, 0xfbc3, 0xf8f9, 0xfa20, 0xf7ab, 0xf7dc, 0xf745, 0xf745, 0xf745, 0xf745, 0xf745, 0xf745, 
	0xf745, 0xf745, 0xf745, 0xf745, 0xf745, 0xf745, 0xf745, 0xf745, 0xf745, 0xf745, 0xf745, 0xf745, 0xf745, 0xf745, 0xf745, 0xf745, 
	0xf745, 0xf745, 0x855b, 0x85ab, 0x85e8, 0x859c, 0x85c5, 0x855f, 0x8569, 0x8549, 0x8549, 0x8549, 0x8549, 0x8549, 0x8549, 0x8549, 
	0x8549, 0x8549, 0x8549, 0x8549, 0x8549, 0x8549, 0x8549, 0x8549, 0x8549, 0x8549, 0x8549, 0x8549, 0x8549, 0x8549, 0x8549, 0x8549, 
	0x8549, 0xe88c, 0xd6e2, 0xbb83, 0xb4fc, 0xb76c, 0x3289, 0x32e1, 0x31d7, 0x31d7, 0x31d7, 0x31d7, 0x31d7, 0x31d7, 0x31d7, 0x31d7, 
	0x31d7, 0x31d7, 0x31d7, 0x31d7, 0x31d7, 0x31d7, 0x31d7, 0x31d7, 0x31d7, 0x31d7, 0x31d7, 0x31d7, 0x31d7, 0x31d7, 0x31d7, 0x31d7, 
	0x4d98, 0x4faa, 0x5e97, 0x679d, 0x63da, 0x1423, 0x14c3, 0x12da, 0x12da, 0x12da, 0x12da, 0x12da, 0x12da, 0x12da, 0x12da, 0x12da, 
	0x12da, 0x12da, 0x12da, 0x12da, 0x12da, 0x12da, 0x12da, 0x12da, 0x12da, 0x12da, 0x12da, 0x12da, 0x12da, 0x12da, 0x12da, 0x30f1, 
	0x2129, 0x0c00, 0x08fc, 0x09ef, 0x884a, 0x885f, 0x8825, 0x8825, 0x8825, 0x8825, 0x8825, 0x8825, 0x8825, 0x8825, 0x8825, 0x8825, 
	0x8825, 0x8825, 0x8825, 0x8825, 0x8825, 0x8825, 0x8825, 0x8825, 0x8825, 0x8825, 0x8825, 0x8825, 0x8825, 0x8825, 0x36d0, 0x393a, 
	0x4408, 0x4f7a, 0x49bb, 0x58fc, 0x5752, 0x5cca, 0x5cca, 0x5cca, 0x5cca, 0x5cca, 0x5cca, 0x5cca, 0x5cca, 0x5cca, 0x5cca, 0x5cca, 
	0x5cca, 0x5cca, 0x5cca, 0x5cca, 0x5cca, 0x5cca, 0x5cca, 0x5cca, 0x5cca, 0x5cca, 0x5cca, 0x5cca, 0x5cca, 0xa917, 0xabe9, 0xb45c, 
	0xb851, 0xb6bd, 0xb9e5, 0xb9af, 0xba4e, 0xba4e, 0xba4e, 0xba4e, 0xba4e, 0xba4e, 0xba4e, 0xba4e, 0xba4e, 0xba4e, 0xba4e, 0xba4e, 
	0xba4e, 0xba4e, 0xba4e, 0xba4e, 0xba4e, 0xba4e, 0xba4e, 0xba4e, 0xba4e, 0xba4e, 0xba4e, 0xba4e, 0x29e6, 0x29d9, 0x2605, 0x1e09, 
	0x2259, 0x1625, 0x1792, 0x12d5, 0x12d5, 0x12d5, 0x12d5, 0x12d5, 0x12d5, 0x12d5, 0x12d5, 0x12d5, 0x12d5, 0x12d5, 0x12d5, 0x12d5, 
	0x12d5, 0x12d5, 0x12d5, 0x12d5, 0x12d5, 0x12d5, 0x12d5, 0x12d5, 0x12d5, 0x12d5, 0x12d5, 0xf5c3, 0xf41e, 0xef47, 0xece0, 0xeddf, 
	0xebc0, 0xebeb, 0xeb68, 0xeb68, 0xeb68, 0xeb68, 0xeb68, 0xeb68, 0xeb68, 0xeb68, 0xeb68, 0xeb68, 0xeb68, 0xeb68, 0xeb68, 0xeb68, 
	0xeb68, 0xeb68, 0xeb68, 0xeb68, 0xeb68, 0xeb68, 0xeb68, 0xeb68, 0xeb68, 0xeb68, 0x1441, 0x13dc, 0x1284, 0x11bf, 0x1213, 0x115d, 
	0x116b, 0x113e, 0x113e, 0x113e, 0x113e, 0x113e, 0x113e, 0x113e, 0x113e, 0x113e, 0x113e, 0x113e, 0x113e, 0x113e, 0x113e, 0x113e, 
	0x113e, 0x113e, 0x113e, 0x113e, 0x113e, 0x113e, 0x113e, 0x113e, 0x113e, 0x3597, 0x34d0, 0x329d, 0x3194, 0x3200, 0x311c, 0x312d, 
	0x30f8, 0x30f8, 0x30f8, 0x30f8, 0x30f8, 0x30f8, 0x30f8, 0x30f8, 0x30f8, 0x30f8, 0x30f8, 0x30f8, 0x30f8, 0x30f8, 0x30f8, 0x30f8, 
	0x30f8, 0x30f8, 0x30f8, 0x30f8, 0x30f8, 0x30f8, 0x30f8, 0x30f8, 0xe43e, 0xe80e, 0xf42e, 0xfa7e, 0xf7e0, 0xfd75, 0xfd05, 0xfe5b, 
	0xfe5b, 0xfe5b, 0xfe5b, 0xfe5b, 0xfe5b, 0xfe5b, 0xfe5b, 0xfe5b, 0xfe5b, 0xfe5b, 0xfe5b, 0xfe5b, 0xfe5b, 0xfe5b, 0xfe5b, 0xfe5b, 
	0xfe5b, 0xfe5b, 0xfe5b, 0xfe5b, 0xfe5b, 0xfe5b, 0xfe5b, 0x076e, 0x05f2, 0x02e8, 0x0254, 0x027c, 0x024b, 0x024a, 0x0250, 0x0250, 
	0x0250, 0x0250, 0x0250, 0x0250, 0x0250, 0x0250, 0x0250, 0x0250, 0x0250, 0x0250, 0x0250, 0x0250, 0x0250, 0x0250, 0x0250, 0x0250, 
	0x0250, 0x0250, 0x0250, 0x0250, 0x0250, 0x0250, 0x983e, 0x95cf, 0x8da5, 0x8942, 0x8b16, 0x8731, 0x877e, 0x8690, 0x8690, 0x8690, 
	0x8690, 0x8690, 0x8690, 0x8690, 0x8690, 0x8690, 0x8690, 0x8690, 0x8690, 0x8690, 0x8690, 0x8690, 0x8690, 0x8690, 0x8690, 0x8690, 
	0x8690, 0x8690, 0x8690, 0x8690, 0x8690, 0x7706, 0x702f, 0x5a3c, 0x4ee1, 0x5393, 0x499c, 0x4a61, 0x4806, 0x4806, 0x4806, 0x4806, 
	0x4806, 0x4806, 0x4806, 0x4806, 0x4806, 0x4806, 0x4806, 0x4806, 0x4806, 0x4806, 0x4806, 0x4806, 0x4806, 0x4806, 0x4806, 0x4806, 
	0x4806, 0x4806, 0x4806, 0x4806, 0xffb7, 0xfde6, 0xf8ee, 0xf736, 0xf7d6, 0xf6a9, 0xf6bb, 0xf687, 0xf687, 0xf687, 0xf687, 0xf687, 
	0xf687, 0xf687, 0xf687, 0xf687, 0xf687, 0xf687, 0xf687, 0xf687, 0xf687, 0xf687, 0xf687, 0xf687, 0xf687, 0xf687, 0xf687, 0xf687, 
	0xf687, 0xf687, 0xf687, 0xba9c, 0xbaf4, 0xbdf0, 0xc060, 0xbf50, 0xc1a4, 0xc174, 0xc209, 0xc209, 0xc209, 0xc209, 0xc209, 0xc209, 
	0xc209, 0xc209, 0xc209, 0xc209, 0xc209, 0xc209, 0xc209, 0xc209, 0xc209, 0xc209, 0xc209, 0xc209, 0xc209, 0xc209, 0xc209, 0xc209, 
	0xc209, 0xc209, 0xd5c3, 0xd7d2, 0xde5e, 0xe1ec, 0xe06d, 0xe3a8, 0xe366, 0xe432, 0xe432, 0xe432, 0xe432, 0xe432, 0xe432, 0xe432, 
	0xe432, 0xe432, 0xe432, 0xe432, 0xe432, 0xe432, 0xe432, 0xe432, 0xe432, 0xe432, 0xe432, 0xe432, 0xe432, 0xe432, 0xe432, 0xe432, 
	0xe432, 0x0f57, 0x1084, 0x13c5, 0x1538, 0x14a2, 0x15da, 0x15c3, 0x160a, 0x160a, 0x160a, 0x160a, 0x160a, 0x160a, 0x160a, 0x160a, 
	0x160a, 0x160a, 0x160a, 0x160a, 0x160a, 0x160a, 0x160a, 0x160a, 0x160a, 0x160a, 0x160a, 0x160a, 0x160a, 0x160a, 0x160a, 0x160a, 
	0x5ec0, 0x5fb6, 0x6314, 0x6511, 0x6438, 0x6613, 0x65ec, 0x6663, 0x6663, 0x6663, 0x6663, 0x6663, 0x6663, 0x6663, 0x6663, 0x6663, 
	0x6663, 0x6663, 0x6663, 0x6663, 0x6663, 0x6663, 0x6663, 0x6663, 0x6663, 0x6663, 0x6663, 0x6663, 0x6663, 0x6663, 0x6663, };

JointIndex gScissorsBeetleSkelDieAnimJointIndices[17] = {
	{ 0x0000, 0x0006, 0x0000, },
	{ 0x0001, 0x0000, 0x0002, },
	{ 0x0000, 0x0000, 0x0000, },
	{ 0x0003, 0x0000, 0x0025, },
	{ 0x0004, 0x0005, 0x0044, },
	{ 0x0063, 0x0082, 0x00a1, },
	{ 0x00c0, 0x00df, 0x00fe, },
	{ 0x011d, 0x013c, 0x015b, },
	{ 0x017a, 0x0199, 0x01b8, },
	{ 0x01d7, 0x01f6, 0x0215, },
	{ 0x0234, 0x0253, 0x0272, },
	{ 0x0291, 0x02b0, 0x02cf, },
	{ 0x02ee, 0x030d, 0x032c, },
	{ 0x034b, 0x036a, 0x0389, },
	{ 0x03a8, 0x03c7, 0x03e6, },
	{ 0x0405, 0x0424, 0x0443, },
	{ 0x0462, 0x0481, 0x04a0, },
};

AnimationHeader gScissorsBeetleSkelDieAnim = { { 31 }, gScissorsBeetleSkelDieAnimFrameData, gScissorsBeetleSkelDieAnimJointIndices, 6 };

u64 gScissorsBeetleSkel_tex_2D40_rgba16_ci8[] = {
	0x0000000000000000, 0x0000000001020000, 0x0000000000020002, 0x0200000003040502, 0x0100020006060708, 0x0905000003040906, 0x08020602060a0509, 0x0b0b0c03030d0e0f, 
	0x0a10050805110a0a, 0x0b120413040a140a, 0x0505080808050513, 0x0b0b15060b121311, 0x1016161707000000, 0x0000181818181505, 0x191a1a1a13091110, 0x19191a1919191919, 
	
};

u64 gScissorsBeetleSkel_tex_2D40_rgba16_pal_rgba16[] = {
	0x0001084110411881, 0x28c3208318430801, 0x288338c340c34903, 0x2081390361036145, 0x308330c351034103, 0x5903104338812041, 0x0003610541050000
};

u64 gScissorsBeetleSkel_leg2_rgba16[] = {
	0xdc97cbd3cb91aacd, 0x8a4b828d930f82cf, 0x624d41cb11070001, 0x0001000100010001, 0x0001000100010001, 0x0001000100010001, 0x0001000100010001, 0x0001000100010001, 
	0xe45be417e355dad1, 0xd28fca8fba0d99cb, 0x920ba24da24da28d, 0x9a8f7a0d51c93149, 0x18c5004300010001, 0x0001000100010001, 0x0001000100010001, 0x0001000100010001, 
	0xec5bebd9eb95eb55, 0xeb13e2d1e291e291, 0xe28fe24fda4fda4f, 0xda91ca8fc28fc2cf, 0xbacfb2cf9acf828f, 0x51cb20c500010001, 0x0001000100010001, 0x0001000100010001, 
	0xe45be419e417e355, 0xead1ea8fea4de24d, 0xea4fea8fe24fe24f, 0xe24fe24fe24fda4f, 0xd20dca0dc20dba0d, 0xb20ba20b924d928d, 0x7a8f418b00830001, 0x0001000100010001, 
	0xe3d7e419e419e353, 0xe2d1e24fe24fea4f, 0xe24fe20de20de20d, 0xe20de20fda0fda4f, 0xda4fda0fda0fda0d, 0xd20fd24fca4dc24d, 0xba8faacf928f7a8f, 0x418b108500010001, 
	0xe3d7e355e353da91, 0xe291e2d1e24fe24f, 0xda0dd9cdda0dda0d, 0xda4dda4fda4fda0f, 0xd20dd20dca0db1cb, 0x89479989b9cbca0d, 0xc20db20b91cb71c9, 0x720b828f7a8f418b, 
	0xebd7e355e313e2d1, 0xe2d1e28fe24de24f, 0xe24fda4fda4fca0d, 0xc1cbc20dca0dca0d, 0xca0dca0dc1cbb18b, 0xb189b98bc18bc989, 0xc189b98ba9cb91cb, 0x71cb61c9720d498b, 
	0xebd7eb95eb53eb11, 0xe2cfe24fe24de24f, 0xda8fd24fc20dc20d, 0xba4db24d920b8189, 0x99cbb20dc20dc20d, 0xc1cdc1cbc18bc18b, 0xc18bb98b99897989, 0x69cb720d41890001, 
	0xeb53eb11ead1ea8f, 0xe24de24de20dda0d, 0xd1cbb989b189b1cb, 0xb24da24d61893905, 0x41875209624b7a8d, 0x7a4d698969897989, 0x7189610759496989, 0x720b394900010001, 
	0xe417e393e2cfe28f, 0xe24de20dda0dda0d, 0xd20dd20dc9cbc9cb, 0xca0bba0bb20b9a0b, 0x71c9494731054147, 0x49894987310528c5, 0x3105494751495189, 0x2907000100010001, 
	0xab0d928b9a498987, 0x7945794799c99a0b, 0x920b81c959074905, 0x51477989798960c5, 0x58836083688380c5, 0x88c580c378c368c5, 0x6105490720850001, 0x0001000100010001, 
	0xcc15b30d92098189, 0x81478947a189a9c9, 0xa989a989a989a949, 0xa0c598c5b105b907, 0xb0c5a883b083c083, 0xc883c883c083b0c5, 0xa107898779896189, 0x5189414720c50043, 
	0xee23dcd9cb51ca4d, 0xc1cbc189c189c989, 0xc949c907c907c107, 0xb907b907b0c7b0c5, 0xb0c5b905c107c8c5, 0xc883c843c883c8c5, 0xc0c5a8c588c56883, 0x5883488350c348c3, 
	0xee67e55dd311d28d, 0xd1cbd18bb949a907, 0xb107b909a907a0c5, 0x990580c5608360c3, 0x9107b947b905b883, 0xb843b843b883c083, 0xb8c3a8c390836883, 0x5883508338413041, 
	0xee67e5a1cb11ca0d, 0xc9cbc189b10778c5, 0x58837907918989c9, 0x71c9410520c328c5, 0x4105610780c58883, 0x9083904380438843, 0x9083808368836083, 0x5083488330832041, 
	0xee65e59fc28fc20b, 0xc98bc949c989c989, 0xb947994779475105, 0x51476a0b6a0d69cb, 0x5989494741054105, 0x40c548c550c54883, 0x3883388338834083, 0x3883308328832083, 
	0xee25e51bca4bc989, 0xd949d907d8c5d907, 0xd947d989c147a147, 0x7147514749875189, 0x62095a0b39892947, 0x2147190519452147, 0x190518c318c320c3, 0x20c32083208318c5, 
	0xe59fdc13d24bc103, 0xc083d0c3d8c5d8c5, 0xd907d907d107c0c5, 0xa0c5790551453905, 0x3145418751c94187, 0x4147414739053905, 0x3945314529451103, 0x0081008108830083, 
	0xe55bdbd1c209b103, 0xa883c105d107c8c5, 0xc0c5c8c5c8c5b885, 0xb085a88590c578c5, 0x78c5790579077907, 0x8107810770c558c5, 0x48c538c528c51883, 0x0041004300830001, 
	0xe413d28bb945c0c5, 0xc843c803d045d909, 0xd107c085b843b003, 0xb003c043c001b801, 0xb801b801b801b003, 0xa843908568834883, 0x3883388330832883, 0x41075a0d10c50001, 
	0xe351d989d001d001, 0xd001d801d801d801, 0xd801c801c801c001, 0xc001c801c001b801, 0xb801b801b801b001, 0xa043884380438043, 0x7883688358835085, 0x71cb620d00010001, 
	0xe413e2cfd905d001, 0xd801d801d801d801, 0xd801d001d001c801, 0xc801c001c001b801, 0xa801980190417843, 0x5883508358836083, 0x6083488340835947, 0x6a0d004300010001, 
	0xdb91da49d103d001, 0xd001d801d801d001, 0xd001c801c001c001, 0xb801b001a801a801, 0x9001804170835883, 0x4883488348435083, 0x4883388338c559cb, 0x3149000100010001, 
	0xc249b185b0c1b041, 0xb801c001c801c801, 0xc001c001b801b801, 0xb001a00198019001, 0x8801804380837883, 0x48832841204128c3, 0x28c3188320c52105, 0x0001000100010001, 
	0xaac9920571036081, 0x8041a801b801b801, 0xb801b001b001a841, 0xa043880178018043, 0x8043784378437883, 0x6883408320411041, 0x1041290531490043, 0x0001000100010001, 
	0x7a07798578c19041, 0xa801b001b801b801, 0xb801b801b0019801, 0x98c3ba8dbb53aacf, 0x798958c550c34883, 0x3843284120412041, 0x31055a0d31890001, 0x0001000100010001, 
	0x41c7394549035881, 0x7841900190019801, 0xa001a00198018041, 0x78c3ab0fb4559411, 0x5a8b294520813081, 0x3883384128412041, 0x518949cd00010001, 0x0001000100010001, 
	0x31c71903210328c1, 0x3881408148415041, 0x6881788178816883, 0x69058a4b9bd19c53, 0x838f314518812081, 0x3083308330833083, 0x3105004300010001, 0x0001000100010001, 
	0x5a8b214308811081, 0x20c1288130c140c3, 0x40c348c350c350c3, 0x71879b0dac13a455, 0x6b0d10c300411081, 0x1081108120c34187, 0x2105000100010001, 0x0001000100010001, 
	0x7a4b514530c32881, 0x18810881008108c1, 0x1103210329454185, 0x5a0772cb5a894a09, 0x2103004100410041, 0x00410081314749cb, 0x0043000100010001, 0x0001000100010001, 
	0xbcd9a4137acb6ac9, 0x4a474249424929c7, 0x2185110319032983, 0x39c5210300810081, 0x08c3214529452945, 0x3185398731890043, 0x0001000100010001, 0x0001000100010001, 
	0x5a49314521033987, 0x3985398731872145, 0x190508c308c310c3, 0x10c3088308c310c5, 0x1905190710c510c5, 0x10c5088500010001, 0x0001000100010001, 0x0001000100010001, 
	0x7a0b71c961475905, 0x610558c548c55949, 0x618b494931072907, 0x18c5088308830083, 0x0001000100010001, 0x0001000100010001, 0x0001000100010001, 0x0001000100010001, 
	0xcbd5cb53c24dc189, 0xb947c107c107b947, 0xb1479907810770c5, 0x6907510541053907, 0x3107290539073907, 0x0843000100010001, 0x0001000100010001, 0x0001000100010001, 
	0xd415cb53ca4dd1c9, 0xd189d147d105d105, 0xd107d107c0c5a883, 0x9083788358834883, 0x48833883388338c5, 0x0843000100010001, 0x0001000100010001, 0x0001000100010001, 
	0xdda1d415ca8dd1c9, 0xd147d107d105d0c5, 0xc8c5c905c107b0c5, 0x8843784178837083, 0x5883384330831883, 0x0001000100010001, 0x0001000100010001, 0x0001000100010001, 
	0xdde3d457c20bc147, 0xc105c105b8c5b0c5, 0x98c3810581876905, 0x58c3708370836083, 0x4043388349071885, 0x0001000100010001, 0x0001000100010001, 0x0001000100010001, 
	0xdda3d459b1c9b905, 0xb8c3b883a8c3a187, 0x9a0971c949473105, 0x3083488350834043, 0x304138c531070001, 0x0001000100010001, 0x0001000100010001, 0x0001000100010001, 
	0xdda1d457a987a8c3, 0xb083b0c3a9059947, 0x81c9518929051881, 0x2883488340413041, 0x2841288500410001, 0x0001000100010001, 0x0001000100010001, 0x0001000100010001, 
	0xd51bcc15a9c998c5, 0x98839883a083a905, 0x990580c578837043, 0x7843684150412801, 0x2843108300010001, 0x0001000100010001, 0x0001000100010001, 0x0001000100010001, 
	0xc393aa8d898780c5, 0x80c3808380839083, 0x9883a0c3a0839843, 0x9083708350833083, 0x28c5108500010001, 0x0001000100010001, 0x0001000100010001, 0x0001000100010001, 
	0xc31199899907a8c5, 0xa043980198019801, 0x9801a001a801a041, 0x9841804160834083, 0x2083000100010001, 0x0001000100010001, 0x0001000100010001, 0x0001000100010001, 
	0xbb5181898105a085, 0xa803b001b801b801, 0xc001b801b0019801, 0x80016841404340c5, 0x1885000100010001, 0x0001000100010001, 0x0001000100010001, 0x0001000100010001, 
	0xcb53b1c9a0c5a043, 0xb001b801c001c001, 0xb801b001a0018801, 0x68415043384330c5, 0x0043000100010001, 0x0001000100010001, 0x0001000100010001, 0x0001000100010001, 
	0xcb11a989a0c59843, 0xa801b001b801a801, 0xa001980188436843, 0x4841384148c528c5, 0x0001000100010001, 0x0001000100010001, 0x0001000100010001, 0x0001000100010001, 
	0xcb0f994798c59083, 0x9843984390437043, 0x5043408348834883, 0x3883308320850001, 0x0001000100010001, 0x0001000100010001, 0x0001000100010001, 0x0001000100010001, 
	0xc39199c9810580c5, 0x78835083488340c5, 0x28831841188320c3, 0x188318c500410001, 0x0001000100010001, 0x0001000100010001, 0x0001000100010001, 0x0001000100010001, 
	0xa30b718569055903, 0x490330c320c320c3, 0x10c31081108118c3, 0x210310c300010001, 0x0001000100010001, 0x0001000100010001, 0x0001000100010001, 0x0001000100010001, 
	0x5a05418539453145, 0x2103210318c318c3, 0x18c318c320c32105, 0x1083000100010001, 0x0001000100010001, 0x0001000100010001, 0x0001000100010001, 0x0001000100010001, 
	0x3103314531452945, 0x2905290529452905, 0x20c318c308830001, 0x0001000100010001, 0x0001000100010001, 0x0001000100010001, 0x0001000100010001, 0x0001000100010001, 
	0x89c76987698769c9, 0x5187310520c320c3, 0x0883000100010001, 0x0001000100010001, 0x0001000100010001, 0x0001000100010001, 0x0001000100010001, 0x0001000100010001, 
	0xb34ba2c961853903, 0x28c32883208328c3, 0x1083000100010001, 0x0001000100010001, 0x0001000100010001, 0x0001000100010001, 0x0001000100010001, 0x0001000100010001, 
	0x9b4b7247414330c3, 0x3883408340834083, 0x4083104100010001, 0x0001000100010001, 0x0001000100010001, 0x0001000100010001, 0x0001000100010001, 0x0001000100010001, 
	0x728961c7490550c3, 0x5883688368835043, 0x4083204300010001, 0x0001000100010001, 0x0001000100010001, 0x0001000100010001, 0x0001000100010001, 0x0001000100010001, 
	0x2083308340835883, 0x7883808368834043, 0x3043184300010001, 0x0001000100010001, 0x0001000100010001, 0x0001000100010001, 0x0001000100010001, 0x0001000100010001, 
	0x8147608368417041, 0x8083788340432843, 0x1843000100010001, 0x0001000100010001, 0x0001000100010001, 0x0001000100010001, 0x0001000100010001, 0x0001000100010001, 
	0xa0c3808178839105, 0x8947488328412043, 0x0001000100010001, 0x0001000100010001, 0x0001000100010001, 0x0001000100010001, 0x0001000100010001, 0x0001000100010001, 
	0x68c558c350c548c5, 0x3083304330831001, 0x0001000100010001, 0x0001000100010001, 0x0001000100010001, 0x0001000100010001, 0x0001000100010001, 0x0001000100010001, 
	0x28c520c520432041, 0x2841408330830001, 0x0001000100010001, 0x0001000100010001, 0x0001000100010001, 0x0001000100010001, 0x0001000100010001, 0x0001000100010001, 
	0x20c5188320432843, 0x3083288300010001, 0x0001000100010001, 0x0001000100010001, 0x0001000100010001, 0x0001000100010001, 0x0001000100010001, 0x0001000100010001, 
	0x0841104118432043, 0x2085000100010001, 0x0001000100010001, 0x0001000100010001, 0x0001000100010001, 0x0001000100010001, 0x0001000100010001, 0x0001000100010001, 
	0x0001184320432083, 0x0001000100010001, 0x0001000100010001, 0x0001000100010001, 0x0001000100010001, 0x0001000100010001, 0x0001000100010001, 0x0001000100010001, 
	0x1043184308430001, 0x0001000100010001, 0x0001000100010001, 0x0001000100010001, 0x0001000100010001, 0x0001000100010001, 0x0001000100010001, 0x0001000100010001, 
	0x0001000100010001, 0x0001000100010001, 0x0001000100010001, 0x0001000100010001, 0x0001000100010001, 0x0001000100010001, 0x0001000100010001, 0x0001000100010001, 
	
};

u64 gScissorsBeetleSkel_bodymain2_rgba16[] = {
	0xdd0fdd0bd4cdc40d, 0xb34ba287aa87b2c7, 0xa2858a05820581c5, 0x81c579c379c56983, 0x4103390549455943, 0x5985514559435945, 0x6185618561856185, 0x6185618561855985, 
	0xe549e545e547e547, 0xdd09dd09dcc9d449, 0xcbc7b307a2858a05, 0x81c581c38a0579c3, 0x4945414551455985, 0x6185618559455143, 0x5943594559856185, 0x6185618561856185, 
	0xe54de547e545e585, 0xe547e507dc87d487, 0xdc85dcc5dc85c389, 0x9a478a058a056983, 0x5145414551456985, 0x79c579c571c56185, 0x5943594359435945, 0x6185618561856185, 
	0xd4d1dd0ddd0be549, 0xe547dd09cc4bb34d, 0xc40bdc87dcc5dcc9, 0xcbcbc387a2875945, 0x4945494541455985, 0x71c579c579c379c5, 0x71c5618559455943, 0x5945618561856185, 
	0xdd93dd91dd4fdccb, 0xdcc9dcc7dd07d4cb, 0xcc8bdcc7dcc7dd09, 0xd48bd407cbc7b345, 0x8207494749455145, 0x5983618369c56983, 0x6983698561855945, 0x5945594561856185, 
	0xe5d5e611e60de60d, 0xe5cbe58be549e507, 0xdcc7dcc7dcc7dcc9, 0xdccbd489d407dc87, 0xd4079a8969c75985, 0x5145514559455985, 0x6183598359436185, 0x6185594559856185, 
	0xee8feec9eecbee8b, 0xee89eec9ee87ee89, 0xee49ee0bedcbe5cb, 0xdd8dd4cfdccbe54b, 0xe589dcc9bb899a87, 0x69c7598751454945, 0x5145514559856185, 0x6185598559455945, 
	0xef0bef05ef05ef07, 0xeec9eec9eec7eec5, 0xeec7eec7ee89ee89, 0xe64bde0ddd8de591, 0xe54be589dccbcc09, 0xaac779c759454945, 0x4105410549475187, 0x5945594559455943, 
	0xef0bf745f707ef07, 0xef09eec9eec9eecb, 0xee8be68beecbe68b, 0xe68be64de64bddcf, 0xdd4fdd4fd48dbb8b, 0xc389aac792475985, 0x4105410541475147, 0x5145514549454903, 
	0xef0df745f747f709, 0xef09eecbee8bee4f, 0xe611e68de68be68b, 0xe68be68de68be68b, 0xe64dde11dd91d491, 0xbb4ba285a2c59245, 0x5143410549455145, 0x5145494549454903, 
	0xef0df747f747f749, 0xef0beecdee4de5d3, 0xddd5e64de68be68b, 0xe68be68de68be64d, 0xe64de689e689ddcd, 0xcc0dcb89aac5a285, 0x8a45514549454905, 0x4945494749454945, 
	0xef0ff749f749f74b, 0xf70def11e5d1bb8f, 0xd4d5e60fe68dee8b, 0xe68be68be64be60d, 0xddd1e64beec5e687, 0xddcdd48dcc0daa85, 0xa28571c541054105, 0x4945494549455145, 
	0xef11f74bf74bf74d, 0xf74fef0feed3cc4f, 0xd491e651e68deecd, 0xe68de68de68be68b, 0xe64de68beec3eec5, 0xe649ddc9d50dc40d, 0x9205924551454105, 0x4145514559855985, 
	0xf753f74df74df74d, 0xf751f751ef0fef13, 0xeed1eecfeecbeecb, 0xe68fe64de687e6c5, 0xeec5e6c7eec3eec3, 0xe647e5c7d4cbbc4f, 0x9a89718582054945, 0x4905514559855985, 
	0xf755f753f751f74f, 0xf751f751f70fef11, 0xef0feecdeecfe68f, 0xe651e60de649ee87, 0xeec5e689eec5eec3, 0xe645e5c7c409bc4f, 0xb3cd920782058205, 0x5145594559456185, 
	0xf757f757f757f755, 0xf751f713ef11ef15, 0xeed5e693e613dd91, 0xdd4fdccde5cfe649, 0xe6c1e687e687e6c3, 0xe647e587cc89bbcb, 0xbbcbb3498205a287, 0x79c5594559856185, 
	0xf757f757f757f757, 0xef15ef17eed5e695, 0xdd51d44dcbcdc3c9, 0xbbc9b347cc09ddcf, 0xe689e689e689e685, 0xe649dd8bd509c449, 0xbbcbbb8d9a878a07, 0x9a87698559855945, 
	0xf757f757f757f757, 0xf715ef15eed5dd4d, 0xdc4dc3cbcc49e549, 0xe589dd07b345cc47, 0xddd1e64de685e683, 0xe609d549d549ddc5, 0xd587cc49b38b79c5, 0xa2878a0551455945, 
	0xf757f757f757f757, 0xf715eed5ee95dc8f, 0xcc0dcc89e5c9ee07, 0xee09e5c7d4c5bb85, 0xdcc9e5d1e645e685, 0xe607de07de07e643, 0xde05dd07c4497a07, 0x9a45a28559455943, 
	0xf757f757f757f755, 0xf715eed5e615dc8f, 0xbbcbe58dee0bee0b, 0xee0bedc7e585b345, 0xd487dd4de609e605, 0xddc9cccdd50dde05, 0xe605dcc7cc499289, 0x8205a28569855943, 
	0xf757f757f757f757, 0xf715ef17e5d1d40f, 0xcc8dedcfedcdee11, 0xe653ee09edc3cc83, 0xc3c5dd49ddd3ddc7, 0xd50bc411d4cfddc9, 0xddc7dd07d4c7b309, 0x6985924571c55945, 
	0xf757f757f757f717, 0xef15eed7e58fc3cd, 0xdd0fedcfee11e5cf, 0xe5d1e5c9e5c5e585, 0xbb83cbc7d513dd8d, 0xdd49dd8ddd4bd589, 0xdd89dd47d507c40b, 0x81c5820579c55145, 
	0xf717f757f757f757, 0xef15eed7dd51bb8d, 0xe591e5cfee0fe5cf, 0xe58de587e589e587, 0xdcc5b345c3c7d4cb, 0xdd85dd87dd49d549, 0xd509dd07dd07cbc9, 0x9205920582075145, 
	0xf719f757f757f757, 0xef15eed9dd11bb4d, 0xe5d3edd3edcfe613, 0xe5cde587e587e587, 0xe545dd07b345b305, 0xcbc7d48bdd07dd87, 0xd507dd45dd45cc49, 0x91c5a24382055145, 
	0xf719f757f757f757, 0xef15ee99dcd1bb4d, 0xe593edd3ee11e613, 0xe60de585e547e587, 0xe585e547dd05b343, 0x9a85aac7cc87d545, 0xdd05dd45dcc5cbc9, 0x91c3b28392055145, 
	0xf759f757f757f757, 0xef17eed5dd11bb4d, 0xe5d3ee13ee13ee55, 0xe5cbe587e547e545, 0xe545e507dd07c441, 0xa30392039a45a2c5, 0xbb45c405cc05aa87, 0x9a03cb03a2455145, 
	0xf757f757f757f717, 0xef17eed5dd95bb8f, 0xe5d3e5d3ee15ee53, 0xe5c9e587e545e545, 0xe545e545e549d4c1, 0xab4392859245a283, 0x9a0391c389838185, 0xc2c3d383b2835103, 
	0xf757f757f757f757, 0xf717ef17e5d5c3cf, 0xe5d3e5d5e591e653, 0xe5c9e585e545e545, 0xe545e545e545dd43, 0xc3c39a859a85b303, 0xbac3b245a1c3ba85, 0xcb43d383ba835903, 
	0xf757f757f757f757, 0xf717ef17e615c40f, 0xdd93e613e613e613, 0xe5cbe585e585e545, 0xe545e545e545dd05, 0xcc85a305a2c5b303, 0xc303c303c305c303, 0xcb83d383ba836943, 
	0xf757f757f757f757, 0xf717ef17e613c40f, 0xdd51e613e613e611, 0xe589e587e585e545, 0xe545e545e543dcc5, 0xd4c5b3479a85a283, 0xc2c3cb43cb83cb43, 0xcb83cb83b2837143, 
	0xf759f757f757f717, 0xef15eecfe60bc38b, 0xdccfe58fe5cde60b, 0xe587e547e583e545, 0xe545e547dd03dcc5, 0xdcc5c4499ac58a03, 0xbac3d343d383cb43, 0xcb43cb43bac37983, 
	0xef19f717f715f715, 0xef11eecbe607bb09, 0xd48fdd4de54be589, 0xe545dcc5dcc7dd07, 0xdd47dd09dc83dcc5, 0xd487bc099a858a03, 0xbac3d343d383cb43, 0xc343bb45b2c38183, 
	0xeed7ef15f715ef13, 0xeed1eecbddc7b309, 0xd44fdccddd49dd47, 0xdcc5dc45d447d50b, 0xdd4bdd4bdcc5d485, 0xbb499ac782059243, 0xbac3cb43cb43cb43, 0xc305a285b2c58183, 
	0xeed5ef13ef15ef15, 0xeecfeecbddc9a287, 0xd3cddc8bdd07dcc5, 0xdc85dcc7dcc7dd09, 0xdd0ddd47dd05d487, 0xbb8992877a05a283, 0xc303cb43cb43cb43, 0xbac57a07aac57983, 
	0xeed5ef13ef15ef13, 0xeecfeecde68ba2c7, 0xd3cbdc8bdcc7dc85, 0xd487dd47dd07d4c9, 0xdc85d487dcc7dd07, 0xcc879ac782058a03, 0xbb03c343cb03cb43, 0xa2857a05aa856985, 
	0xeed5ef11ef13eed1, 0xeecdef0be6cbb3c9, 0xcb49d48bd487d485, 0xd4cbdd47dd09dc87, 0xd445cc89cc49d445, 0xd4c5bb879a857a05, 0xa285bb05c303c2c3, 0x92059247aa855145, 
	0xe6d5ef11eed3e6d1, 0xe6cde6cfe6cdc50d, 0xbb49d449d487d449, 0xd4cdd4c9d489d407, 0xd449cc8bcc49d4c7, 0xd4c9bb879a8779c5, 0x82059245a285a285, 0x9247aac99a875145, 
	0xeed1eecbee8feecd, 0xe64fe691ef05d60d, 0xaac7d3c7d485dc87, 0xdcc5dc83dc85d445, 0xdc87d487dc85dcc5, 0xd487b2c59a039a87, 0xabc7a34592038203, 0x8205aac58a055145, 
	0xeecfeecbeecbeecb, 0xee93eecfeec7e687, 0xb3c7bac7dc47dc83, 0xdc85dc45dc85dc05, 0xdc87dcc7dcc7dcc5, 0xcc05aa859a05c48b, 0xd543d505c3c58205, 0x79c3920369855145, 
	0xeecfeecbeecbeecb, 0xeecbeecbeec9eec7, 0xddcb9a45bb07d3c5, 0xd407d407dc05e487, 0xdc87dd09dc87d445, 0xa2857983ab0bddc9, 0xe5c5e587dd05bbc9, 0x8a0579c361855145, 
	0xee8feec9ee89ee89, 0xee87ee89eec9eec9, 0xe68bd50ba2479a45, 0xbb05d385dc05dc87, 0xdc89d489cc07aac5, 0x920589c5d511e5c5, 0xe5c7dd0be509dc89, 0xb34581c369855945, 
	0xee8bee87ee87ee87, 0xee87eecbeec9eec7, 0xe68bddcfc387bb09, 0xaa85b2c5cb85cb45, 0xc387b307bb45bb05, 0x9a05c40bdd47e5c5, 0xe58bdd0de509dc89, 0xc3c79a4579c55145, 
	0xee8bee85ee87ee8b, 0xee89eecbeec9eecb, 0xbb89cc91d511c389, 0xcb87b285b2c5b2c5, 0xb2c7c347c349c3cd, 0xcd0fd549dd47e587, 0xe549dccde4c9e4c9, 0xcc07aac58a054905, 
	0xee4bee87ee47ee47, 0xee49ee8feecde68d, 0xddd1dd93dd4fdd8d, 0xddc9d50bbb899a03, 0xaa87c44fdd93ddcf, 0xddc7dd87e587e549, 0xe549cc4bdc8be507, 0xd449b30582055145, 
	0xee4bee47ee85ee47, 0xee09ee49ee09ee49, 0xe609e587dcc9e58b, 0xdd89cc89dd8bdd89, 0xddcfde4dde09ddc9, 0xe607e5c7e589ed89, 0xdd0bc44dd4cbe4c9, 0xcc49ab078a055985, 
	0xee4bee85ee47ee47, 0xee47ee49ee4bee49, 0xee49e607e5c9e609, 0xccc981c7e5cbe687, 0xe649e649e609e5c7, 0xe607e5c9edc9e549, 0xdd4bd4cbdccbdcc9, 0xc409a2c78a455145, 
	0xe609ee47ee47ee47, 0xee47ee09ee49ee49, 0xee49ee45ee05e607, 0xdd89dd91e64bee89, 0xe64be64dddc7e5c7, 0xe5c9edc9ed89e549, 0xe54bdd0bdd09d489, 0xbbc9a30782075143, 
	0xe589e5c7ee07ee45, 0xee45ee47ee07ee09, 0xee09ee47ee45e605, 0xe5c7e607e609ee89, 0xe68be64de587ed89, 0xed89ed89ed89ed87, 0xe549e549dd09cc49, 0xb389a30771c55143, 
	0xdd09e587e5c7ee07, 0xee07ee07edc7edc7, 0xedc7ee07e605e607, 0xe605e607e5c9e649, 0xe687e5c9e547ed87, 0xe54be58be54be549, 0xed87e587dd09d449, 0xb3899a8769855945, 
	0xdcc9e4c5e507e587, 0xe587e587e585e585, 0xe585e5c5e605e5c5, 0xedc7ee07e645e647, 0xe609e589ed87ed89, 0xd409e50be549e549, 0xe549e547dcc9d449, 0xbbc9924769855945, 
	0xd489dc87dc85dc85, 0xdcc7e505e545e545, 0xe545e583e5c3e547, 0xe545e5c5e645e645, 0xe5c7e549ed49ed49, 0xe549e547e507dd09, 0xdcc9dd07dc89d449, 0xbb878a0761855985, 
	0xaac7aac5aa85c307, 0xcb87d447d445d445, 0xd445cc87d489cc4b, 0xd509dd85ddc5e587, 0xed47e54bed89ed47, 0xdd09aac7b349bb49, 0xd489dc87d447cbc7, 0xab0771c559456185, 
	0x720571c569855143, 0x69839a05b2c5bb05, 0xb3079ac9a34b9ac9, 0xbbc7d487d507dcc7, 0xed07e549e549dcc9, 0xbb89bc0dabcdbbc9, 0xd447d447d405c387, 0x9287598559455945, 
	0x9ac99a87a2c7a287, 0x79c3514349035943, 0x594361857a479287, 0xab45a2c7bb05cb85, 0xe507e509dcc9cc09, 0xcc49c48bab4ba307, 0xa2c59a4389c38205, 0x71c5594569856185, 
	0xcc47d405cbc7bb49, 0xa287924571c56983, 0x5143490351435143, 0x61839245aac5bb05, 0xd447dcc9d489c3c9, 0xd447aac79245b2c5, 0xcb43cb45c305bac7, 0xb2c5aa859a459245, 
	0xd487dc45dc45cc05, 0xc387bb87a30769c5, 0x4943410361856985, 0x5143698382058a87, 0xbbc9d489c3c9c345, 0xaa439a45c305d385, 0xd3c5d405cbc5cbc5, 0xcbc5c385bb05b305, 
	0xd487dc83dc83d403, 0xcbc5bb459a875143, 0x4103490379839a87, 0x81c76185510379c5, 0xab479a87798391c3, 0xb2c3c345cb85d385, 0xcb85b307b349cbc7, 0xd485dc85d485cc07, 
	0xd487d485d443cc03, 0xb303924551434103, 0x51438a83b385bb87, 0x9a8769c561436143, 0x614381c5aa45aa43, 0xbb05bb07bb05cb85, 0xc385bb07c387d407, 0xdcc7dd05dcc7d447, 
	0xcc87d485cc05bb45, 0xa283598341033903, 0x7203ab83bb83b345, 0xa2c5820361836141, 0x8a03b2c5cb87c347, 0xaa87b2c7c385d485, 0xdcc5dcc5dcc7dcc7, 0xe547e587dcc9c3cd, 
	0xc409bbc7a2859a45, 0x8a03410341035143, 0x69839283a2819a01, 0x81c171c371838a03, 0xc345d405dc05d3c5, 0xcc05d489dcc7dd05, 0xe545e585e585e585, 0xdccddccbe509cbc9, 
	0xa30b92877a058a45, 0x6183410349034903, 0x5143514369837a03, 0x698379c5a285c345, 0xd403dc45dc45dc85, 0xdcc5dd05e545e545, 0xedc3edc5edc5edc5, 0xe589e589e585e545, 
	0x6a07618351434903, 0x5943614361856143, 0x5943514351036183, 0x79c5aac7c347bb47, 0xdc85dcc5e505e545, 0xe545e543e583edc3, 0xee03ee05ee05ee05, 0xedc5edc5ed85e587, 
	0x49455103598379c5, 0x92859a859a859205, 0x820382457a038247, 0xb349d489cbc9c3c7, 0xdd05dcc7e545e583, 0xe583e589e5cde5c7, 0xedc5ee05ee05ee05, 0xedc5edc5edc9e58b, 
	0x28c5390361857a05, 0xa2c59a839a839243, 0x92859ac59a879a47, 0xc387cbc7cc09d4c5, 0xdc85dc85dd43e583, 0xe587ccd1b309c389, 0xe589edc5edc7edc5, 0xe589e5cfe591d515, 
	
};

u64 gScissorsBeetleSkel_bodyhead3_rgba16[] = {
	0xcb05cb45bb058a05, 0xaac5b2c7cb45e483, 0xe4c3e483e4c3e483, 0xdc43dbc3db83dbc3, 0xdbc3d303d343d343, 0xc2839183a9c3aa03, 0xa203ba43c283ca83, 0xca83ca83ca83c283, 
	0xdbc3e403e443ecc3, 0xecc3ed85ed83ed03, 0xed03ed03ed43ed43, 0xed03e483a2039a05, 0xe485e403db83db83, 0xdb83c283ba03ca83, 0xba43b203c283ca83, 0xca83ca83ca83ca83, 
	0xdbc5e403ecc5f5c7, 0xed43ed43ed03ed03, 0xed03ed03ed03ed03, 0xe481c30379856103, 0xb245e445db03d343, 0xcac3d343c243c243, 0xba43ba43c283ca83, 0xca83ca83ca83ca83, 
	0xb2c5dc87ed87edc7, 0xed47edc7ed85ed03, 0xecc3ed03ed03ed03, 0xecc3e483cb4391c5, 0x818599c599c5d345, 0xba83cb43cac3cac3, 0xba43ba43ba43c283, 0xca83ca83ca83ca83, 
	0xdcc9edc9edc9ed89, 0xed89ed89edc9edc7, 0xed85ed43ecc3ecc3, 0xec83e401e483dc03, 0xc30379456945bac7, 0xdc05dbc3cac3d303, 0xc283b203ba43ba43, 0xca83ca83ca83ca83, 
	0xedc9edc9ed89ed89, 0xed89ed89ed89ee07, 0xedc7ed87ecc5e483, 0xed03e4c3e443e443, 0xdc03b243794589c5, 0xb285c2c5dbc3d343, 0xb283b243ba43ba43, 0xc283ca83ca83ca83, 
	0xee0bee0bed89ed89, 0xed89ed89ed89ed89, 0xedc7edc7e487e4c7, 0xedc7ed03e483ecc3, 0xed03dbc3b2437945, 0x69458185dc05c343, 0xba83b203b203b243, 0xba43c283ca83ca83, 
	0xc347e58bed89ed89, 0xed89ed89ed89ed89, 0xed87e4c7e509e4c9, 0xe509ed89e4c5e483, 0xed83ecc3db43d343, 0x71436905c347d383, 0xd343b203a203b203, 0xb243c283ca83ca83, 
	0xc387e549ed89ed89, 0xed89ed89ed89ed89, 0xed07dc49dc0bd3cb, 0xd3cbdc09e4c7ed05, 0xed83ecc3e3c3e443, 0xc3057145dc05dbc3, 0xdb43ca83a203aa03, 0xba43ba43c283ca83, 
	0xedc9ed89ed89ed89, 0xed89ed89ed89ed49, 0xdc07c34bbbd19bd7, 0x8397abd3cb89e489, 0xedc7ed03db83e403, 0xd403dbc5e403dbc3, 0xd343d303ca83b203, 0xba43b203c283ca83, 
	0xedc9ed89ed89ed89, 0xed89ed89edc9e487, 0xcb499b0f63175427, 0x33a54b9f9b93cb89, 0xed87ed45db43d343, 0xdbc3e403db03db83, 0xdb43d303cac3c283, 0xba43ba43ba43c283, 
	0xed89ed89ed89ed89, 0xed89ed89ed89dbc7, 0xc34d62953b67346f, 0x35b735754b9fb3cf, 0xe447ed05cac3d383, 0xe403e3c3db83e403, 0xdb83db43cac3ca83, 0xc243c283aa03c283, 
	0xed89ed89ed89ed89, 0xed89ed89ed49d389, 0xbb93536344f5467b, 0x2efd36bb34ef8c5d, 0xcbcbdc47c2c3e403, 0xe483dbc3dbc3d343, 0xd303d303d303d2c3, 0xca83c2839a03ba43, 
	0xed89ed89ed89ed89, 0xed89e549e509dc0b, 0xbbd94b694df92efd, 0x26ff2efd2d7353df, 0xa34fd407d383e443, 0xdc03c2c3ba43b243, 0xb203ba43c283ca83, 0xd2c3c24391c3a203, 
	0xed89ed89ed89ed89, 0xed89e549e509d3c9, 0xbbd55b655d375df7, 0x4e7b6e371b6932db, 0xb3d1dc45d383c2c3, 0xa9c3a183a1c3a9c3, 0xa9c3a183a183ba43, 0xba43c24389838183, 
	0xed89ed89ed89ed89, 0xed89e509e4c9dbc9, 0xcbd1ac214ae94aa3, 0x5b613b2109993a97, 0xc40dcb03b203a1c3, 0xb245cc05d445d4c5, 0xdd47d487bb05ba87, 0xb285ba4399c36943, 
	0xed89ed89ed89ed89, 0xed4be509e4c9dc49, 0xc30bcc597a974a15, 0x21090889111172d1, 0xbac5a1c3aa03bac5, 0xd4c9ee8bee87e5c5, 0xee87eec9e649dd47, 0xc307ba45aa056143, 
	0xed89ed89ed89ed8b, 0xed4be549e549e509, 0xd40bcbcfd4978a91, 0x3949294b5a0ba247, 0xa1c3aa05c347dd49, 0xe60beecbeec9eec9, 0xe687e647e649e649, 0xe585cac3aa036143, 
	0xed89ed89ed89ed89, 0xed49e549e549e549, 0xe509dc4bd3cdcc53, 0xb391b34daa45a1c3, 0xb245c387dd45e647, 0xee8beecbeecbeecb, 0xeec9e645d545ccc5, 0xe5c5dc83b2036943, 
	0xed89ed89ed89ed89, 0xed4bed89ed89ed4b, 0xed8bed4bdc09d3cb, 0xc349b247a183b245, 0xbb07d50be605e687, 0xeecbeec9eec9e689, 0xe647e603dd85d4c5, 0xdc85e543c2836943, 
	0xed89ed89ed89ed4b, 0xed8bed8bed4bed4b, 0xed4be50be449e489, 0xcb07a9c3b205c2c7, 0xdd51de13ee89eec9, 0xeec9e609b305e5c9, 0xe605c405a2c3dcc7, 0xcb43dcc3cb437143, 
	0xed4bed49ed4bed4b, 0xed4bed4bed4bed4b, 0xed09e489e489d387, 0xa1c3ba45ba87dccd, 0xe659e64feec9eecb, 0xeec9de0940c3d489, 0xe5c5bb45a2c5c385, 0xcb85cb45cb457143, 
	0xed4bed4bed4bed4b, 0xed4bed4bed4bed09, 0xe489e489dc07b245, 0xb245ba87d48bddd1, 0xe691eecbeecbeecb, 0xeecbeec9abc7c345, 0xdd43dd05d4c5dd05, 0xd445b283ba857983, 
	0xed4bed4bed4bed4b, 0xed4bed4bed49e4c9, 0xe489e489ba85aa05, 0xb247d489e64dee8f, 0xeecdeecbeecbeecb, 0xeecbeec9eec9e647, 0xe647e647e605e605, 0xdd05b28391c389c5, 
	0xed4bed4bed4bed4b, 0xed4bed4bed09e489, 0xe489cb07a9c3b245, 0xc347ee8beecbeecb, 0xeecbeecbeecbeecb, 0xeecbeecbeecbeecb, 0xeecbeec9ee87e643, 0xdd43c3459a45a285, 
	0xed49ed4bed4bed4b, 0xed4bed49e4c9e489, 0xdc09a1c3aa05b287, 0xe60deecbeecbeecb, 0xeecbeecbeecbeec9, 0xeecbeecbeecbeecb, 0xeecbeecbee89e603, 0xdd43bb45a245aa85, 
	0xed49ed4bed4bed4b, 0xed4bed09e449e489, 0xba85b205b247d4cd, 0xeecdeecbeecbeecb, 0xeecbeecbeec9eec9, 0xeec9eec9eecbeecb, 0xeecbeec9e647ddc5, 0xdd03bb05aa85aa85, 
	0xed4bed4bed4bed4b, 0xed49e4c9e489dbc7, 0xa9c3ba47c3cbeed3, 0xeecbeecbeecbeecb, 0xeecbeecbeec9eec9, 0xeec9eecbeecbeec9, 0xeec9ee85e645d585, 0xcc85bb45aa85aa85, 
	0xed4bed4bed4bed4b, 0xed09e449e489c2c5, 0xb205aa47ee93eecd, 0xeecbeecbeecbeecb, 0xeecbeecbeecbeec9, 0xeecbeecbeecbeecb, 0xeec7ee85e685ddc5, 0xcc85c405b2c5aa85, 
	0xed4bed4bed4bed09, 0xe489e489d387aa03, 0xb245bb8beecfeecb, 0xeecbeecbeecbeecb, 0xeecbeecbeecbeec9, 0xeecbeecbeecbeecb, 0xeec9ee85e685de05, 0xccc5c445b305aa85, 
	0xed4bed4bed09e4c9, 0xe489e449c285a9c5, 0xaa49dd93eecbeecb, 0xeecbeecbeecbeecb, 0xeecbeecbeec9eecb, 0xeecbeecbeecbeecb, 0xeec7ee85e685e643, 0xd545cc85bb45aa85, 
	0xe4c9e4c9e449e449, 0xe449dbc9ba45b205, 0xb30dee93eecbeecb, 0xeecbeecbeecbeecb, 0xeecbeecbeec9eecb, 0xeecbeecbeecbeec9, 0xeec7ee85e683e683, 0xddc5cc85bbc5b2c5, 
	0xed09ec89e449e407, 0xdb87c285b205ba87, 0xd513eecbeecbeecb, 0xeecbeecbeecbeecb, 0xeecbeecbeecbeecb, 0xeecbeecbeecbeec9, 0xeec7e685e643e643, 0xde05ccc5c445b2c5, 
	0xe489e449e489e3c7, 0xca85a183c2c7c34d, 0xee93eecbeecbeecb, 0xeec9eec9eec9eecb, 0xeecbeecbeecbeecb, 0xeecbeecbeec9eec7, 0xeec5e685de43de43, 0xde03d505cc85b305, 
	0xe449e449db47ba03, 0xb1c3c285bac9d511, 0xeecbeecbeecbeecb, 0xeec9eec9eec9eecb, 0xeecbeecbeecbeecb, 0xeecbe68be689e647, 0xe685e683de43de03, 0xde03d505cc85b345, 
	0xd305d305c245a183, 0xba05ba87bb4de64f, 0xeecbeecbeecbeecb, 0xeec9eec9eec9eec9, 0xeecbeecbeecbe6cb, 0xbd49524531435a43, 0xbd03e643e683de43, 0xde03d545ccc5bb85, 
	0xc283a9c39983a9c3, 0xba45c387d4c7eecb, 0xeecbeecbeecbeec9, 0xeec9eec9eec9eec9, 0xeecbeecbeecba487, 0x0841000100010001, 0x1081b4c3e683e643, 0xde03d545ccc5bbc5, 
	0xcb03a183b203c283, 0xd405d485dd45eecb, 0xeecbeecbeecbeec9, 0xeec9eec9eec9eec9, 0xeecbeecbd5c91881, 0x0001000100010001, 0x00013141de43e683, 0xe643d545ccc5bbc5, 
	0xd2c3ba03d303dc05, 0xd405e5c9ee89eecb, 0xeecbeecbeecbeec9, 0xeec9eec9eec9eec9, 0xeecbeecb7b050001, 0x0001000100010001, 0x00010841cd83e683, 0xe643d585ccc5bbc5, 
	0xc203c203d2c3dc45, 0xedc5ee49eecbeecb, 0xeecbeecbeecbeec9, 0xeec9eec9eec9eec9, 0xeecbe68b21030001, 0x0001000100010001, 0x00010001bd03e683, 0xe643dd85ccc5bbc5, 
	0xb9c1ca03dbc5dbc3, 0xedc5ee89eec9eec9, 0xeecbeecbeecbeecb, 0xeec9eec9eec9e689, 0xe68bcdc908410001, 0x0001000100010001, 0x00010001c543e683, 0xe643dd85ccc5bbc5, 
	0xa981ba03d343e503, 0xe605eec9eec7eec7, 0xeec9eec9eec9eecb, 0xeec9eec9eec9e689, 0xe68bbd0900010001, 0x0001000100010001, 0x00010841d5c3e683, 0xe643dd85ccc5bbc5, 
	0xb2039981d383e583, 0xee85eec7eec5eec5, 0xeec5eec5eec7eec9, 0xeec9eec9eec9eec9, 0xeecbbd0908010001, 0x0001000100010001, 0x00013141de43e683, 0xe643d545ccc5bbc5, 
	0xba85a9c3d3c3e5c3, 0xe683eec7eec5eec5, 0xeec5eec5eec5eec5, 0xeec9eec9eec9eec9, 0xeecbd60918c30001, 0x0001000100010001, 0x0841a403e683e683, 0xe643d545d4c5cc05, 
	0xba43ba43dbc3e543, 0xe643e685eec5eec5, 0xeec5eec5eec5eec5, 0xeec9eec9eec9eec9, 0xeec9e68b83850801, 0x0001000100010001, 0x5a41de03e683e683, 0xe603d4c5d4c3cc43, 
	0xba43ba43dbc3dcc3, 0xe603eec3eec5eec5, 0xeec5eec5eec5eec5, 0xeec7eec9eec9eec9, 0xeec9eecbe68993c5, 0x2901108121018b83, 0xde05e685e683e643, 0xdd43d4c3d4c3bbc5, 
	0xaa03b243d3c3dc83, 0xe603ee85ee87ee85, 0xee85eec5eec5eec5, 0xeec5eec9eec9eec9, 0xeec9eec9eec9e687, 0xde45de05de05de47, 0xe689eec9e685e603, 0xdcc3d4c3d483b305, 
	0x9183aa03cb43dc83, 0xee03ee85f6cbee89, 0xeec5eec5eec5eec5, 0xeec5eec9eec9eec9, 0xeec9eec9eec9eec9, 0xeec9e689ee89eec9, 0xeec9e687e645dd83, 0xdcc3d4c3cc45aa85, 
	0x59019a03d343dc03, 0xe5c3ee87eec7ddc5, 0xe5c3ee85e645eec5, 0xeec7eecbeecbeec9, 0xeec9eec9eec9eec9, 0xeec9eec9eec9eec9, 0xe687e685e5c3dd03, 0xd4c3d4c3bb85a283, 
	0x6943a203cb43d3c3, 0xe585ee47d505cd07, 0xe60bddc9e5c9e647, 0xeecbeecbeecbeecb, 0xeec9eec9eec9eec9, 0xeec9eec9e689e687, 0xe685e603dd03dcc3, 0xd4c3cc45aa83aa83, 
	0x89c3bb03cb83dc85, 0xee4ddd8db451d623, 0xde67bc95930bb3c9, 0xddc9e689eecbeecb, 0xeecbeec9eec9eec7, 0xee87e685e685e643, 0xdd83dd03dd03dcc3, 0xd443b303a283aa85, 
	0x8181aa83c403ccc5, 0xddd1abcd9393acdf, 0x9b937a899b47b405, 0xdd85e605e689ee89, 0xeec9eec9eec7ee85, 0xe685e683e603dd43, 0xdd03dd43dd05cbc5, 0xbac3aa83aa83b285, 
	0x69819a43c403c485, 0xbc85bc85a3c59345, 0xac03c4c3ddc5dd83, 0xdd43dd85e5c7e607, 0xe687e687e685e685, 0xe643e5c3dcc3dd03, 0xdc83d3c5cb85bb03, 0xaa83aa83bac3c303, 
	0x82039243b383c4c3, 0xddc3e643de43ddc3, 0xddc3de03d5c3d503, 0xdd43dd03dd45dd85, 0xddc7de05e685e683, 0xdd83dd03dcc3dc05, 0xd3c5cb43bb03aac3, 0xa283c303d343d343, 
	0x82039283b3c3cd03, 0xd503dd83d543d583, 0xdd83d543d503dd43, 0xdd85dd03dcc3dd43, 0xe5c5ddc5ddc5dd83, 0xdcc3dc83d405d385, 0xcb43b2c3aac3aac3, 0xcb03db43db43d343, 
	0x79839ac3b403ccc3, 0xd543d503dd43dd83, 0xdd43dd43dd03dd43, 0xdd03d485e545e543, 0xdd03dcc3d4c5d405, 0xd403d403d3c5cb43, 0xb2c3aac3aac3d343, 0xdb43db83db83db43, 
	0x91c3ab45c4c7cd43, 0xdd83dd43dd03d4c3, 0xd4c3d4c5d4c3dd43, 0xcc45d487bb85c383, 0xdc03d383d385d385, 0xd3c5d3c5cb45b283, 0xaa83aa83d343db83, 0xdb83db83db83db83, 
	0xba838a039b03bc43, 0xcc43dd43dd83dd83, 0xd505ab45dd85bc05, 0xb385d4458a45aac5, 0xd385d345d385dbc5, 0xd385cb43aa83a243, 0xb283d343db43db83, 0xdb83db83db83db83, 
	0xc2c3cbc3d503dd83, 0xddc3dd83d543d545, 0xb3c5bbc5c4459287, 0xc387bb45dd07dc05, 0xdb85db85d385d385, 0xcb039a039a03bac3, 0xd343db83db83db83, 0xdb83db83db83db83, 
	0xb203b243cc43dd83, 0xd503ccc3ccc39283, 0xb3c5d4c58a85d44b, 0xb285cbc5d403dc05, 0xd345c285ba43aa43, 0x9203a243c2c3db43, 0xdb83db83db83db83, 0xdb83db83db83db83, 
	0xa203cb83dd07d505, 0xab4592838a839b05, 0xcc859285dccfc305, 0xbb45c3c3c343c2c5, 0xb203b2039a039a03, 0xba83cb03db43db83, 0xdb83db83db83db83, 0xdb83db83db83db83, 
	0x9a83ab45cc899285, 0x7a45b407bc09dd8b, 0x9ac5bbcbc347b307, 0xcc87bb43ba83ba03, 0xba43b243bac3cb03, 0xd343db43db83db83, 0xdb83db83db83db83, 0xdb83db83db83db83, 
	0x7a03824569c58287, 0x9b05a345c449a305, 0xb349bb47b2c7b2c5, 0x9183b203b203aa03, 0xb283cb03d343db43, 0xdb83db83db83db83, 0xdb83db83db83db83, 0xdb83db83db83db83, 
	0x598372037a03a2c5, 0x79c3694381839205, 0x9a0591839983a183, 0xa183918389c3aa43, 0xcb03d343db83db83, 0xdb83db83db83db83, 0xdb83db83db83db83, 0xdb83db83db83db83, 
	
};

u64 gScissorsBeetleSkel_eye_ci8[] = {
	0x0000000001010102, 0x0202030303030304, 0x0303040303050505, 0x0201010000000000, 0x0000000101010202, 0x0303040404060606, 0x0606060606060604, 0x0303020101000000, 
	0x0000010101020303, 0x0404060607070707, 0x0808080808080807, 0x0604030201010000, 0x0001010202030304, 0x0607070808080909, 0x09090a0b0a0a0a09, 0x0807060302010000, 
	0x0101020203030406, 0x07080909090b0a0a, 0x0c0d0e0f1011110f, 0x1213070403020100, 0x0101020303040607, 0x08090b0a0c0c1414, 0x0d15161717171717, 0x1819090704020100, 
	0x0102050304060709, 0x090a0c14141a1a1a, 0x071b1b1c17171717, 0x171d1e0806030201, 0x010203040607080b, 0x0c14141a1a1f1f1f, 0x2021222317171717, 0x17160f0907040201, 
	0x020503060708090a, 0x14141a1f1f1f241a, 0x2522262728171717, 0x1717292a07040501, 0x0203040608090a0c, 0x141a1f1f2424242b, 0x2c2d2e2f17171717, 0x1717160e08060502, 
	0x0203040708090c14, 0x1a1f1f242424242b, 0x1d301c1617171717, 0x1717173108060502, 0x05040607090a0c1a, 0x1f1f242424242414, 0x1d17171717173216, 0x171716332a060302, 
	0x03040608090c141a, 0x1f24242424242414, 0x29171717172f342d, 0x351716362a070402, 0x03040608090c141a, 0x1f2424242424241a, 0x3717171732382639, 0x3a1716362a070402, 
	0x03040708090c141a, 0x1f2424242424241a, 0x3617171716273b3c, 0x3d1716112a070402, 0x03040708090c141a, 0x1f2424242424241a, 0x36171717173e3f40, 0x1c1718102a070405, 
	0x03040608090c141a, 0x1f2424242424241a, 0x4117171717171617, 0x171718312a070402, 0x03040608090c141a, 0x1f2424242424242b, 0x1617171717171717, 0x1716180f08070402, 
	0x03040607090a141a, 0x1f1f242424242419, 0x1717171717171717, 0x17161d0e08060302, 0x02030407080b0c14, 0x1a1f1f2424241f42, 0x1617171717171717, 0x1716361e08040502, 
	0x0203040608090a0c, 0x1a1a1f1f2424241e, 0x1617171717171717, 0x1716190907040501, 0x020303060708090c, 0x141a1a1f1f1f2412, 0x1617171717171717, 0x17371e0806030201, 
	0x010203040607090b, 0x0c14141a1a1f1f19, 0x1617171717171717, 0x160f080704050201, 0x0102030304060709, 0x0b0a0c14141a1a19, 0x1617171717171717, 0x180e070405020101, 
	0x0101020304040607, 0x08090a0c0c141412, 0x1817171717171717, 0x4306040302010100, 0x0101020203040406, 0x070809090b0a0a13, 0x4316171717171644, 0x0f04030202010000, 
	0x0001010202030304, 0x0607070808090909, 0x12431d1616164431, 0x0403020201010000, 0x0000010102020303, 0x0404060607070707, 0x07060f3145310503, 0x0302020101000000, 
	0x0000000101010202, 0x0303040404060606, 0x0606060404030302, 0x0201010100000000, 0x0000000001010102, 0x0202030303030404, 0x0403030303020202, 0x0101010000000000, 
	0x0000000000000101, 0x0102020202020303, 0x0502020202020101, 0x0100000000004646, 0x4600000000000001, 0x0101010101020202, 0x0202010101010100, 0x0000000000464646, 
	
};

u64 gScissorsBeetleSkel_eye_pal_rgba16[] = {
	0x510959096109690b, 0x710b6909790b810b, 0x890b910b98cb990b, 0xa0cb90c978c968c9, 0x60c758c780c990cb, 0xa8cb38c720851885, 0x288570c9b0cb5253, 0x2909308588c9b8cb, 
	0x9a55c5efd6b56b19, 0xc0cb8a55ffbd9463, 0x20c7388788cb98c9, 0x394b7b9da4e74a11, 0x28c760c920c55087, 0x94a5314948874087, 0x9ca5e73962d7f7bd, 0xdef75a95418d7bdf, 
	0x6317388568c750c7, 0x308758c949090000
};

u64 gScissorsBeetleSkel_eye_rgba16[] = {
	0x00030009088d08d5, 0x199d32e554b154b3, 0x6535657565336d77, 0x863b6d7585fb7db9, 0x8e3b7d757d335c2b, 0x74ef646d6c6d4b65, 0x5be921db29d910cd, 0x0005108708430001, 
	0x0009008f00d311dd, 0x22a53bab442f6db9, 0x5d357dfb6db796ff, 0x7df9867b7df975b7, 0x5caf6caf6cad84f1, 0x7ceb84ed74ef7531, 0x53eb32e343251997, 0x088f088d08470001, 
	0x088f091711df1a65, 0x443133ab7e3d4cb1, 0x9eff6db79eff85f7, 0x96bd7db76d356cf1, 0x6caf6c2b7cad952d, 0x952ba5af8d6f85b3, 0x6cf175333b67221f, 0x11570913088f0889, 
	0x08d3222112614431, 0x33ad4cb14cb16db9, 0x65758e7b8e399ebd, 0x85f785b76caf6c6d, 0x84ef7c69846794a7, 0xa56dadafb6359e37, 0x85b564b1542d2ae5, 0x221f0117091510d1, 
	0x21dd22632b6b3c31, 0x3c2f4cb14cb175f7, 0x7df79eff8e39a6bd, 0x8df78db57cef7cab, 0x8cab94e794a594e5, 0xadadadafb675b6b9, 0x96377d7364f33367, 0x22a3226109191115, 
	0x22212b2733ed44b3, 0x3c2f6577442d867b, 0x6d739ebb8df79e79, 0x8db395b1952d84a7, 0x9d29a527a525b5ab, 0xad6bbe31cf39b6b9, 0xb6fd8e395cf154b1, 0x1aa51a63095d0117, 
	0x22a52b292bed342d, 0x33eb4cb13be975b5, 0x546b9e7996358db3, 0xa637956f8d2b94e7, 0x94a194a3ad65a523, 0xb5abceb3be73cf7b, 0xa6b97573863b442f, 0x33ed33ad019f119d, 
	0x22a533ad342f23eb, 0x55353c2d7db743e9, 0x8df764ad8df56cab, 0x856f6c259dad94e9, 0x9d27ad69b5a9a565, 0xbe2db5edcef7b6f7, 0x85f3af7f55315d33, 0x5d3712a51aa5119d, 
	0x1a633c2f23ab342d, 0x342d2beb4c6f33a7, 0x75734be9963774ab, 0x95b1a5f1956b84a5, 0xa5ab8c6194e1b5eb, 0x9d67c6b1b6739e31, 0xc7bf652f5d317e7d, 0x1ba93c2f1aa7099d, 
	0x22e5342f2c2f3cb1, 0x342d4cb133a964f1, 0x3ba56d3143a56427, 0x53a36c2563e19d6d, 0x84a59d6baded9525, 0xadebae2d7d29b6f9, 0x7d7175f596ff3caf, 0x44b32c2d126511df, 
	0x2325342f34b1346f, 0x346f23a92b672b25, 0x2aa1646d2a9f9df5, 0x642784ed9df36c25, 0x6c677465535b84e5, 0x8d2784e7c77b7d6f, 0x85f7867b342d5575, 0x2c2f1b6b1ae7099f, 
	0x2327346f34b134b1, 0x23ed33e93be943a9, 0x43a7225f53a721d7, 0x325d329b3a9d42dd, 0x856d5be39db18d6d, 0x6c6395f164ab5cad, 0x85f7446d763b346f, 0x23ed1b690a6511e1, 
	0x1ae73cb534b334b1, 0x23ab1b251ae122e1, 0x225d221d53652197, 0x84ef2a194b636427, 0x19953adf431f2259, 0x74ab752f5cad9eff, 0x446d6db7342f242d, 0x242d13271263099f, 
	0x1aa52c2f34f334b1, 0x2c2d23692b6722a1, 0x225f325f11151955, 0x008f111121952195, 0x21976c6b221b6cad, 0x64ab43e75caf33e9, 0x446f3c6f346f34b1, 0x1ba9132712a509df, 
	0x23252c2d2c6f34f3, 0x242d1b6912a31261, 0x1a1d21db21d93a5d, 0x08d1425d088f10d1, 0x2197008f1997221b, 0x22a143eb442d446f, 0x657723ab2c2f13a9, 0x1bab13270aa30a21, 
	0x1ae51b672c6f34f3, 0x34b123eb1ae51aa3, 0x11db115709150091, 0x0891004f004d10d1, 0x1913089142a10915, 0x4beb22e52b693c2f, 0x2369347123ab23ed, 0x23ab1b6912e51263, 
	0x22e31b27242d1beb, 0x34b123eb236912a3, 0x121f119911571115, 0x10d3004f10d3088f, 0x004f10d300911157, 0x22a112612b272b69, 0x23692bab23a91ba9, 0x1ba9136713270aa3, 
	0x019b1ae323a92c6f, 0x34f1246d242d1325, 0x1aa1099909171115, 0x08d108911091004f, 0x089110d31093219b, 0x19db2ae5122122e5, 0x23271b25236923a9, 0x23eb1bab1b6912a5, 
	0x11db125f1b252beb, 0x23eb2c2d1ba92367, 0x12a31a6111db1157, 0x1155195708d30891, 0x0891089110d310d3, 0x1157221f1a612327, 0x1b25236723a923eb, 0x23eb23eb13671327, 
	0x09170999125f2ba7, 0x2be9346d242b2c2d, 0x13251ae50a1d121d, 0x11dd119b11571157, 0x19571115191510d3, 0x195711991a611aa3, 0x23671b671ba9242d, 0x23eb1beb23ab1327, 
	0x00d30957121d121d, 0x236712e323eb1367, 0x23a91b2523251aa1, 0x1a5f11db19dd1199, 0x199b115711152199, 0x1959221d22a32367, 0x23a923a92c2d23eb, 0x242d23eb1bab0aa5, 
	0x0051009101150999, 0x22a123252ba923a7, 0x2beb1b6723a912a1, 0x1aa31a611a611a1d, 0x19dd199b21db1999, 0x19dd22a123252beb, 0x1b672beb1b6723eb, 0x1ba923a90ae51263, 
	0x000f005100911157, 0x0115121d0a1d2325, 0x12e323a91b6523a9, 0x2327236712a11aa1, 0x121f1a1d1a1f121d, 0x22e112a123a71b65, 0x2beb23a92beb2369, 0x236912a5126309df, 
	0x0011000f004f0091, 0x00d311991a5d22a1, 0x1ae123251b252367, 0x2325132523251ae5, 0x12a31ae512e32325, 0x1b232ba723672367, 0x2ba91b271b2712a3, 0x0a2109df011b00d9, 
	0x000f000d000f0051, 0x009300d509570999, 0x121d121d232322e3, 0x2365236723671b25, 0x23271b251b2512e3, 0x1b2512e112a12367, 0x0a1f1aa501df11e1, 0x011d011b00d90095, 
	0x004f000d000f000f, 0x0051009300930915, 0x119911db225f121d, 0x22a112a112611ae3, 0x1aa31ae323251b23, 0x23251aa122e5125f, 0x1a61099d119f00d9, 0x00d9005500130011, 
	0x000d000d000d000f, 0x0051009300910093, 0x00d311570115119b, 0x11db121d1aa1125f, 0x1aa122a1125d22a1, 0x099b1a1f099b095b, 0x0117009500550013, 0x001300130011000d, 
	0x004d000d000f000f, 0x0051005100930093, 0x009300d301151159, 0x095711db099911db, 0x11db015711990115, 0x119900d509150095, 0x0095009500130013, 0x00110011000d0007, 
	0x004b004d000f000f, 0x0051005100530093, 0x00930093091500d5, 0x0915011511570957, 0x0115111709150915, 0x0093009300510011, 0x001100110011000f, 0x000f000d00090001, 
	0x00070009004f004f, 0x0051005300930093, 0x009300d5009300d5, 0x0915011509150915, 0x091508d300930051, 0x00510051000f0011, 0x000f000f000f000f, 0x000b000900010001, 
	0x000100050049004d, 0x004f0093009100d3, 0x00d500d500d50915, 0x0115091501130915, 0x00d3009100910091, 0x004f000f000f000d, 0x000d000d000d000d, 0x0007000100010001, 
	0x088100010005008b, 0x008d008f00d30113, 0x0115011509570115, 0x0955095501130915, 0x0913091308d10091, 0x08d1008f004f000d, 0x000d000d000b0047, 0x0001000100010001, 
	
};

u64 gScissorsBeetleSkel_gg2b_ci8[] = {
	0x0000010203040506, 0x0707070707070707, 0x0707070707050507, 0x0605040302080000, 0x0002030407090a0b, 0x0b0c0c0c0c0c0c0d, 0x0d0c0c0b0b0b0b0b, 0x0a0e070504020800, 
	0x010305090a0d0f0f, 0x1010101111121213, 0x131110141010100f, 0x150d0b0e07040200, 0x0204090b15101316, 0x1717181818181818, 0x191a1918181a1b16, 0x12100f0c0a07031c, 
	0x03070a151217181d, 0x1e1f1f2021212122, 0x232021201f1e2418, 0x1916120f0c09031c, 0x04090d1017241f21, 0x2526262728292626, 0x28272726252a211f, 0x1e1817122b2c0503, 
	0x050a0f13181f2526, 0x2d2e2f302e2f3132, 0x32322f3328262625, 0x201e1834350c0903, 0x060b0f161d21262e, 0x3637373237383838, 0x393932302f332826, 0x2522241b122b0e05, 
	0x070b10171e252d36, 0x393939383a3b3b38, 0x3c3939323d2f2e28, 0x26201e18123e0a06, 0x070c10171f262e32, 0x32393b3f3f3f3f3b, 0x3b38393932322f28, 0x4025212416350b07, 
	0x070c10181f264131, 0x393a3f42423f3f3a, 0x3b383c3939322f28, 0x2d26204317100c07, 0x070c11181f404139, 0x3b3f3f3f3f3f3f3a, 0x3838383939313031, 0x2e44251f18100c07, 
	0x070c11194526323c, 0x3b3f3f3f3f3a3a3b, 0x3838383937393932, 0x2f2e262018110c07, 0x070c101a20283238, 0x3b3f3f3f3a3a3b3b, 0x383839393c383939, 0x3946272119110c07, 
	0x070b101821283239, 0x383a3a3a3b3b3b3b, 0x3838393838383b38, 0x3c32272018120c47, 0x470b131821272f39, 0x38383838383b3b38, 0x48383b3b383f3f3b, 0x3832272118110b47, 
	0x070d131820292f39, 0x393c383838383839, 0x383a3b3a42493f3b, 0x3932282119100c07, 0x070c111922262e32, 0x3739393838383938, 0x3a3a3f494949423a, 0x3c32281f19120c07, 
	0x070c10191f262d2f, 0x3239393939393b3b, 0x3a42494a49493f3b, 0x3832401f18120c07, 0x070c10171e25272e, 0x323239373938383a, 0x42494a4949493f3b, 0x3941262118110c07, 
	0x070c10174b21262e, 0x2f31313938383a42, 0x4949494949493f39, 0x3230272018110c07, 0x070b0f1624202628, 0x2d413239393b3f49, 0x49494949493f3c39, 0x392f261f18100c07, 
	0x050a0f4c4d222526, 0x442f3139383f3f3f, 0x3f423f3f3a38383c, 0x372e261f17100c07, 0x050a2b13191e204e, 0x28413039383b3b3b, 0x3a3a3a38393c3c39, 0x362d251e17100b07, 
	0x040a2b4f1b242225, 0x402d323939393c38, 0x383c393739393736, 0x2e26211d160f0b06, 0x04090b3534191e20, 0x26282e2f2f323232, 0x312f3032322f2e2d, 0x26251f18130f0a05, 
	0x03062c2b1216241f, 0x2150262651272826, 0x2627282827262625, 0x211f2417100d0904, 0x0252090b3e131724, 0x4b1e1f1f20204522, 0x21212121201f1f1e, 0x1d181712150a0703, 
	0x0803050e0d0f1216, 0x16171a1919191918, 0x1818181818181717, 0x161310150b090402, 0x001c03090a0c150f, 0x3510101014111213, 0x1312121111101010, 0x0f0f0d0a09050301, 
	0x5308030407090e54, 0x0b0b0b0b0c0c0c0d, 0x0d0c0c0c0c0c0c0b, 0x0b0a090704030200, 0x0000010203040505, 0x0505070707070707, 0x0707070707070707, 0x0605040302010000, 
	
};

u64 gScissorsBeetleSkel_gg2b_pal_rgba16[] = {
	0x8f3f86ff86fd86bd, 0x7ebd7e7b767b763b, 0x8eff76396df96db7, 0x65b7657775f95d35, 0x54f354b354b14cb1, 0x5cf35d754c6f442f, 0x3bed43ed442d4c2f, 0x8efd33ab33692b29, 
	0x2ae722e72b273327, 0x3bab22a51a631223, 0x12211a2322e56575, 0x75f711e109df099f, 0x099d095d015d09e1, 0x546f5d33015f011d, 0x00d9011b00970099, 0x00db019d65350057, 
	0x226311df00553ba9, 0x1a213329019f7e3b, 0x011900150013336b, 0x4c713bad226554f1, 0x1aa51263867d973f, 0x6df7000000000000
};

Vtx gScissorsBeetleSkel_bodyfront_mesh_layer_Opaque_vtx_0[16] = {
	{{ {32, 200, -122}, 0, {-660, 133}, {82, 67, 186, 255} }},
	{{ {-4, 27, -212}, 0, {258, 519}, {30, 205, 144, 255} }},
	{{ {2, 215, -128}, 0, {-741, 155}, {255, 93, 170, 255} }},
	{{ {31, 27, -191}, 0, {258, 359}, {61, 171, 184, 255} }},
	{{ {87, -23, -99}, 0, {258, 59}, {39, 139, 225, 255} }},
	{{ {104, 170, 1}, 0, {-682, -263}, {117, 50, 0, 255} }},
	{{ {32, 238, 1}, 0, {-864, -265}, {55, 114, 0, 255} }},
	{{ {-62, 233, -64}, 0, {-834, -3}, {207, 87, 178, 255} }},
	{{ {-92, 261, 1}, 0, {-985, -264}, {209, 118, 0, 255} }},
	{{ {-62, 233, 66}, 0, {-834, -3}, {207, 87, 78, 255} }},
	{{ {2, 215, 130}, 0, {-741, 155}, {255, 93, 86, 255} }},
	{{ {32, 200, 123}, 0, {-660, 133}, {82, 67, 70, 255} }},
	{{ {-4, 27, 213}, 0, {258, 519}, {30, 205, 112, 255} }},
	{{ {31, 27, 193}, 0, {258, 359}, {61, 171, 72, 255} }},
	{{ {87, -23, 100}, 0, {258, 59}, {39, 139, 32, 255} }},
	{{ {123, -10, 1}, 0, {258, -263}, {58, 143, 255, 255} }},
};

Gfx gScissorsBeetleSkel_bodyfront_mesh_layer_Opaque_tri_0[] = {
	gsSPVertex(gScissorsBeetleSkel_bodyfront_mesh_layer_Opaque_vtx_0 + 0, 16, 0),
	gsSP2Triangles(0, 1, 2, 0, 0, 3, 1, 0),
	gsSP2Triangles(3, 0, 4, 0, 0, 5, 4, 0),
	gsSP2Triangles(0, 6, 5, 0, 6, 0, 2, 0),
	gsSP2Triangles(7, 6, 2, 0, 8, 6, 7, 0),
	gsSP2Triangles(8, 9, 6, 0, 9, 10, 6, 0),
	gsSP2Triangles(6, 10, 11, 0, 11, 10, 12, 0),
	gsSP2Triangles(11, 12, 13, 0, 13, 14, 11, 0),
	gsSP2Triangles(11, 14, 5, 0, 14, 15, 5, 0),
	gsSP2Triangles(4, 5, 15, 0, 11, 5, 6, 0),
	gsSPEndDisplayList(),
};

Vtx gScissorsBeetleSkel_bodyfront_mesh_layer_Opaque_vtx_1[22] = {
	{{ {-46, -9, -175}, 0, {661, 947}, {38, 137, 232, 255} }},
	{{ {-84, -4, -140}, 0, {208, 944}, {201, 147, 34, 255} }},
	{{ {-132, 15, -221}, 0, {416, 1467}, {161, 241, 173, 255} }},
	{{ {-83, 62, -143}, 0, {208, 944}, {153, 48, 200, 255} }},
	{{ {-51, 62, -177}, 0, {661, 947}, {211, 72, 162, 255} }},
	{{ {-46, -9, 177}, 0, {661, 947}, {38, 137, 24, 255} }},
	{{ {-132, 15, 223}, 0, {416, 1467}, {161, 241, 83, 255} }},
	{{ {-84, -4, 142}, 0, {208, 944}, {201, 147, 222, 255} }},
	{{ {-83, 62, 145}, 0, {208, 944}, {153, 48, 56, 255} }},
	{{ {-51, 62, 179}, 0, {661, 947}, {211, 72, 94, 255} }},
	{{ {-94, 26, -137}, 0, {208, 944}, {131, 241, 242, 255} }},
	{{ {-83, 62, -143}, 0, {661, 947}, {153, 48, 200, 255} }},
	{{ {-84, -4, -140}, 0, {661, 947}, {201, 147, 34, 255} }},
	{{ {-51, 62, -177}, 0, {208, 944}, {211, 72, 162, 255} }},
	{{ {-34, 26, -198}, 0, {661, 947}, {234, 250, 131, 255} }},
	{{ {-46, -9, -175}, 0, {208, 944}, {38, 137, 232, 255} }},
	{{ {-94, 26, 139}, 0, {208, 944}, {131, 241, 14, 255} }},
	{{ {-83, 62, 145}, 0, {661, 947}, {153, 48, 56, 255} }},
	{{ {-84, -4, 142}, 0, {661, 947}, {201, 147, 222, 255} }},
	{{ {-51, 62, 179}, 0, {208, 944}, {211, 72, 94, 255} }},
	{{ {-34, 26, 200}, 0, {661, 947}, {234, 250, 125, 255} }},
	{{ {-46, -9, 177}, 0, {208, 944}, {38, 137, 24, 255} }},
};

Gfx gScissorsBeetleSkel_bodyfront_mesh_layer_Opaque_tri_1[] = {
	gsSPVertex(gScissorsBeetleSkel_bodyfront_mesh_layer_Opaque_vtx_1 + 0, 22, 0),
	gsSP2Triangles(0, 1, 2, 0, 3, 4, 2, 0),
	gsSP2Triangles(5, 6, 7, 0, 8, 6, 9, 0),
	gsSP2Triangles(10, 11, 2, 0, 12, 10, 2, 0),
	gsSP2Triangles(13, 14, 2, 0, 14, 15, 2, 0),
	gsSP2Triangles(16, 6, 17, 0, 18, 6, 16, 0),
	gsSP2Triangles(19, 6, 20, 0, 20, 6, 21, 0),
	gsSPEndDisplayList(),
};

Vtx gScissorsBeetleSkel_bodyfront_mesh_layer_Opaque_vtx_2[22] = {
	{{ {-135, 217, 1}, 0, {24, -267}, {144, 61, 0, 255} }},
	{{ {-62, 233, -64}, 0, {643, 205}, {207, 87, 178, 255} }},
	{{ {2, 215, -128}, 0, {1054, 84}, {255, 93, 170, 255} }},
	{{ {-92, 261, 1}, 0, {639, -74}, {209, 118, 0, 255} }},
	{{ {-62, 233, 66}, 0, {643, 205}, {207, 87, 78, 255} }},
	{{ {2, 215, 130}, 0, {1054, 84}, {255, 93, 86, 255} }},
	{{ {-83, 62, 145}, 0, {950, -1222}, {153, 48, 56, 255} }},
	{{ {-182, 35, 1}, 0, {25, -1515}, {121, 39, 252, 255} }},
	{{ {-83, 62, -143}, 0, {950, -1222}, {153, 48, 200, 255} }},
	{{ {-51, 62, -177}, 0, {1165, -1223}, {211, 72, 162, 255} }},
	{{ {-4, 27, -212}, 0, {1079, -996}, {30, 205, 144, 255} }},
	{{ {-34, 26, -198}, 0, {808, -1004}, {234, 250, 131, 255} }},
	{{ {-46, -9, -175}, 0, {961, -1480}, {38, 137, 232, 255} }},
	{{ {-94, 26, -137}, 0, {909, -1579}, {131, 241, 242, 255} }},
	{{ {-84, -4, -140}, 0, {927, -1886}, {201, 147, 34, 255} }},
	{{ {-51, 62, 179}, 0, {1165, -1223}, {211, 72, 94, 255} }},
	{{ {-4, 27, 213}, 0, {1079, -996}, {30, 205, 112, 255} }},
	{{ {-34, 26, 200}, 0, {808, -1004}, {234, 250, 125, 255} }},
	{{ {-46, -9, 177}, 0, {961, -1480}, {38, 137, 24, 255} }},
	{{ {-179, 123, 1}, 0, {24, -913}, {130, 240, 0, 255} }},
	{{ {-94, 26, 139}, 0, {909, -1579}, {131, 241, 14, 255} }},
	{{ {-84, -4, 142}, 0, {927, -1886}, {201, 147, 222, 255} }},
};

Gfx gScissorsBeetleSkel_bodyfront_mesh_layer_Opaque_tri_2[] = {
	gsSPVertex(gScissorsBeetleSkel_bodyfront_mesh_layer_Opaque_vtx_2 + 0, 22, 0),
	gsSP2Triangles(0, 1, 2, 0, 0, 3, 1, 0),
	gsSP2Triangles(0, 4, 3, 0, 0, 5, 4, 0),
	gsSP2Triangles(6, 5, 0, 0, 6, 0, 7, 0),
	gsSP2Triangles(8, 7, 0, 0, 8, 0, 2, 0),
	gsSP2Triangles(8, 2, 9, 0, 10, 9, 2, 0),
	gsSP2Triangles(10, 11, 9, 0, 12, 11, 10, 0),
	gsSP2Triangles(8, 13, 7, 0, 14, 7, 13, 0),
	gsSP2Triangles(6, 15, 5, 0, 16, 5, 15, 0),
	gsSP2Triangles(16, 15, 17, 0, 18, 16, 17, 0),
	gsSP2Triangles(0, 8, 19, 0, 8, 6, 19, 0),
	gsSP2Triangles(0, 19, 6, 0, 6, 7, 20, 0),
	gsSP1Triangle(21, 20, 7, 0),
	gsSPEndDisplayList(),
};

Vtx gScissorsBeetleSkel_bodyback_mesh_layer_Opaque_vtx_0[14] = {
	{{ {40, 157, 164}, 0, {1226, 270}, {37, 13, 121, 255} }},
	{{ {25, 130, 127}, 0, {1087, 151}, {156, 215, 67, 255} }},
	{{ {81, 91, -1}, 0, {1373, -261}, {121, 216, 0, 255} }},
	{{ {25, 130, -129}, 0, {1087, 151}, {157, 215, 189, 255} }},
	{{ {40, 157, -166}, 0, {1226, 270}, {37, 13, 135, 255} }},
	{{ {81, 91, -1}, 0, {1345, -264}, {121, 216, 0, 255} }},
	{{ {1, 243, -1}, 0, {1495, -264}, {11, 127, 0, 255} }},
	{{ {31, 27, -191}, 0, {258, 359}, {61, 171, 184, 255} }},
	{{ {-4, 27, -212}, 0, {258, 519}, {30, 205, 144, 255} }},
	{{ {87, -23, -99}, 0, {258, 59}, {39, 139, 225, 255} }},
	{{ {123, -10, 1}, 0, {258, -263}, {58, 143, 255, 255} }},
	{{ {87, -23, 100}, 0, {258, 59}, {39, 139, 32, 255} }},
	{{ {31, 27, 193}, 0, {258, 359}, {61, 171, 72, 255} }},
	{{ {-4, 27, 213}, 0, {258, 519}, {30, 205, 112, 255} }},
};

Gfx gScissorsBeetleSkel_bodyback_mesh_layer_Opaque_tri_0[] = {
	gsSPVertex(gScissorsBeetleSkel_bodyback_mesh_layer_Opaque_vtx_0 + 0, 7, 0),
	gsSPMatrix(0x0d000000, G_MTX_LOAD),
	gsSPVertex(gScissorsBeetleSkel_bodyback_mesh_layer_Opaque_vtx_0 + 7, 7, 7),
	gsSP2Triangles(7, 0, 8, 0, 7, 1, 0, 0),
	gsSP2Triangles(1, 7, 9, 0, 2, 1, 9, 0),
	gsSP2Triangles(9, 10, 2, 0, 11, 2, 10, 0),
	gsSP2Triangles(2, 11, 3, 0, 3, 11, 12, 0),
	gsSP2Triangles(12, 4, 3, 0, 12, 13, 4, 0),
	gsSP2Triangles(3, 4, 5, 0, 5, 4, 6, 0),
	gsSP2Triangles(5, 6, 0, 0, 1, 5, 0, 0),
	gsSPEndDisplayList(),
};

Vtx gScissorsBeetleSkel_bodyback_mesh_layer_Opaque_vtx_1[21] = {
	{{ {-46, -9, -175}, 0, {961, -1480}, {38, 137, 232, 255} }},
	{{ {-4, 27, -212}, 0, {1079, -996}, {30, 205, 144, 255} }},
	{{ {-84, -4, -140}, 0, {927, -1886}, {201, 147, 34, 255} }},
	{{ {-84, -4, 142}, 0, {927, -1886}, {201, 147, 222, 255} }},
	{{ {-46, -9, 177}, 0, {961, -1480}, {38, 137, 24, 255} }},
	{{ {-4, 27, 213}, 0, {1079, -996}, {30, 205, 112, 255} }},
	{{ {-182, 35, 1}, 0, {25, -1515}, {121, 39, 252, 255} }},
	{{ {-94, 26, -137}, 0, {909, -1579}, {131, 241, 242, 255} }},
	{{ {-94, 26, 139}, 0, {909, -1579}, {131, 241, 14, 255} }},
	{{ {40, 157, 164}, 0, {-305, -1472}, {37, 13, 121, 255} }},
	{{ {-162, 106, -1}, 0, {24, -2539}, {80, 157, 1, 255} }},
	{{ {-8, 170, 90}, 0, {-481, -2115}, {190, 78, 76, 255} }},
	{{ {-21, 199, 34}, 0, {-843, -2234}, {224, 122, 242, 255} }},
	{{ {1, 243, -1}, 0, {24, -3170}, {11, 127, 0, 255} }},
	{{ {-77, 153, 34}, 0, {246, -2764}, {176, 79, 59, 255} }},
	{{ {-77, 153, -35}, 0, {246, -2764}, {176, 79, 197, 255} }},
	{{ {-21, 199, -35}, 0, {-843, -2234}, {225, 122, 15, 255} }},
	{{ {40, 157, -166}, 0, {-305, -1472}, {37, 13, 135, 255} }},
	{{ {-8, 170, -92}, 0, {-481, -2115}, {190, 78, 181, 255} }},
	{{ {-116, 222, -1}, 0, {24, -3320}, {251, 129, 0, 255} }},
	{{ {-193, 66, -1}, 0, {25, -2273}, {97, 174, 2, 255} }},
};

Gfx gScissorsBeetleSkel_bodyback_mesh_layer_Opaque_tri_1[] = {
	gsSPVertex(gScissorsBeetleSkel_bodyback_mesh_layer_Opaque_vtx_1 + 0, 9, 0),
	gsSPMatrix(0x0d000040, G_MTX_LOAD),
	gsSPVertex(gScissorsBeetleSkel_bodyback_mesh_layer_Opaque_vtx_1 + 9, 12, 9),
	gsSP2Triangles(0, 1, 9, 0, 2, 0, 9, 0),
	gsSP2Triangles(2, 9, 10, 0, 11, 10, 9, 0),
	gsSP2Triangles(12, 11, 9, 0, 12, 9, 13, 0),
	gsSP2Triangles(14, 12, 13, 0, 14, 13, 10, 0),
	gsSP2Triangles(15, 10, 13, 0, 15, 13, 16, 0),
	gsSP2Triangles(16, 13, 17, 0, 16, 17, 18, 0),
	gsSP2Triangles(18, 17, 10, 0, 3, 10, 17, 0),
	gsSP2Triangles(3, 17, 4, 0, 4, 17, 5, 0),
	gsSP2Triangles(10, 19, 3, 0, 10, 2, 19, 0),
	gsSP2Triangles(2, 10, 6, 0, 3, 6, 10, 0),
	gsSP2Triangles(2, 3, 19, 0, 11, 14, 10, 0),
	gsSP2Triangles(18, 10, 15, 0, 6, 7, 20, 0),
	gsSP2Triangles(20, 7, 8, 0, 6, 20, 8, 0),
	gsSPEndDisplayList(),
};

Vtx gScissorsBeetleSkel_horn_l_mesh_layer_Opaque_vtx_0[7] = {
	{{ {0, 336, 2}, 0, {36, -16}, {6, 127, 255, 255} }},
	{{ {-8, 170, 90}, 0, {-302, 2011}, {190, 78, 76, 255} }},
	{{ {-21, 199, 34}, 0, {272, 2038}, {224, 122, 242, 255} }},
	{{ {-77, 153, 34}, 0, {-302, 2011}, {176, 79, 59, 255} }},
	{{ {-8, 170, 90}, 0, {272, 2038}, {190, 78, 76, 255} }},
	{{ {-21, 199, 34}, 0, {-302, 2011}, {224, 122, 242, 255} }},
	{{ {-77, 153, 34}, 0, {272, 2038}, {176, 79, 59, 255} }},
};

Gfx gScissorsBeetleSkel_horn_l_mesh_layer_Opaque_tri_0[] = {
	gsSPVertex(gScissorsBeetleSkel_horn_l_mesh_layer_Opaque_vtx_0 + 0, 1, 0),
	gsSPMatrix(0x0d000040, G_MTX_LOAD),
	gsSPVertex(gScissorsBeetleSkel_horn_l_mesh_layer_Opaque_vtx_0 + 1, 6, 1),
	gsSP2Triangles(1, 2, 0, 0, 3, 4, 0, 0),
	gsSP1Triangle(5, 6, 0, 0),
	gsSPEndDisplayList(),
};

Vtx gScissorsBeetleSkel_horn_r_mesh_layer_Opaque_vtx_0[7] = {
	{{ {4, 334, 2}, 0, {36, -16}, {7, 127, 3, 255} }},
	{{ {-8, 170, -92}, 0, {-302, 2011}, {190, 78, 181, 255} }},
	{{ {-21, 199, -35}, 0, {272, 2038}, {225, 122, 15, 255} }},
	{{ {-77, 153, -35}, 0, {-302, 2011}, {176, 79, 197, 255} }},
	{{ {-8, 170, -92}, 0, {272, 2038}, {190, 78, 181, 255} }},
	{{ {-21, 199, -35}, 0, {-302, 2011}, {225, 122, 15, 255} }},
	{{ {-77, 153, -35}, 0, {272, 2038}, {176, 79, 197, 255} }},
};

Gfx gScissorsBeetleSkel_horn_r_mesh_layer_Opaque_tri_0[] = {
	gsSPVertex(gScissorsBeetleSkel_horn_r_mesh_layer_Opaque_vtx_0 + 0, 1, 0),
	gsSPMatrix(0x0d000040, G_MTX_LOAD),
	gsSPVertex(gScissorsBeetleSkel_horn_r_mesh_layer_Opaque_vtx_0 + 1, 6, 1),
	gsSP2Triangles(1, 0, 2, 0, 3, 0, 4, 0),
	gsSP1Triangle(5, 0, 6, 0),
	gsSPEndDisplayList(),
};

Vtx gScissorsBeetleSkel_head_mesh_layer_Opaque_vtx_0[87] = {
	{{ {21, -61, 1}, 0, {2297, 1301}, {1, 129, 0, 255} }},
	{{ {-68, -17, 1}, 0, {1124, 371}, {160, 173, 0, 255} }},
	{{ {17, -34, -99}, 0, {1409, 1618}, {3, 164, 169, 255} }},
	{{ {17, -34, 101}, 0, {1409, 1618}, {3, 164, 87, 255} }},
	{{ {93, -25, 1}, 0, {2080, 1449}, {104, 182, 0, 255} }},
	{{ {21, -61, 1}, 0, {2699, 931}, {1, 129, 0, 255} }},
	{{ {17, -34, -99}, 0, {2003, 152}, {3, 164, 169, 255} }},
	{{ {17, -34, 101}, 0, {2003, 152}, {3, 164, 87, 255} }},
	{{ {-30, 101, -112}, 0, {720, 1402}, {132, 19, 236, 255} }},
	{{ {-5, 165, -99}, 0, {952, 1300}, {251, 96, 173, 255} }},
	{{ {6, 66, -146}, 0, {789, 1930}, {251, 250, 129, 255} }},
	{{ {-42, 127, -95}, 0, {776, 1275}, {148, 223, 198, 255} }},
	{{ {-85, 129, -11}, 0, {847, 387}, {155, 66, 40, 255} }},
	{{ {-70, 117, -74}, 0, {725, 1149}, {213, 23, 139, 255} }},
	{{ {-75, 87, -76}, 0, {653, 1162}, {214, 25, 139, 255} }},
	{{ {-98, 54, 1}, 0, {479, 48}, {131, 235, 0, 255} }},
	{{ {-64, 65, -83}, 0, {597, 1229}, {185, 30, 155, 255} }},
	{{ {-68, -17, 1}, 0, {-79, -59}, {160, 173, 0, 255} }},
	{{ {17, -34, -99}, 0, {-287, 1215}, {3, 164, 169, 255} }},
	{{ {-35, 69, -105}, 0, {626, 1393}, {145, 38, 207, 255} }},
	{{ {-64, 65, 85}, 0, {597, 1229}, {185, 30, 101, 255} }},
	{{ {-75, 87, 77}, 0, {653, 1162}, {214, 25, 117, 255} }},
	{{ {-85, 129, 13}, 0, {847, 387}, {155, 66, 216, 255} }},
	{{ {-70, 117, 76}, 0, {725, 1149}, {213, 23, 117, 255} }},
	{{ {-42, 127, 97}, 0, {776, 1275}, {148, 223, 58, 255} }},
	{{ {-5, 165, 101}, 0, {952, 1300}, {251, 96, 83, 255} }},
	{{ {-30, 101, 113}, 0, {720, 1402}, {132, 19, 20, 255} }},
	{{ {6, 66, 147}, 0, {789, 1930}, {251, 250, 127, 255} }},
	{{ {-35, 69, 107}, 0, {626, 1393}, {145, 38, 49, 255} }},
	{{ {17, -34, 101}, 0, {-287, 1215}, {3, 164, 87, 255} }},
	{{ {-8, 193, 14}, 0, {1081, 512}, {238, 118, 213, 255} }},
	{{ {-5, 164, 1}, 0, {1186, 144}, {234, 125, 0, 255} }},
	{{ {-85, 129, 13}, 0, {847, 387}, {155, 66, 216, 255} }},
	{{ {-5, 164, 1}, 0, {1186, 144}, {234, 125, 0, 255} }},
	{{ {-82, 101, 1}, 0, {734, 215}, {142, 56, 0, 255} }},
	{{ {-85, 129, -11}, 0, {847, 387}, {155, 66, 40, 255} }},
	{{ {-8, 193, -12}, 0, {1081, 512}, {238, 118, 43, 255} }},
	{{ {-5, 165, -99}, 0, {952, 1300}, {251, 96, 173, 255} }},
	{{ {-98, 54, 1}, 0, {479, 48}, {131, 235, 0, 255} }},
	{{ {-5, 165, -99}, 0, {434, 486}, {251, 96, 173, 255} }},
	{{ {-8, 193, -12}, 0, {-70, 1343}, {238, 118, 43, 255} }},
	{{ {48, 171, -12}, 0, {631, 1293}, {56, 104, 47, 255} }},
	{{ {-5, 164, 1}, 0, {-119, 1631}, {234, 125, 0, 255} }},
	{{ {51, 143, 1}, 0, {397, 1570}, {101, 77, 0, 255} }},
	{{ {48, 171, 14}, 0, {631, 1293}, {56, 104, 209, 255} }},
	{{ {-8, 193, 14}, 0, {-70, 1343}, {238, 118, 213, 255} }},
	{{ {-5, 165, 101}, 0, {434, 486}, {251, 96, 83, 255} }},
	{{ {72, 123, 54}, 0, {749, 1207}, {97, 57, 59, 255} }},
	{{ {96, 76, 81}, 0, {1043, 913}, {110, 16, 62, 255} }},
	{{ {6, 66, 147}, 0, {900, -66}, {251, 250, 127, 255} }},
	{{ {17, -34, 101}, 0, {816, 152}, {3, 164, 87, 255} }},
	{{ {93, -25, 1}, 0, {893, 1449}, {104, 182, 0, 255} }},
	{{ {99, 76, 1}, 0, {1064, 1631}, {124, 28, 0, 255} }},
	{{ {96, 76, -79}, 0, {1043, 913}, {110, 16, 194, 255} }},
	{{ {17, -34, -99}, 0, {816, 152}, {3, 164, 169, 255} }},
	{{ {6, 66, -146}, 0, {900, -66}, {251, 250, 129, 255} }},
	{{ {72, 123, -52}, 0, {749, 1207}, {97, 57, 197, 255} }},
	{{ {74, 124, -12}, 0, {725, 1369}, {108, 40, 53, 255} }},
	{{ {74, 124, 14}, 0, {725, 1369}, {108, 40, 203, 255} }},
	{{ {-70, 117, -74}, 0, {620, 1315}, {213, 23, 139, 255} }},
	{{ {-61, 91, -53}, 0, {739, 1160}, {34, 22, 136, 255} }},
	{{ {-75, 87, -76}, 0, {739, 1160}, {214, 25, 139, 255} }},
	{{ {-54, 122, -51}, 0, {620, 1315}, {12, 193, 147, 255} }},
	{{ {-42, 127, -95}, 0, {623, 1366}, {148, 223, 198, 255} }},
	{{ {-42, 127, -95}, 0, {623, 1366}, {148, 223, 198, 255} }},
	{{ {-20, 135, -78}, 0, {623, 1366}, {183, 159, 221, 255} }},
	{{ {-54, 122, -51}, 0, {620, 1315}, {12, 193, 147, 255} }},
	{{ {-5, 109, -99}, 0, {726, 1291}, {137, 226, 32, 255} }},
	{{ {-30, 101, -112}, 0, {726, 1291}, {132, 19, 236, 255} }},
	{{ {-11, 69, -90}, 0, {774, 1249}, {153, 74, 252, 255} }},
	{{ {-35, 69, -105}, 0, {774, 1249}, {145, 38, 207, 255} }},
	{{ {-48, 63, -63}, 0, {759, 1163}, {247, 93, 170, 255} }},
	{{ {-64, 65, -83}, 0, {759, 1163}, {185, 30, 155, 255} }},
	{{ {-75, 87, -76}, 0, {739, 1160}, {214, 25, 139, 255} }},
	{{ {-61, 91, -53}, 0, {739, 1160}, {34, 22, 136, 255} }},
	{{ {-70, 117, 76}, 0, {620, 1315}, {213, 23, 117, 255} }},
	{{ {-75, 87, 77}, 0, {739, 1160}, {214, 25, 117, 255} }},
	{{ {-61, 91, 55}, 0, {739, 1160}, {34, 22, 120, 255} }},
	{{ {-48, 63, 65}, 0, {759, 1163}, {247, 93, 86, 255} }},
	{{ {-64, 65, 85}, 0, {759, 1163}, {185, 30, 101, 255} }},
	{{ {-35, 69, 107}, 0, {774, 1249}, {145, 38, 49, 255} }},
	{{ {-11, 69, 92}, 0, {774, 1249}, {153, 74, 4, 255} }},
	{{ {-30, 101, 113}, 0, {726, 1291}, {132, 19, 20, 255} }},
	{{ {-5, 109, 101}, 0, {726, 1291}, {137, 226, 224, 255} }},
	{{ {-42, 127, 97}, 0, {623, 1366}, {148, 223, 58, 255} }},
	{{ {-20, 135, 79}, 0, {623, 1366}, {183, 159, 35, 255} }},
	{{ {-54, 122, 53}, 0, {620, 1315}, {12, 193, 109, 255} }},
};

Gfx gScissorsBeetleSkel_head_mesh_layer_Opaque_tri_0[] = {
	gsSPVertex(gScissorsBeetleSkel_head_mesh_layer_Opaque_vtx_0 + 0, 32, 0),
	gsSP2Triangles(0, 1, 2, 0, 0, 3, 1, 0),
	gsSP2Triangles(4, 5, 6, 0, 4, 7, 5, 0),
	gsSP2Triangles(8, 9, 10, 0, 8, 11, 9, 0),
	gsSP2Triangles(11, 12, 9, 0, 11, 13, 12, 0),
	gsSP2Triangles(14, 12, 13, 0, 14, 15, 12, 0),
	gsSP2Triangles(16, 15, 14, 0, 16, 17, 15, 0),
	gsSP2Triangles(16, 18, 17, 0, 16, 19, 18, 0),
	gsSP2Triangles(19, 10, 18, 0, 19, 8, 10, 0),
	gsSP2Triangles(20, 15, 17, 0, 20, 21, 15, 0),
	gsSP2Triangles(21, 22, 15, 0, 21, 23, 22, 0),
	gsSP2Triangles(24, 22, 23, 0, 24, 25, 22, 0),
	gsSP2Triangles(26, 25, 24, 0, 26, 27, 25, 0),
	gsSP2Triangles(28, 27, 26, 0, 28, 29, 27, 0),
	gsSP2Triangles(20, 29, 28, 0, 20, 17, 29, 0),
	gsSP2Triangles(25, 30, 22, 0, 22, 30, 31, 0),
	gsSPVertex(gScissorsBeetleSkel_head_mesh_layer_Opaque_vtx_0 + 32, 32, 0),
	gsSP2Triangles(0, 1, 2, 0, 3, 2, 1, 0),
	gsSP2Triangles(3, 1, 4, 0, 5, 3, 4, 0),
	gsSP2Triangles(3, 6, 2, 0, 0, 2, 6, 0),
	gsSP2Triangles(7, 8, 9, 0, 9, 8, 10, 0),
	gsSP2Triangles(9, 10, 11, 0, 12, 11, 10, 0),
	gsSP2Triangles(12, 10, 13, 0, 14, 12, 13, 0),
	gsSP2Triangles(14, 15, 12, 0, 14, 16, 15, 0),
	gsSP2Triangles(17, 16, 14, 0, 18, 16, 17, 0),
	gsSP2Triangles(19, 16, 18, 0, 16, 19, 20, 0),
	gsSP2Triangles(21, 20, 19, 0, 19, 22, 21, 0),
	gsSP2Triangles(22, 23, 21, 0, 23, 7, 21, 0),
	gsSP2Triangles(7, 24, 21, 0, 7, 9, 24, 0),
	gsSP2Triangles(24, 20, 21, 0, 24, 25, 20, 0),
	gsSP2Triangles(20, 25, 11, 0, 9, 11, 25, 0),
	gsSP2Triangles(20, 11, 26, 0, 12, 26, 11, 0),
	gsSP2Triangles(15, 20, 26, 0, 15, 16, 20, 0),
	gsSP2Triangles(27, 28, 29, 0, 27, 30, 28, 0),
	gsSP1Triangle(31, 30, 27, 0),
	gsSPVertex(gScissorsBeetleSkel_head_mesh_layer_Opaque_vtx_0 + 64, 23, 0),
	gsSP2Triangles(0, 1, 2, 0, 0, 3, 1, 0),
	gsSP2Triangles(0, 4, 3, 0, 4, 5, 3, 0),
	gsSP2Triangles(4, 6, 5, 0, 6, 7, 5, 0),
	gsSP2Triangles(6, 8, 7, 0, 9, 7, 8, 0),
	gsSP2Triangles(9, 10, 7, 0, 5, 7, 10, 0),
	gsSP2Triangles(3, 5, 10, 0, 1, 3, 10, 0),
	gsSP2Triangles(10, 2, 1, 0, 11, 12, 13, 0),
	gsSP2Triangles(12, 14, 13, 0, 12, 15, 14, 0),
	gsSP2Triangles(16, 14, 15, 0, 16, 17, 14, 0),
	gsSP2Triangles(18, 17, 16, 0, 18, 19, 17, 0),
	gsSP2Triangles(20, 19, 18, 0, 20, 21, 19, 0),
	gsSP2Triangles(20, 22, 21, 0, 20, 11, 22, 0),
	gsSP2Triangles(11, 13, 22, 0, 13, 21, 22, 0),
	gsSP2Triangles(21, 13, 19, 0, 19, 13, 17, 0),
	gsSP1Triangle(17, 13, 14, 0),
	gsSPEndDisplayList(),
};

Vtx gScissorsBeetleSkel_head_mesh_layer_Opaque_vtx_1[14] = {
	{{ {48, 171, -12}, 0, {540, 363}, {56, 104, 47, 255} }},
	{{ {74, 124, -12}, 0, {41, 696}, {108, 40, 53, 255} }},
	{{ {91, 142, -27}, 0, {352, 719}, {95, 208, 69, 255} }},
	{{ {72, 123, -52}, 0, {545, 710}, {97, 57, 197, 255} }},
	{{ {90, 142, -46}, 0, {400, 728}, {74, 240, 154, 255} }},
	{{ {74, 174, -27}, 0, {409, 690}, {17, 126, 253, 255} }},
	{{ {104, 158, -31}, 0, {392, 710}, {118, 45, 16, 255} }},
	{{ {48, 171, 14}, 0, {540, 363}, {56, 104, 209, 255} }},
	{{ {91, 142, 29}, 0, {352, 719}, {95, 208, 187, 255} }},
	{{ {74, 124, 14}, 0, {41, 696}, {108, 40, 203, 255} }},
	{{ {74, 174, 29}, 0, {409, 690}, {17, 126, 3, 255} }},
	{{ {72, 123, 54}, 0, {545, 710}, {97, 57, 59, 255} }},
	{{ {90, 142, 48}, 0, {400, 728}, {74, 240, 102, 255} }},
	{{ {104, 158, 33}, 0, {392, 710}, {118, 45, 240, 255} }},
};

Gfx gScissorsBeetleSkel_head_mesh_layer_Opaque_tri_1[] = {
	gsSPVertex(gScissorsBeetleSkel_head_mesh_layer_Opaque_vtx_1 + 0, 14, 0),
	gsSP2Triangles(0, 1, 2, 0, 3, 2, 1, 0),
	gsSP2Triangles(3, 4, 2, 0, 3, 5, 4, 0),
	gsSP2Triangles(3, 0, 5, 0, 0, 2, 5, 0),
	gsSP2Triangles(5, 2, 6, 0, 2, 4, 6, 0),
	gsSP2Triangles(4, 5, 6, 0, 7, 8, 9, 0),
	gsSP2Triangles(7, 10, 8, 0, 11, 10, 7, 0),
	gsSP2Triangles(11, 12, 10, 0, 11, 8, 12, 0),
	gsSP2Triangles(11, 9, 8, 0, 8, 13, 12, 0),
	gsSP2Triangles(10, 13, 8, 0, 12, 13, 10, 0),
	gsSPEndDisplayList(),
};

Vtx gScissorsBeetleSkel_head_mesh_layer_Opaque_vtx_2[59] = {
	{{ {-33, 106, -107}, 0, {301, 771}, {255, 255, 255, 255} }},
	{{ {-30, 115, -90}, 0, {-62, 850}, {255, 255, 255, 255} }},
	{{ {-20, 106, -90}, 0, {172, 1157}, {255, 255, 255, 255} }},
	{{ {-40, 114, -100}, 0, {190, 666}, {255, 255, 255, 255} }},
	{{ {-57, 103, -106}, 0, {348, 529}, {255, 255, 255, 255} }},
	{{ {-44, 90, -112}, 0, {470, 634}, {255, 255, 255, 255} }},
	{{ {-31, 84, -108}, 0, {553, 759}, {255, 255, 255, 255} }},
	{{ {-21, 93, -102}, 0, {476, 937}, {255, 255, 255, 255} }},
	{{ {-17, 95, -91}, 0, {477, 1190}, {255, 255, 255, 255} }},
	{{ {-19, 79, -85}, 0, {912, 1123}, {255, 255, 255, 255} }},
	{{ {-27, 76, -100}, 0, {706, 802}, {255, 255, 255, 255} }},
	{{ {-30, 69, -86}, 0, {1025, 710}, {255, 255, 255, 255} }},
	{{ {-42, 66, -90}, 0, {817, 515}, {255, 255, 255, 255} }},
	{{ {-45, 69, -71}, 0, {1025, 143}, {255, 255, 255, 255} }},
	{{ {-55, 69, -88}, 0, {700, 382}, {255, 255, 255, 255} }},
	{{ {-63, 79, -75}, 0, {585, 199}, {255, 255, 255, 255} }},
	{{ {-51, 80, -64}, 0, {701, -134}, {255, 255, 255, 255} }},
	{{ {-67, 93, -74}, 0, {405, 180}, {255, 255, 255, 255} }},
	{{ {-51, 97, -61}, 0, {220, -198}, {255, 255, 255, 255} }},
	{{ {-58, 107, -69}, 0, {159, 124}, {255, 255, 255, 255} }},
	{{ {-46, 116, -72}, 0, {-173, 220}, {255, 255, 255, 255} }},
	{{ {-64, 108, -86}, 0, {252, 350}, {255, 255, 255, 255} }},
	{{ {-49, 118, -92}, 0, {128, 527}, {255, 255, 255, 255} }},
	{{ {-67, 95, -94}, 0, {401, 391}, {255, 255, 255, 255} }},
	{{ {-59, 82, -104}, 0, {515, 492}, {255, 255, 255, 255} }},
	{{ {-45, 75, -105}, 0, {615, 590}, {255, 255, 255, 255} }},
	{{ {-67, 82, -88}, 0, {518, 331}, {255, 255, 255, 255} }},
	{{ {-33, 106, 108}, 0, {301, 771}, {255, 255, 255, 255} }},
	{{ {-20, 106, 92}, 0, {172, 1157}, {255, 255, 255, 255} }},
	{{ {-30, 115, 92}, 0, {-62, 850}, {255, 255, 255, 255} }},
	{{ {-21, 93, 104}, 0, {476, 937}, {255, 255, 255, 255} }},
	{{ {-31, 84, 110}, 0, {553, 759}, {255, 255, 255, 255} }},
	{{ {-44, 90, 113}, 0, {470, 634}, {255, 255, 255, 255} }},
	{{ {-31, 84, 110}, 0, {553, 759}, {255, 255, 255, 255} }},
	{{ {-33, 106, 108}, 0, {301, 771}, {255, 255, 255, 255} }},
	{{ {-57, 103, 107}, 0, {348, 529}, {255, 255, 255, 255} }},
	{{ {-40, 114, 102}, 0, {190, 666}, {255, 255, 255, 255} }},
	{{ {-30, 115, 92}, 0, {-62, 850}, {255, 255, 255, 255} }},
	{{ {-49, 118, 94}, 0, {128, 527}, {255, 255, 255, 255} }},
	{{ {-46, 116, 74}, 0, {-173, 220}, {255, 255, 255, 255} }},
	{{ {-64, 108, 87}, 0, {252, 350}, {255, 255, 255, 255} }},
	{{ {-58, 107, 70}, 0, {159, 124}, {255, 255, 255, 255} }},
	{{ {-51, 97, 62}, 0, {220, -198}, {255, 255, 255, 255} }},
	{{ {-67, 93, 76}, 0, {405, 180}, {255, 255, 255, 255} }},
	{{ {-51, 80, 65}, 0, {701, -134}, {255, 255, 255, 255} }},
	{{ {-63, 79, 77}, 0, {585, 199}, {255, 255, 255, 255} }},
	{{ {-45, 69, 73}, 0, {1025, 143}, {255, 255, 255, 255} }},
	{{ {-55, 69, 90}, 0, {700, 382}, {255, 255, 255, 255} }},
	{{ {-42, 66, 92}, 0, {817, 515}, {255, 255, 255, 255} }},
	{{ {-30, 69, 88}, 0, {1025, 710}, {255, 255, 255, 255} }},
	{{ {-27, 76, 102}, 0, {706, 802}, {255, 255, 255, 255} }},
	{{ {-19, 79, 87}, 0, {912, 1123}, {255, 255, 255, 255} }},
	{{ {-21, 93, 104}, 0, {476, 937}, {255, 255, 255, 255} }},
	{{ {-17, 95, 92}, 0, {477, 1190}, {255, 255, 255, 255} }},
	{{ {-20, 106, 92}, 0, {172, 1157}, {255, 255, 255, 255} }},
	{{ {-45, 75, 107}, 0, {615, 590}, {255, 255, 255, 255} }},
	{{ {-59, 82, 106}, 0, {515, 492}, {255, 255, 255, 255} }},
	{{ {-67, 95, 96}, 0, {401, 391}, {255, 255, 255, 255} }},
	{{ {-67, 82, 89}, 0, {518, 331}, {255, 255, 255, 255} }},
};

Gfx gScissorsBeetleSkel_head_mesh_layer_Opaque_tri_2[] = {
	gsSPVertex(gScissorsBeetleSkel_head_mesh_layer_Opaque_vtx_2 + 0, 32, 0),
	gsSP2Triangles(0, 1, 2, 0, 3, 1, 0, 0),
	gsSP2Triangles(4, 3, 0, 0, 4, 0, 5, 0),
	gsSP2Triangles(5, 0, 6, 0, 7, 6, 0, 0),
	gsSP2Triangles(0, 2, 7, 0, 8, 7, 2, 0),
	gsSP2Triangles(8, 9, 7, 0, 10, 7, 9, 0),
	gsSP2Triangles(9, 11, 10, 0, 12, 10, 11, 0),
	gsSP2Triangles(13, 12, 11, 0, 12, 13, 14, 0),
	gsSP2Triangles(13, 15, 14, 0, 16, 15, 13, 0),
	gsSP2Triangles(16, 17, 15, 0, 17, 16, 18, 0),
	gsSP2Triangles(17, 18, 19, 0, 19, 18, 20, 0),
	gsSP2Triangles(20, 21, 19, 0, 22, 21, 20, 0),
	gsSP2Triangles(1, 22, 20, 0, 3, 22, 1, 0),
	gsSP2Triangles(3, 4, 22, 0, 22, 4, 21, 0),
	gsSP2Triangles(4, 23, 21, 0, 24, 23, 4, 0),
	gsSP2Triangles(24, 4, 5, 0, 25, 24, 5, 0),
	gsSP2Triangles(25, 5, 6, 0, 25, 6, 10, 0),
	gsSP2Triangles(10, 6, 7, 0, 12, 25, 10, 0),
	gsSP2Triangles(25, 12, 14, 0, 25, 14, 24, 0),
	gsSP2Triangles(14, 26, 24, 0, 15, 26, 14, 0),
	gsSP2Triangles(17, 26, 15, 0, 23, 26, 17, 0),
	gsSP2Triangles(23, 17, 21, 0, 19, 21, 17, 0),
	gsSP2Triangles(24, 26, 23, 0, 27, 28, 29, 0),
	gsSP2Triangles(27, 30, 28, 0, 30, 27, 31, 0),
	gsSPVertex(gScissorsBeetleSkel_head_mesh_layer_Opaque_vtx_2 + 32, 27, 0),
	gsSP2Triangles(0, 1, 2, 0, 3, 0, 2, 0),
	gsSP2Triangles(3, 2, 4, 0, 4, 2, 5, 0),
	gsSP2Triangles(4, 5, 6, 0, 5, 7, 6, 0),
	gsSP2Triangles(6, 7, 8, 0, 7, 9, 8, 0),
	gsSP2Triangles(9, 7, 10, 0, 11, 9, 10, 0),
	gsSP2Triangles(11, 10, 12, 0, 12, 13, 11, 0),
	gsSP2Triangles(12, 14, 13, 0, 14, 15, 13, 0),
	gsSP2Triangles(16, 15, 14, 0, 14, 17, 16, 0),
	gsSP2Triangles(16, 17, 18, 0, 19, 18, 17, 0),
	gsSP2Triangles(18, 19, 20, 0, 21, 20, 19, 0),
	gsSP2Triangles(21, 22, 20, 0, 18, 20, 1, 0),
	gsSP2Triangles(23, 18, 1, 0, 23, 1, 0, 0),
	gsSP2Triangles(23, 0, 24, 0, 24, 0, 3, 0),
	gsSP2Triangles(24, 3, 25, 0, 3, 8, 25, 0),
	gsSP2Triangles(6, 8, 3, 0, 4, 6, 3, 0),
	gsSP2Triangles(25, 8, 11, 0, 9, 11, 8, 0),
	gsSP2Triangles(25, 11, 26, 0, 11, 13, 26, 0),
	gsSP2Triangles(13, 15, 26, 0, 15, 24, 26, 0),
	gsSP2Triangles(23, 24, 15, 0, 23, 15, 16, 0),
	gsSP2Triangles(16, 18, 23, 0, 24, 25, 26, 0),
	gsSPEndDisplayList(),
};

Vtx gScissorsBeetleSkel_pincer_l_mesh_layer_Opaque_vtx_0[322] = {
	{{ {45, 224, 286}, 0, {496, 861}, {2, 197, 112, 255} }},
	{{ {67, 273, 215}, 0, {132, 497}, {123, 22, 23, 255} }},
	{{ {48, 287, 242}, 0, {496, 497}, {11, 87, 92, 255} }},
	{{ {45, 224, 286}, 0, {848, 868}, {2, 197, 112, 255} }},
	{{ {48, 287, 242}, 0, {848, 170}, {11, 87, 92, 255} }},
	{{ {13, 275, 200}, 0, {150, 170}, {143, 40, 41, 255} }},
	{{ {67, 273, 215}, 0, {132, 130}, {123, 22, 23, 255} }},
	{{ {45, 224, 286}, 0, {496, 495}, {2, 197, 112, 255} }},
	{{ {64, 242, 220}, 0, {496, 130}, {107, 187, 2, 255} }},
	{{ {64, 242, 220}, 0, {848, 170}, {107, 187, 2, 255} }},
	{{ {45, 224, 286}, 0, {848, 518}, {2, 197, 112, 255} }},
	{{ {36, 238, 174}, 0, {150, 170}, {239, 131, 13, 255} }},
	{{ {36, 238, 174}, 0, {847, 519}, {239, 131, 13, 255} }},
	{{ {45, 224, 286}, 0, {149, 171}, {2, 197, 112, 255} }},
	{{ {12, 251, 204}, 0, {149, 519}, {141, 207, 24, 255} }},
	{{ {38, 171, 41}, 0, {863, 130}, {123, 227, 12, 255} }},
	{{ {28, 83, 21}, 0, {863, 495}, {99, 79, 250, 255} }},
	{{ {32, 182, -32}, 0, {132, 130}, {112, 249, 197, 255} }},
	{{ {38, 171, 41}, 0, {848, 518}, {123, 227, 12, 255} }},
	{{ {11, 94, 45}, 0, {848, 170}, {77, 84, 56, 255} }},
	{{ {28, 83, 21}, 0, {150, 170}, {99, 79, 250, 255} }},
	{{ {11, 94, 45}, 0, {383, 404}, {77, 84, 56, 255} }},
	{{ {45, 79, 30}, 0, {614, 635}, {117, 40, 31, 255} }},
	{{ {28, 83, 21}, 0, {383, 635}, {99, 79, 250, 255} }},
	{{ {23, 77, -20}, 0, {848, 868}, {90, 79, 213, 255} }},
	{{ {28, 83, 21}, 0, {848, 637}, {99, 79, 250, 255} }},
	{{ {45, 79, 30}, 0, {617, 637}, {117, 40, 31, 255} }},
	{{ {23, 77, -20}, 0, {381, 637}, {90, 79, 213, 255} }},
	{{ {45, 79, 30}, 0, {381, 868}, {117, 40, 31, 255} }},
	{{ {37, 70, -38}, 0, {150, 637}, {108, 35, 199, 255} }},
	{{ {-2, 81, -47}, 0, {381, 635}, {33, 108, 197, 255} }},
	{{ {23, 77, -20}, 0, {381, 403}, {90, 79, 213, 255} }},
	{{ {37, 70, -38}, 0, {150, 403}, {108, 35, 199, 255} }},
	{{ {45, 348, 152}, 0, {848, 868}, {10, 122, 33, 255} }},
	{{ {13, 275, 200}, 0, {848, 520}, {143, 40, 41, 255} }},
	{{ {48, 287, 242}, 0, {150, 520}, {11, 87, 92, 255} }},
	{{ {67, 273, 215}, 0, {863, 497}, {123, 22, 23, 255} }},
	{{ {45, 348, 152}, 0, {863, 861}, {10, 122, 33, 255} }},
	{{ {48, 287, 242}, 0, {498, 497}, {11, 87, 92, 255} }},
	{{ {41, 261, -14}, 0, {863, 861}, {112, 15, 199, 255} }},
	{{ {31, 337, 30}, 0, {132, 130}, {0, 114, 201, 255} }},
	{{ {52, 314, 40}, 0, {863, 130}, {116, 39, 222, 255} }},
	{{ {64, 324, 140}, 0, {863, 130}, {120, 42, 255, 255} }},
	{{ {31, 337, 30}, 0, {863, 495}, {0, 114, 201, 255} }},
	{{ {45, 348, 152}, 0, {132, 130}, {10, 122, 33, 255} }},
	{{ {31, 337, 30}, 0, {150, 170}, {0, 114, 201, 255} }},
	{{ {-8, 264, 8}, 0, {848, 518}, {136, 35, 231, 255} }},
	{{ {1, 309, 54}, 0, {848, 170}, {142, 56, 249, 255} }},
	{{ {41, 261, -14}, 0, {131, 862}, {112, 15, 199, 255} }},
	{{ {17, 272, -36}, 0, {862, 862}, {243, 60, 145, 255} }},
	{{ {31, 337, 30}, 0, {131, 131}, {0, 114, 201, 255} }},
	{{ {64, 324, 140}, 0, {131, 131}, {120, 42, 255, 255} }},
	{{ {52, 314, 40}, 0, {131, 495}, {116, 39, 222, 255} }},
	{{ {31, 337, 30}, 0, {862, 495}, {0, 114, 201, 255} }},
	{{ {31, 337, 30}, 0, {149, 171}, {0, 114, 201, 255} }},
	{{ {17, 272, -36}, 0, {847, 519}, {243, 60, 145, 255} }},
	{{ {-8, 264, 8}, 0, {149, 519}, {136, 35, 231, 255} }},
	{{ {31, 337, 30}, 0, {847, 519}, {0, 114, 201, 255} }},
	{{ {1, 309, 54}, 0, {149, 519}, {142, 56, 249, 255} }},
	{{ {11, 317, 137}, 0, {149, 171}, {145, 59, 21, 255} }},
	{{ {67, 273, 215}, 0, {498, 497}, {123, 22, 23, 255} }},
	{{ {64, 324, 140}, 0, {498, 862}, {120, 42, 255, 255} }},
	{{ {45, 348, 152}, 0, {862, 862}, {10, 122, 33, 255} }},
	{{ {46, 198, 92}, 0, {848, 868}, {94, 187, 51, 255} }},
	{{ {22, 170, 74}, 0, {848, 520}, {11, 185, 104, 255} }},
	{{ {38, 171, 41}, 0, {150, 520}, {123, 227, 12, 255} }},
	{{ {32, 182, -32}, 0, {131, 862}, {112, 249, 197, 255} }},
	{{ {41, 261, -14}, 0, {131, 497}, {112, 15, 199, 255} }},
	{{ {38, 171, 41}, 0, {862, 862}, {123, 227, 12, 255} }},
	{{ {46, 198, 92}, 0, {862, 495}, {94, 187, 51, 255} }},
	{{ {38, 171, 41}, 0, {131, 495}, {123, 227, 12, 255} }},
	{{ {41, 261, -14}, 0, {131, 131}, {112, 15, 199, 255} }},
	{{ {38, 171, 41}, 0, {753, 822}, {123, 227, 12, 255} }},
	{{ {22, 170, 74}, 0, {243, 822}, {11, 185, 104, 255} }},
	{{ {11, 94, 45}, 0, {243, 567}, {77, 84, 56, 255} }},
	{{ {46, 198, 92}, 0, {847, 869}, {94, 187, 51, 255} }},
	{{ {24, 197, 93}, 0, {149, 869}, {233, 172, 93, 255} }},
	{{ {22, 170, 74}, 0, {149, 521}, {11, 185, 104, 255} }},
	{{ {41, 261, -14}, 0, {131, 862}, {112, 15, 199, 255} }},
	{{ {52, 314, 40}, 0, {862, 862}, {116, 39, 222, 255} }},
	{{ {46, 198, 92}, 0, {131, 497}, {94, 187, 51, 255} }},
	{{ {46, 198, 92}, 0, {132, 130}, {94, 187, 51, 255} }},
	{{ {52, 314, 40}, 0, {863, 495}, {116, 39, 222, 255} }},
	{{ {52, 223, 119}, 0, {863, 130}, {96, 178, 28, 255} }},
	{{ {57, 238, 158}, 0, {498, 518}, {95, 172, 6, 255} }},
	{{ {32, 229, 140}, 0, {498, 170}, {239, 139, 45, 255} }},
	{{ {52, 223, 119}, 0, {150, 170}, {96, 178, 28, 255} }},
	{{ {52, 314, 40}, 0, {132, 497}, {116, 39, 222, 255} }},
	{{ {64, 324, 140}, 0, {863, 497}, {120, 42, 255, 255} }},
	{{ {52, 223, 119}, 0, {863, 861}, {96, 178, 28, 255} }},
	{{ {52, 223, 119}, 0, {847, 869}, {96, 178, 28, 255} }},
	{{ {32, 229, 140}, 0, {499, 696}, {239, 139, 45, 255} }},
	{{ {30, 225, 131}, 0, {499, 869}, {0, 224, 123, 255} }},
	{{ {64, 242, 220}, 0, {848, 868}, {107, 187, 2, 255} }},
	{{ {36, 238, 174}, 0, {848, 520}, {239, 131, 13, 255} }},
	{{ {57, 238, 158}, 0, {150, 520}, {95, 172, 6, 255} }},
	{{ {67, 273, 215}, 0, {496, 495}, {123, 22, 23, 255} }},
	{{ {64, 242, 220}, 0, {131, 495}, {107, 187, 2, 255} }},
	{{ {57, 238, 158}, 0, {131, 131}, {95, 172, 6, 255} }},
	{{ {57, 238, 158}, 0, {149, 519}, {95, 172, 6, 255} }},
	{{ {36, 238, 174}, 0, {497, 519}, {239, 131, 13, 255} }},
	{{ {32, 229, 140}, 0, {149, 171}, {239, 139, 45, 255} }},
	{{ {32, 182, -32}, 0, {863, 861}, {112, 249, 197, 255} }},
	{{ {17, 272, -36}, 0, {132, 497}, {243, 60, 145, 255} }},
	{{ {41, 261, -14}, 0, {863, 497}, {112, 15, 199, 255} }},
	{{ {32, 182, -32}, 0, {132, 130}, {112, 249, 197, 255} }},
	{{ {-2, 81, -47}, 0, {863, 495}, {33, 108, 197, 255} }},
	{{ {6, 178, -56}, 0, {863, 130}, {235, 6, 131, 255} }},
	{{ {32, 182, -32}, 0, {131, 862}, {112, 249, 197, 255} }},
	{{ {6, 178, -56}, 0, {862, 862}, {235, 6, 131, 255} }},
	{{ {17, 272, -36}, 0, {131, 497}, {243, 60, 145, 255} }},
	{{ {36, 238, 174}, 0, {149, 869}, {239, 131, 13, 255} }},
	{{ {12, 251, 204}, 0, {149, 521}, {141, 207, 24, 255} }},
	{{ {6, 245, 152}, 0, {847, 869}, {147, 198, 29, 255} }},
	{{ {32, 229, 140}, 0, {149, 869}, {239, 139, 45, 255} }},
	{{ {36, 238, 174}, 0, {149, 521}, {239, 131, 13, 255} }},
	{{ {6, 245, 152}, 0, {497, 869}, {147, 198, 29, 255} }},
	{{ {32, 229, 140}, 0, {150, 520}, {239, 139, 45, 255} }},
	{{ {6, 245, 152}, 0, {498, 520}, {147, 198, 29, 255} }},
	{{ {1, 233, 120}, 0, {498, 868}, {148, 207, 46, 255} }},
	{{ {1, 233, 120}, 0, {500, 695}, {148, 207, 46, 255} }},
	{{ {30, 225, 131}, 0, {848, 695}, {0, 224, 123, 255} }},
	{{ {32, 229, 140}, 0, {848, 868}, {239, 139, 45, 255} }},
	{{ {24, 197, 93}, 0, {150, 170}, {233, 172, 93, 255} }},
	{{ {-7, 189, 56}, 0, {848, 518}, {140, 242, 49, 255} }},
	{{ {22, 170, 74}, 0, {848, 170}, {11, 185, 104, 255} }},
	{{ {24, 197, 93}, 0, {847, 519}, {233, 172, 93, 255} }},
	{{ {-4, 212, 97}, 0, {149, 519}, {156, 202, 57, 255} }},
	{{ {-7, 189, 56}, 0, {149, 171}, {140, 242, 49, 255} }},
	{{ {22, 170, 74}, 0, {848, 868}, {11, 185, 104, 255} }},
	{{ {-17, 101, 42}, 0, {150, 520}, {221, 117, 35, 255} }},
	{{ {11, 94, 45}, 0, {848, 520}, {77, 84, 56, 255} }},
	{{ {22, 170, 74}, 0, {149, 519}, {11, 185, 104, 255} }},
	{{ {-7, 189, 56}, 0, {847, 519}, {140, 242, 49, 255} }},
	{{ {-17, 101, 42}, 0, {149, 171}, {221, 117, 35, 255} }},
	{{ {-17, 101, 42}, 0, {615, 635}, {221, 117, 35, 255} }},
	{{ {12, 97, 67}, 0, {383, 403}, {50, 60, 100, 255} }},
	{{ {11, 94, 45}, 0, {615, 403}, {77, 84, 56, 255} }},
	{{ {11, 94, 45}, 0, {616, 869}, {77, 84, 56, 255} }},
	{{ {12, 97, 67}, 0, {847, 869}, {50, 60, 100, 255} }},
	{{ {45, 79, 30}, 0, {616, 637}, {117, 40, 31, 255} }},
	{{ {-2, 81, -47}, 0, {615, 637}, {33, 108, 197, 255} }},
	{{ {37, 70, -38}, 0, {615, 868}, {108, 35, 199, 255} }},
	{{ {-5, 77, -76}, 0, {383, 637}, {241, 41, 137, 255} }},
	{{ {-2, 81, -47}, 0, {149, 171}, {33, 108, 197, 255} }},
	{{ {-42, 101, 4}, 0, {381, 402}, {166, 84, 227, 255} }},
	{{ {-24, 96, 6}, 0, {149, 402}, {198, 109, 226, 255} }},
	{{ {6, 178, -56}, 0, {149, 171}, {235, 6, 131, 255} }},
	{{ {-2, 81, -47}, 0, {149, 519}, {33, 108, 197, 255} }},
	{{ {-24, 96, 6}, 0, {847, 519}, {198, 109, 226, 255} }},
	{{ {-2, 81, -47}, 0, {149, 869}, {33, 108, 197, 255} }},
	{{ {-5, 77, -76}, 0, {381, 869}, {241, 41, 137, 255} }},
	{{ {-42, 101, 4}, 0, {149, 637}, {166, 84, 227, 255} }},
	{{ {17, 272, -36}, 0, {150, 520}, {243, 60, 145, 255} }},
	{{ {-16, 199, -6}, 0, {848, 868}, {132, 15, 233, 255} }},
	{{ {-8, 264, 8}, 0, {848, 520}, {136, 35, 231, 255} }},
	{{ {17, 272, -36}, 0, {149, 171}, {243, 60, 145, 255} }},
	{{ {6, 178, -56}, 0, {847, 519}, {235, 6, 131, 255} }},
	{{ {-16, 199, -6}, 0, {149, 519}, {132, 15, 233, 255} }},
	{{ {6, 178, -56}, 0, {150, 170}, {235, 6, 131, 255} }},
	{{ {-24, 96, 6}, 0, {848, 518}, {198, 109, 226, 255} }},
	{{ {-16, 199, -6}, 0, {848, 170}, {132, 15, 233, 255} }},
	{{ {11, 317, 137}, 0, {848, 520}, {145, 59, 21, 255} }},
	{{ {1, 309, 54}, 0, {150, 520}, {142, 56, 249, 255} }},
	{{ {1, 233, 120}, 0, {848, 868}, {148, 207, 46, 255} }},
	{{ {1, 309, 54}, 0, {149, 521}, {142, 56, 249, 255} }},
	{{ {-4, 212, 97}, 0, {847, 869}, {156, 202, 57, 255} }},
	{{ {1, 233, 120}, 0, {149, 869}, {148, 207, 46, 255} }},
	{{ {11, 317, 137}, 0, {149, 521}, {145, 59, 21, 255} }},
	{{ {1, 233, 120}, 0, {847, 869}, {148, 207, 46, 255} }},
	{{ {6, 245, 152}, 0, {149, 869}, {147, 198, 29, 255} }},
	{{ {13, 275, 200}, 0, {847, 519}, {143, 40, 41, 255} }},
	{{ {11, 317, 137}, 0, {149, 171}, {145, 59, 21, 255} }},
	{{ {6, 245, 152}, 0, {149, 519}, {147, 198, 29, 255} }},
	{{ {-4, 212, 97}, 0, {848, 868}, {156, 202, 57, 255} }},
	{{ {-7, 189, 56}, 0, {848, 170}, {140, 242, 49, 255} }},
	{{ {-4, 212, 97}, 0, {150, 170}, {156, 202, 57, 255} }},
	{{ {-8, 264, 8}, 0, {848, 518}, {136, 35, 231, 255} }},
	{{ {-8, 264, 8}, 0, {149, 521}, {136, 35, 231, 255} }},
	{{ {-16, 199, -6}, 0, {149, 869}, {132, 15, 233, 255} }},
	{{ {-7, 189, 56}, 0, {847, 869}, {140, 242, 49, 255} }},
	{{ {-16, 199, -6}, 0, {847, 869}, {132, 15, 233, 255} }},
	{{ {-17, 101, 42}, 0, {149, 521}, {221, 117, 35, 255} }},
	{{ {-7, 189, 56}, 0, {149, 869}, {140, 242, 49, 255} }},
	{{ {-17, 101, 42}, 0, {381, 170}, {221, 117, 35, 255} }},
	{{ {-42, 101, 4}, 0, {381, 401}, {166, 84, 227, 255} }},
	{{ {-35, 109, 61}, 0, {150, 170}, {190, 77, 76, 255} }},
	{{ {-16, 199, -6}, 0, {848, 868}, {132, 15, 233, 255} }},
	{{ {-24, 96, 6}, 0, {848, 520}, {198, 109, 226, 255} }},
	{{ {-17, 101, 42}, 0, {150, 520}, {221, 117, 35, 255} }},
	{{ {-17, 101, 42}, 0, {383, 869}, {221, 117, 35, 255} }},
	{{ {-35, 109, 61}, 0, {614, 869}, {190, 77, 76, 255} }},
	{{ {12, 97, 67}, 0, {383, 637}, {50, 60, 100, 255} }},
	{{ {-17, 101, 42}, 0, {149, 404}, {221, 117, 35, 255} }},
	{{ {-24, 96, 6}, 0, {149, 635}, {198, 109, 226, 255} }},
	{{ {-42, 101, 4}, 0, {381, 635}, {166, 84, 227, 255} }},
	{{ {37, 70, -38}, 0, {862, 495}, {108, 35, 199, 255} }},
	{{ {45, 79, 30}, 0, {131, 495}, {117, 40, 31, 255} }},
	{{ {14, 6, 17}, 0, {131, 131}, {82, 169, 44, 255} }},
	{{ {45, 79, 30}, 0, {499, 869}, {117, 40, 31, 255} }},
	{{ {12, 97, 67}, 0, {847, 869}, {50, 60, 100, 255} }},
	{{ {-1, 14, 34}, 0, {499, 521}, {17, 181, 101, 255} }},
	{{ {37, 70, -38}, 0, {138, 854}, {108, 35, 199, 255} }},
	{{ {-9, 5, -34}, 0, {138, 139}, {222, 170, 169, 255} }},
	{{ {-5, 77, -76}, 0, {853, 854}, {241, 41, 137, 255} }},
	{{ {37, 70, -38}, 0, {863, 495}, {108, 35, 199, 255} }},
	{{ {14, 6, 17}, 0, {132, 130}, {82, 169, 44, 255} }},
	{{ {10, 2, -14}, 0, {863, 130}, {78, 162, 221, 255} }},
	{{ {37, 70, -38}, 0, {131, 497}, {108, 35, 199, 255} }},
	{{ {10, 2, -14}, 0, {131, 862}, {78, 162, 221, 255} }},
	{{ {-9, 5, -34}, 0, {862, 862}, {222, 170, 169, 255} }},
	{{ {12, 97, 67}, 0, {498, 868}, {50, 60, 100, 255} }},
	{{ {-23, 20, 31}, 0, {150, 520}, {172, 197, 74, 255} }},
	{{ {-1, 14, 34}, 0, {498, 520}, {17, 181, 101, 255} }},
	{{ {12, 97, 67}, 0, {149, 869}, {50, 60, 100, 255} }},
	{{ {-35, 109, 61}, 0, {497, 869}, {190, 77, 76, 255} }},
	{{ {-23, 20, 31}, 0, {149, 521}, {172, 197, 74, 255} }},
	{{ {-5, 77, -76}, 0, {149, 521}, {241, 41, 137, 255} }},
	{{ {-26, 16, 5}, 0, {847, 869}, {137, 213, 247, 255} }},
	{{ {-42, 101, 4}, 0, {149, 869}, {166, 84, 227, 255} }},
	{{ {-5, 77, -76}, 0, {149, 171}, {241, 41, 137, 255} }},
	{{ {-9, 5, -34}, 0, {149, 519}, {222, 170, 169, 255} }},
	{{ {-26, 16, 5}, 0, {847, 519}, {137, 213, 247, 255} }},
	{{ {-42, 101, 4}, 0, {848, 520}, {166, 84, 227, 255} }},
	{{ {-23, 20, 31}, 0, {848, 868}, {172, 197, 74, 255} }},
	{{ {-35, 109, 61}, 0, {500, 520}, {190, 77, 76, 255} }},
	{{ {-42, 101, 4}, 0, {848, 518}, {166, 84, 227, 255} }},
	{{ {-26, 16, 5}, 0, {848, 170}, {137, 213, 247, 255} }},
	{{ {-23, 20, 31}, 0, {150, 170}, {172, 197, 74, 255} }},
	{{ {-12, -6, 5}, 0, {253, 661}, {216, 136, 15, 255} }},
	{{ {10, 2, -14}, 0, {131, 862}, {78, 162, 221, 255} }},
	{{ {14, 6, 17}, 0, {497, 519}, {82, 169, 44, 255} }},
	{{ {-12, -6, 5}, 0, {272, 551}, {216, 136, 15, 255} }},
	{{ {-12, -6, 5}, 0, {301, 466}, {216, 136, 15, 255} }},
	{{ {-12, -6, 5}, 0, {559, 350}, {216, 136, 15, 255} }},
	{{ {-12, -6, 5}, 0, {271, 500}, {216, 136, 15, 255} }},
	{{ {-1, 14, 34}, 0, {149, 519}, {17, 181, 101, 255} }},
	{{ {40, 203, 98}, 0, {498, 868}, {39, 147, 51, 255} }},
	{{ {44, 196, 146}, 0, {150, 520}, {121, 20, 33, 255} }},
	{{ {41, 173, 135}, 0, {498, 520}, {78, 158, 235, 255} }},
	{{ {40, 203, 98}, 0, {497, 869}, {39, 147, 51, 255} }},
	{{ {44, 221, 117}, 0, {149, 869}, {73, 180, 71, 255} }},
	{{ {44, 196, 146}, 0, {149, 521}, {121, 20, 33, 255} }},
	{{ {24, 202, 99}, 0, {847, 519}, {227, 133, 14, 255} }},
	{{ {40, 203, 98}, 0, {499, 519}, {39, 147, 51, 255} }},
	{{ {41, 173, 135}, 0, {499, 171}, {78, 158, 235, 255} }},
	{{ {30, 225, 131}, 0, {498, 170}, {0, 224, 123, 255} }},
	{{ {44, 196, 146}, 0, {498, 518}, {121, 20, 33, 255} }},
	{{ {44, 221, 117}, 0, {150, 170}, {73, 180, 71, 255} }},
	{{ {30, 225, 131}, 0, {848, 518}, {0, 224, 123, 255} }},
	{{ {9, 202, 145}, 0, {150, 170}, {153, 45, 59, 255} }},
	{{ {31, 205, 158}, 0, {848, 170}, {23, 97, 78, 255} }},
	{{ {30, 225, 131}, 0, {149, 171}, {0, 224, 123, 255} }},
	{{ {31, 205, 158}, 0, {149, 519}, {23, 97, 78, 255} }},
	{{ {44, 196, 146}, 0, {497, 519}, {121, 20, 33, 255} }},
	{{ {30, 225, 131}, 0, {149, 519}, {0, 224, 123, 255} }},
	{{ {8, 228, 117}, 0, {847, 519}, {174, 201, 80, 255} }},
	{{ {9, 202, 145}, 0, {149, 171}, {153, 45, 59, 255} }},
	{{ {24, 202, 99}, 0, {848, 520}, {227, 133, 14, 255} }},
	{{ {6, 182, 136}, 0, {848, 868}, {150, 186, 251, 255} }},
	{{ {5, 213, 101}, 0, {500, 520}, {183, 170, 58, 255} }},
	{{ {24, 202, 99}, 0, {848, 518}, {227, 133, 14, 255} }},
	{{ {41, 173, 135}, 0, {500, 170}, {78, 158, 235, 255} }},
	{{ {25, 172, 137}, 0, {848, 170}, {230, 133, 236, 255} }},
	{{ {24, 202, 99}, 0, {499, 521}, {227, 133, 14, 255} }},
	{{ {25, 172, 137}, 0, {847, 869}, {230, 133, 236, 255} }},
	{{ {6, 182, 136}, 0, {499, 869}, {150, 186, 251, 255} }},
	{{ {5, 213, 101}, 0, {150, 520}, {183, 170, 58, 255} }},
	{{ {9, 202, 145}, 0, {848, 868}, {153, 45, 59, 255} }},
	{{ {8, 228, 117}, 0, {848, 520}, {174, 201, 80, 255} }},
	{{ {5, 213, 101}, 0, {149, 521}, {183, 170, 58, 255} }},
	{{ {6, 182, 136}, 0, {847, 869}, {150, 186, 251, 255} }},
	{{ {9, 202, 145}, 0, {149, 869}, {153, 45, 59, 255} }},
	{{ {25, 172, 137}, 0, {498, 170}, {230, 133, 236, 255} }},
	{{ {41, 173, 135}, 0, {150, 170}, {78, 158, 235, 255} }},
	{{ {30, 184, 182}, 0, {498, 518}, {8, 231, 124, 255} }},
	{{ {41, 173, 135}, 0, {847, 869}, {78, 158, 235, 255} }},
	{{ {44, 196, 146}, 0, {499, 869}, {121, 20, 33, 255} }},
	{{ {30, 184, 182}, 0, {499, 521}, {8, 231, 124, 255} }},
	{{ {44, 196, 146}, 0, {497, 869}, {121, 20, 33, 255} }},
	{{ {31, 205, 158}, 0, {149, 869}, {23, 97, 78, 255} }},
	{{ {30, 184, 182}, 0, {149, 521}, {8, 231, 124, 255} }},
	{{ {31, 205, 158}, 0, {498, 520}, {23, 97, 78, 255} }},
	{{ {9, 202, 145}, 0, {150, 520}, {153, 45, 59, 255} }},
	{{ {30, 184, 182}, 0, {498, 868}, {8, 231, 124, 255} }},
	{{ {6, 182, 136}, 0, {497, 519}, {150, 186, 251, 255} }},
	{{ {25, 172, 137}, 0, {149, 519}, {230, 133, 236, 255} }},
	{{ {30, 184, 182}, 0, {149, 171}, {8, 231, 124, 255} }},
	{{ {9, 202, 145}, 0, {848, 520}, {153, 45, 59, 255} }},
	{{ {6, 182, 136}, 0, {500, 520}, {150, 186, 251, 255} }},
	{{ {30, 184, 182}, 0, {848, 868}, {8, 231, 124, 255} }},
	{{ {12, 251, 204}, 0, {149, 869}, {141, 207, 24, 255} }},
	{{ {45, 224, 286}, 0, {149, 171}, {2, 197, 112, 255} }},
	{{ {13, 275, 200}, 0, {847, 869}, {143, 40, 41, 255} }},
	{{ {6, 245, 152}, 0, {149, 521}, {147, 198, 29, 255} }},
	{{ {28, 83, 21}, 0, {862, 495}, {99, 79, 250, 255} }},
	{{ {23, 77, -20}, 0, {131, 495}, {90, 79, 213, 255} }},
	{{ {32, 182, -32}, 0, {131, 131}, {112, 249, 197, 255} }},
	{{ {-2, 81, -47}, 0, {862, 495}, {33, 108, 197, 255} }},
	{{ {31, 337, 30}, 0, {848, 518}, {0, 114, 201, 255} }},
	{{ {11, 317, 137}, 0, {848, 170}, {145, 59, 21, 255} }},
	{{ {45, 348, 152}, 0, {150, 170}, {10, 122, 33, 255} }},
	{{ {13, 275, 200}, 0, {848, 518}, {143, 40, 41, 255} }},
	{{ {52, 223, 119}, 0, {343, 596}, {96, 178, 28, 255} }},
	{{ {30, 225, 131}, 0, {302, 603}, {0, 224, 123, 255} }},
	{{ {44, 221, 117}, 0, {350, 598}, {73, 180, 71, 255} }},
	{{ {40, 203, 98}, 0, {417, 575}, {39, 147, 51, 255} }},
	{{ {46, 198, 92}, 0, {439, 563}, {94, 187, 51, 255} }},
	{{ {24, 197, 93}, 0, {430, 572}, {233, 172, 93, 255} }},
	{{ {24, 202, 99}, 0, {410, 582}, {227, 133, 14, 255} }},
	{{ {5, 213, 101}, 0, {386, 619}, {183, 170, 58, 255} }},
	{{ {-4, 212, 97}, 0, {395, 626}, {156, 202, 57, 255} }},
	{{ {1, 233, 120}, 0, {312, 655}, {148, 207, 46, 255} }},
	{{ {8, 228, 117}, 0, {328, 639}, {174, 201, 80, 255} }},
	{{ {52, 223, 119}, 0, {862, 862}, {96, 178, 28, 255} }},
	{{ {64, 324, 140}, 0, {131, 497}, {120, 42, 255, 255} }},
	{{ {57, 238, 158}, 0, {131, 862}, {95, 172, 6, 255} }},
	{{ {67, 273, 215}, 0, {496, 862}, {123, 22, 23, 255} }},
	{{ {45, 79, 30}, 0, {149, 171}, {117, 40, 31, 255} }},
	{{ {-1, 14, 34}, 0, {149, 519}, {17, 181, 101, 255} }},
	{{ {14, 6, 17}, 0, {497, 519}, {82, 169, 44, 255} }},
	{{ {-12, -6, 5}, 0, {389, 532}, {216, 136, 15, 255} }},
};

Gfx gScissorsBeetleSkel_pincer_l_mesh_layer_Opaque_tri_0[] = {
	gsSPVertex(gScissorsBeetleSkel_pincer_l_mesh_layer_Opaque_vtx_0 + 0, 30, 0),
	gsSP2Triangles(0, 1, 2, 0, 3, 4, 5, 0),
	gsSP2Triangles(6, 7, 8, 0, 9, 10, 11, 0),
	gsSP2Triangles(12, 13, 14, 0, 15, 16, 17, 0),
	gsSP2Triangles(18, 19, 20, 0, 21, 22, 23, 0),
	gsSP2Triangles(24, 25, 26, 0, 27, 28, 29, 0),
	gsSPVertex(gScissorsBeetleSkel_pincer_l_mesh_layer_Opaque_vtx_0 + 30, 30, 0),
	gsSP2Triangles(0, 1, 2, 0, 3, 4, 5, 0),
	gsSP2Triangles(6, 7, 8, 0, 9, 10, 11, 0),
	gsSP2Triangles(12, 13, 14, 0, 15, 16, 17, 0),
	gsSP2Triangles(18, 19, 20, 0, 21, 22, 23, 0),
	gsSP2Triangles(24, 25, 26, 0, 27, 28, 29, 0),
	gsSPVertex(gScissorsBeetleSkel_pincer_l_mesh_layer_Opaque_vtx_0 + 60, 30, 0),
	gsSP2Triangles(0, 1, 2, 0, 3, 4, 5, 0),
	gsSP2Triangles(6, 7, 8, 0, 9, 10, 11, 0),
	gsSP2Triangles(12, 13, 14, 0, 15, 16, 17, 0),
	gsSP2Triangles(18, 19, 20, 0, 21, 22, 23, 0),
	gsSP2Triangles(24, 25, 26, 0, 27, 28, 29, 0),
	gsSPVertex(gScissorsBeetleSkel_pincer_l_mesh_layer_Opaque_vtx_0 + 90, 30, 0),
	gsSP2Triangles(0, 1, 2, 0, 3, 4, 5, 0),
	gsSP2Triangles(6, 7, 8, 0, 9, 10, 11, 0),
	gsSP2Triangles(12, 13, 14, 0, 15, 16, 17, 0),
	gsSP2Triangles(18, 19, 20, 0, 21, 22, 23, 0),
	gsSP2Triangles(24, 25, 26, 0, 27, 28, 29, 0),
	gsSPVertex(gScissorsBeetleSkel_pincer_l_mesh_layer_Opaque_vtx_0 + 120, 30, 0),
	gsSP2Triangles(0, 1, 2, 0, 3, 4, 5, 0),
	gsSP2Triangles(6, 7, 8, 0, 9, 10, 11, 0),
	gsSP2Triangles(12, 13, 14, 0, 15, 16, 17, 0),
	gsSP2Triangles(18, 19, 20, 0, 21, 22, 23, 0),
	gsSP2Triangles(24, 25, 26, 0, 27, 28, 29, 0),
	gsSPVertex(gScissorsBeetleSkel_pincer_l_mesh_layer_Opaque_vtx_0 + 150, 31, 0),
	gsSP2Triangles(0, 1, 2, 0, 3, 4, 5, 0),
	gsSP2Triangles(6, 7, 8, 0, 9, 10, 11, 0),
	gsSP2Triangles(12, 13, 14, 0, 15, 16, 17, 0),
	gsSP2Triangles(18, 19, 20, 0, 21, 22, 23, 0),
	gsSP2Triangles(13, 5, 24, 0, 25, 26, 27, 0),
	gsSP1Triangle(28, 29, 30, 0),
	gsSPVertex(gScissorsBeetleSkel_pincer_l_mesh_layer_Opaque_vtx_0 + 181, 30, 0),
	gsSP2Triangles(0, 1, 2, 0, 3, 4, 5, 0),
	gsSP2Triangles(6, 7, 8, 0, 9, 10, 11, 0),
	gsSP2Triangles(12, 13, 14, 0, 15, 16, 17, 0),
	gsSP2Triangles(18, 19, 20, 0, 21, 22, 23, 0),
	gsSP2Triangles(24, 25, 26, 0, 27, 28, 29, 0),
	gsSPVertex(gScissorsBeetleSkel_pincer_l_mesh_layer_Opaque_vtx_0 + 211, 32, 0),
	gsSP2Triangles(0, 1, 2, 0, 3, 4, 5, 0),
	gsSP2Triangles(6, 7, 8, 0, 9, 10, 11, 0),
	gsSP2Triangles(12, 13, 14, 0, 15, 16, 17, 0),
	gsSP2Triangles(18, 19, 20, 0, 21, 10, 19, 0),
	gsSP2Triangles(22, 1, 16, 0, 23, 16, 10, 0),
	gsSP2Triangles(24, 25, 1, 0, 26, 27, 28, 0),
	gsSP1Triangle(29, 30, 31, 0),
	gsSPVertex(gScissorsBeetleSkel_pincer_l_mesh_layer_Opaque_vtx_0 + 243, 30, 0),
	gsSP2Triangles(0, 1, 2, 0, 3, 4, 5, 0),
	gsSP2Triangles(6, 7, 8, 0, 9, 10, 11, 0),
	gsSP2Triangles(12, 13, 14, 0, 15, 16, 17, 0),
	gsSP2Triangles(18, 19, 20, 0, 21, 22, 23, 0),
	gsSP2Triangles(24, 25, 26, 0, 27, 28, 29, 0),
	gsSPVertex(gScissorsBeetleSkel_pincer_l_mesh_layer_Opaque_vtx_0 + 273, 30, 0),
	gsSP2Triangles(0, 1, 2, 0, 3, 4, 5, 0),
	gsSP2Triangles(6, 7, 8, 0, 9, 10, 11, 0),
	gsSP2Triangles(12, 13, 14, 0, 15, 16, 17, 0),
	gsSP2Triangles(18, 19, 20, 0, 21, 18, 20, 0),
	gsSP2Triangles(22, 23, 24, 0, 24, 23, 25, 0),
	gsSP2Triangles(26, 27, 28, 0, 28, 27, 29, 0),
	gsSPVertex(gScissorsBeetleSkel_pincer_l_mesh_layer_Opaque_vtx_0 + 303, 19, 0),
	gsSP2Triangles(0, 1, 2, 0, 0, 2, 3, 0),
	gsSP2Triangles(0, 3, 4, 0, 5, 4, 3, 0),
	gsSP2Triangles(5, 3, 6, 0, 5, 6, 7, 0),
	gsSP2Triangles(5, 7, 8, 0, 9, 8, 7, 0),
	gsSP2Triangles(9, 7, 10, 0, 9, 10, 1, 0),
	gsSP2Triangles(11, 12, 13, 0, 12, 14, 13, 0),
	gsSP2Triangles(15, 16, 17, 0, 18, 17, 16, 0),
	gsSPEndDisplayList(),
};

Vtx gScissorsBeetleSkel_pincer_r_mesh_layer_Opaque_vtx_0[322] = {
	{{ {-161, 225, -240}, 0, {496, 861}, {181, 197, 173, 255} }},
	{{ {-129, 289, -211}, 0, {496, 497}, {201, 87, 181, 255} }},
	{{ {-97, 274, -204}, 0, {132, 497}, {74, 22, 155, 255} }},
	{{ {-161, 225, -240}, 0, {848, 868}, {181, 197, 173, 255} }},
	{{ {-125, 276, -156}, 0, {150, 170}, {145, 40, 48, 255} }},
	{{ {-129, 289, -211}, 0, {848, 170}, {201, 87, 181, 255} }},
	{{ {-97, 274, -204}, 0, {132, 130}, {74, 22, 155, 255} }},
	{{ {-102, 243, -206}, 0, {496, 130}, {76, 187, 181, 255} }},
	{{ {-161, 225, -240}, 0, {496, 495}, {181, 197, 173, 255} }},
	{{ {-102, 243, -206}, 0, {848, 170}, {76, 187, 181, 255} }},
	{{ {-91, 239, -153}, 0, {150, 170}, {234, 131, 2, 255} }},
	{{ {-161, 225, -240}, 0, {848, 518}, {181, 197, 173, 255} }},
	{{ {-91, 239, -153}, 0, {847, 519}, {234, 131, 2, 255} }},
	{{ {-129, 252, -158}, 0, {149, 519}, {156, 207, 61, 255} }},
	{{ {-161, 225, -240}, 0, {149, 171}, {181, 197, 173, 255} }},
	{{ {3, 172, -57}, 0, {863, 130}, {81, 227, 163, 255} }},
	{{ {48, 184, 0}, 0, {132, 130}, {122, 249, 222, 255} }},
	{{ {8, 84, -35}, 0, {863, 495}, {76, 79, 192, 255} }},
	{{ {3, 172, -57}, 0, {848, 518}, {81, 227, 163, 255} }},
	{{ {8, 84, -35}, 0, {150, 170}, {76, 79, 192, 255} }},
	{{ {-20, 95, -42}, 0, {848, 170}, {17, 84, 162, 255} }},
	{{ {-20, 95, -42}, 0, {383, 404}, {17, 84, 162, 255} }},
	{{ {8, 84, -35}, 0, {383, 635}, {76, 79, 192, 255} }},
	{{ {15, 80, -54}, 0, {614, 635}, {64, 40, 154, 255} }},
	{{ {33, 78, -2}, 0, {848, 868}, {95, 79, 225, 255} }},
	{{ {15, 80, -54}, 0, {617, 637}, {64, 40, 154, 255} }},
	{{ {8, 84, -35}, 0, {848, 637}, {76, 79, 192, 255} }},
	{{ {33, 78, -2}, 0, {381, 637}, {95, 79, 225, 255} }},
	{{ {55, 71, 1}, 0, {150, 637}, {118, 35, 224, 255} }},
	{{ {15, 80, -54}, 0, {381, 868}, {64, 40, 154, 255} }},
	{{ {33, 82, 34}, 0, {381, 635}, {64, 108, 20, 255} }},
	{{ {55, 71, 1}, 0, {150, 403}, {118, 35, 224, 255} }},
	{{ {33, 78, -2}, 0, {381, 403}, {95, 79, 225, 255} }},
	{{ {-69, 349, -142}, 0, {848, 868}, {240, 122, 225, 255} }},
	{{ {-129, 289, -211}, 0, {150, 520}, {201, 87, 181, 255} }},
	{{ {-125, 276, -156}, 0, {848, 520}, {145, 40, 48, 255} }},
	{{ {-97, 274, -204}, 0, {863, 497}, {74, 22, 155, 255} }},
	{{ {-129, 289, -211}, 0, {498, 497}, {201, 87, 181, 255} }},
	{{ {-69, 349, -142}, 0, {863, 861}, {240, 122, 225, 255} }},
	{{ {43, 262, -19}, 0, {863, 861}, {121, 15, 220, 255} }},
	{{ {13, 315, -66}, 0, {863, 130}, {108, 39, 202, 255} }},
	{{ {4, 338, -44}, 0, {132, 130}, {38, 114, 40, 255} }},
	{{ {-47, 325, -147}, 0, {863, 130}, {87, 42, 174, 255} }},
	{{ {-69, 349, -142}, 0, {132, 130}, {240, 122, 225, 255} }},
	{{ {4, 338, -44}, 0, {863, 495}, {38, 114, 40, 255} }},
	{{ {4, 338, -44}, 0, {150, 170}, {38, 114, 40, 255} }},
	{{ {-33, 310, -41}, 0, {848, 170}, {178, 56, 83, 255} }},
	{{ {-8, 265, -2}, 0, {848, 518}, {186, 35, 100, 255} }},
	{{ {43, 262, -19}, 0, {131, 862}, {121, 15, 220, 255} }},
	{{ {4, 338, -44}, 0, {131, 131}, {38, 114, 40, 255} }},
	{{ {40, 273, 13}, 0, {862, 862}, {67, 60, 89, 255} }},
	{{ {-47, 325, -147}, 0, {131, 131}, {87, 42, 174, 255} }},
	{{ {4, 338, -44}, 0, {862, 495}, {38, 114, 40, 255} }},
	{{ {13, 315, -66}, 0, {131, 495}, {108, 39, 202, 255} }},
	{{ {4, 338, -44}, 0, {149, 171}, {38, 114, 40, 255} }},
	{{ {-8, 265, -2}, 0, {149, 519}, {186, 35, 100, 255} }},
	{{ {40, 273, 13}, 0, {847, 519}, {67, 60, 89, 255} }},
	{{ {4, 338, -44}, 0, {847, 519}, {38, 114, 40, 255} }},
	{{ {-84, 318, -109}, 0, {149, 171}, {161, 59, 60, 255} }},
	{{ {-33, 310, -41}, 0, {149, 519}, {178, 56, 83, 255} }},
	{{ {-97, 274, -204}, 0, {498, 497}, {74, 22, 155, 255} }},
	{{ {-69, 349, -142}, 0, {862, 862}, {240, 122, 225, 255} }},
	{{ {-47, 325, -147}, 0, {498, 862}, {87, 42, 174, 255} }},
	{{ {-27, 199, -100}, 0, {848, 868}, {33, 187, 155, 255} }},
	{{ {3, 172, -57}, 0, {150, 520}, {81, 227, 163, 255} }},
	{{ {-32, 171, -70}, 0, {848, 520}, {192, 185, 172, 255} }},
	{{ {48, 184, 0}, 0, {131, 862}, {122, 249, 222, 255} }},
	{{ {3, 172, -57}, 0, {862, 862}, {81, 227, 163, 255} }},
	{{ {43, 262, -19}, 0, {131, 497}, {121, 15, 220, 255} }},
	{{ {-27, 199, -100}, 0, {862, 495}, {33, 187, 155, 255} }},
	{{ {43, 262, -19}, 0, {131, 131}, {121, 15, 220, 255} }},
	{{ {3, 172, -57}, 0, {131, 495}, {81, 227, 163, 255} }},
	{{ {3, 172, -57}, 0, {753, 822}, {81, 227, 163, 255} }},
	{{ {-20, 95, -42}, 0, {243, 567}, {17, 84, 162, 255} }},
	{{ {-32, 171, -70}, 0, {243, 822}, {192, 185, 172, 255} }},
	{{ {-27, 199, -100}, 0, {847, 869}, {33, 187, 155, 255} }},
	{{ {-32, 171, -70}, 0, {149, 521}, {192, 185, 172, 255} }},
	{{ {-44, 198, -85}, 0, {149, 869}, {176, 172, 205, 255} }},
	{{ {43, 262, -19}, 0, {131, 862}, {121, 15, 220, 255} }},
	{{ {-27, 199, -100}, 0, {131, 497}, {33, 187, 155, 255} }},
	{{ {13, 315, -66}, 0, {862, 862}, {108, 39, 202, 255} }},
	{{ {-27, 199, -100}, 0, {132, 130}, {33, 187, 155, 255} }},
	{{ {-42, 224, -124}, 0, {863, 130}, {50, 178, 169, 255} }},
	{{ {13, 315, -66}, 0, {863, 495}, {108, 39, 202, 255} }},
	{{ {-64, 239, -156}, 0, {498, 518}, {65, 172, 186, 255} }},
	{{ {-42, 224, -124}, 0, {150, 170}, {50, 178, 169, 255} }},
	{{ {-70, 230, -124}, 0, {498, 170}, {213, 139, 235, 255} }},
	{{ {13, 315, -66}, 0, {132, 497}, {108, 39, 202, 255} }},
	{{ {-42, 224, -124}, 0, {863, 861}, {50, 178, 169, 255} }},
	{{ {-47, 325, -147}, 0, {863, 497}, {87, 42, 174, 255} }},
	{{ {-42, 224, -124}, 0, {847, 869}, {50, 178, 169, 255} }},
	{{ {-65, 226, -117}, 0, {499, 869}, {172, 224, 167, 255} }},
	{{ {-70, 230, -124}, 0, {499, 696}, {213, 139, 235, 255} }},
	{{ {-102, 243, -206}, 0, {848, 868}, {76, 187, 181, 255} }},
	{{ {-64, 239, -156}, 0, {150, 520}, {65, 172, 186, 255} }},
	{{ {-91, 239, -153}, 0, {848, 520}, {234, 131, 2, 255} }},
	{{ {-97, 274, -204}, 0, {496, 495}, {74, 22, 155, 255} }},
	{{ {-64, 239, -156}, 0, {131, 131}, {65, 172, 186, 255} }},
	{{ {-102, 243, -206}, 0, {131, 495}, {76, 187, 181, 255} }},
	{{ {-64, 239, -156}, 0, {149, 519}, {65, 172, 186, 255} }},
	{{ {-70, 230, -124}, 0, {149, 171}, {213, 139, 235, 255} }},
	{{ {-91, 239, -153}, 0, {497, 519}, {234, 131, 2, 255} }},
	{{ {48, 184, 0}, 0, {863, 861}, {122, 249, 222, 255} }},
	{{ {43, 262, -19}, 0, {863, 497}, {121, 15, 220, 255} }},
	{{ {40, 273, 13}, 0, {132, 497}, {67, 60, 89, 255} }},
	{{ {48, 184, 0}, 0, {132, 130}, {122, 249, 222, 255} }},
	{{ {46, 179, 36}, 0, {863, 130}, {70, 6, 106, 255} }},
	{{ {33, 82, 34}, 0, {863, 495}, {64, 108, 20, 255} }},
	{{ {48, 184, 0}, 0, {131, 862}, {122, 249, 222, 255} }},
	{{ {40, 273, 13}, 0, {131, 497}, {67, 60, 89, 255} }},
	{{ {46, 179, 36}, 0, {862, 862}, {70, 6, 106, 255} }},
	{{ {-91, 239, -153}, 0, {149, 869}, {234, 131, 2, 255} }},
	{{ {-98, 246, -116}, 0, {847, 869}, {157, 198, 54, 255} }},
	{{ {-129, 252, -158}, 0, {149, 521}, {156, 207, 61, 255} }},
	{{ {-70, 230, -124}, 0, {149, 869}, {213, 139, 235, 255} }},
	{{ {-98, 246, -116}, 0, {497, 869}, {157, 198, 54, 255} }},
	{{ {-91, 239, -153}, 0, {149, 521}, {234, 131, 2, 255} }},
	{{ {-70, 230, -124}, 0, {150, 520}, {213, 139, 235, 255} }},
	{{ {-79, 234, -89}, 0, {498, 868}, {146, 207, 40, 255} }},
	{{ {-98, 246, -116}, 0, {498, 520}, {157, 198, 54, 255} }},
	{{ {-79, 234, -89}, 0, {500, 695}, {146, 207, 40, 255} }},
	{{ {-70, 230, -124}, 0, {848, 868}, {213, 139, 235, 255} }},
	{{ {-65, 226, -117}, 0, {848, 695}, {172, 224, 167, 255} }},
	{{ {-44, 198, -85}, 0, {150, 170}, {176, 172, 205, 255} }},
	{{ {-32, 171, -70}, 0, {848, 170}, {192, 185, 172, 255} }},
	{{ {-41, 190, -37}, 0, {848, 518}, {138, 242, 44, 255} }},
	{{ {-44, 198, -85}, 0, {847, 519}, {176, 172, 205, 255} }},
	{{ {-41, 190, -37}, 0, {149, 171}, {138, 242, 44, 255} }},
	{{ {-66, 213, -70}, 0, {149, 519}, {144, 202, 27, 255} }},
	{{ {-32, 171, -70}, 0, {848, 868}, {192, 185, 172, 255} }},
	{{ {-20, 95, -42}, 0, {848, 520}, {17, 84, 162, 255} }},
	{{ {-39, 102, -20}, 0, {150, 520}, {206, 117, 255, 255} }},
	{{ {-32, 171, -70}, 0, {149, 519}, {192, 185, 172, 255} }},
	{{ {-39, 102, -20}, 0, {149, 171}, {206, 117, 255, 255} }},
	{{ {-41, 190, -37}, 0, {847, 519}, {138, 242, 44, 255} }},
	{{ {-39, 102, -20}, 0, {615, 635}, {206, 117, 255, 255} }},
	{{ {-20, 95, -42}, 0, {615, 403}, {17, 84, 162, 255} }},
	{{ {-34, 98, -59}, 0, {383, 403}, {224, 60, 149, 255} }},
	{{ {-20, 95, -42}, 0, {616, 869}, {17, 84, 162, 255} }},
	{{ {15, 80, -54}, 0, {616, 637}, {64, 40, 154, 255} }},
	{{ {-34, 98, -59}, 0, {847, 869}, {224, 60, 149, 255} }},
	{{ {33, 82, 34}, 0, {615, 637}, {64, 108, 20, 255} }},
	{{ {51, 78, 57}, 0, {383, 637}, {71, 41, 97, 255} }},
	{{ {55, 71, 1}, 0, {615, 868}, {118, 35, 224, 255} }},
	{{ {33, 82, 34}, 0, {149, 171}, {64, 108, 20, 255} }},
	{{ {-19, 97, 11}, 0, {149, 402}, {234, 109, 61, 255} }},
	{{ {-31, 102, 24}, 0, {381, 402}, {210, 84, 83, 255} }},
	{{ {46, 179, 36}, 0, {149, 171}, {70, 6, 106, 255} }},
	{{ {-19, 97, 11}, 0, {847, 519}, {234, 109, 61, 255} }},
	{{ {33, 82, 34}, 0, {149, 519}, {64, 108, 20, 255} }},
	{{ {33, 82, 34}, 0, {149, 869}, {64, 108, 20, 255} }},
	{{ {-31, 102, 24}, 0, {149, 637}, {210, 84, 83, 255} }},
	{{ {51, 78, 57}, 0, {381, 869}, {71, 41, 97, 255} }},
	{{ {40, 273, 13}, 0, {150, 520}, {67, 60, 89, 255} }},
	{{ {-8, 265, -2}, 0, {848, 520}, {186, 35, 100, 255} }},
	{{ {-4, 200, 14}, 0, {848, 868}, {182, 15, 102, 255} }},
	{{ {40, 273, 13}, 0, {149, 171}, {67, 60, 89, 255} }},
	{{ {-4, 200, 14}, 0, {149, 519}, {182, 15, 102, 255} }},
	{{ {46, 179, 36}, 0, {847, 519}, {70, 6, 106, 255} }},
	{{ {46, 179, 36}, 0, {150, 170}, {70, 6, 106, 255} }},
	{{ {-4, 200, 14}, 0, {848, 170}, {182, 15, 102, 255} }},
	{{ {-19, 97, 11}, 0, {848, 518}, {234, 109, 61, 255} }},
	{{ {-84, 318, -109}, 0, {848, 520}, {161, 59, 60, 255} }},
	{{ {-79, 234, -89}, 0, {848, 868}, {146, 207, 40, 255} }},
	{{ {-33, 310, -41}, 0, {150, 520}, {178, 56, 83, 255} }},
	{{ {-33, 310, -41}, 0, {149, 521}, {178, 56, 83, 255} }},
	{{ {-79, 234, -89}, 0, {149, 869}, {146, 207, 40, 255} }},
	{{ {-66, 213, -70}, 0, {847, 869}, {144, 202, 27, 255} }},
	{{ {-84, 318, -109}, 0, {149, 521}, {161, 59, 60, 255} }},
	{{ {-98, 246, -116}, 0, {149, 869}, {157, 198, 54, 255} }},
	{{ {-79, 234, -89}, 0, {847, 869}, {146, 207, 40, 255} }},
	{{ {-125, 276, -156}, 0, {847, 519}, {145, 40, 48, 255} }},
	{{ {-98, 246, -116}, 0, {149, 519}, {157, 198, 54, 255} }},
	{{ {-84, 318, -109}, 0, {149, 171}, {161, 59, 60, 255} }},
	{{ {-66, 213, -70}, 0, {848, 868}, {144, 202, 27, 255} }},
	{{ {-41, 190, -37}, 0, {848, 170}, {138, 242, 44, 255} }},
	{{ {-8, 265, -2}, 0, {848, 518}, {186, 35, 100, 255} }},
	{{ {-66, 213, -70}, 0, {150, 170}, {144, 202, 27, 255} }},
	{{ {-8, 265, -2}, 0, {149, 521}, {186, 35, 100, 255} }},
	{{ {-41, 190, -37}, 0, {847, 869}, {138, 242, 44, 255} }},
	{{ {-4, 200, 14}, 0, {149, 869}, {182, 15, 102, 255} }},
	{{ {-4, 200, 14}, 0, {847, 869}, {182, 15, 102, 255} }},
	{{ {-41, 190, -37}, 0, {149, 869}, {138, 242, 44, 255} }},
	{{ {-39, 102, -20}, 0, {149, 521}, {206, 117, 255, 255} }},
	{{ {-39, 102, -20}, 0, {381, 170}, {206, 117, 255, 255} }},
	{{ {-65, 110, -22}, 0, {150, 170}, {156, 77, 246, 255} }},
	{{ {-31, 102, 24}, 0, {381, 401}, {210, 84, 83, 255} }},
	{{ {-4, 200, 14}, 0, {848, 868}, {182, 15, 102, 255} }},
	{{ {-39, 102, -20}, 0, {150, 520}, {206, 117, 255, 255} }},
	{{ {-19, 97, 11}, 0, {848, 520}, {234, 109, 61, 255} }},
	{{ {-39, 102, -20}, 0, {383, 869}, {206, 117, 255, 255} }},
	{{ {-34, 98, -59}, 0, {383, 637}, {224, 60, 149, 255} }},
	{{ {-65, 110, -22}, 0, {614, 869}, {156, 77, 246, 255} }},
	{{ {-39, 102, -20}, 0, {149, 404}, {206, 117, 255, 255} }},
	{{ {-31, 102, 24}, 0, {381, 635}, {210, 84, 83, 255} }},
	{{ {-19, 97, 11}, 0, {149, 635}, {234, 109, 61, 255} }},
	{{ {55, 71, 1}, 0, {862, 495}, {118, 35, 224, 255} }},
	{{ {1, 7, -23}, 0, {131, 131}, {29, 169, 168, 255} }},
	{{ {15, 80, -54}, 0, {131, 495}, {64, 40, 154, 255} }},
	{{ {15, 80, -54}, 0, {499, 869}, {64, 40, 154, 255} }},
	{{ {-21, 15, -25}, 0, {499, 521}, {199, 181, 170, 255} }},
	{{ {-34, 98, -59}, 0, {847, 869}, {224, 60, 149, 255} }},
	{{ {55, 71, 1}, 0, {138, 854}, {118, 35, 224, 255} }},
	{{ {51, 78, 57}, 0, {853, 854}, {71, 41, 97, 255} }},
	{{ {20, 6, 30}, 0, {138, 139}, {35, 170, 87, 255} }},
	{{ {55, 71, 1}, 0, {863, 495}, {118, 35, 224, 255} }},
	{{ {20, 3, 2}, 0, {863, 130}, {80, 162, 228, 255} }},
	{{ {1, 7, -23}, 0, {132, 130}, {29, 169, 168, 255} }},
	{{ {55, 71, 1}, 0, {131, 497}, {118, 35, 224, 255} }},
	{{ {20, 6, 30}, 0, {862, 862}, {35, 170, 87, 255} }},
	{{ {20, 3, 2}, 0, {131, 862}, {80, 162, 228, 255} }},
	{{ {-34, 98, -59}, 0, {498, 868}, {224, 60, 149, 255} }},
	{{ {-21, 15, -25}, 0, {498, 520}, {199, 181, 170, 255} }},
	{{ {-35, 21, -8}, 0, {150, 520}, {144, 197, 4, 255} }},
	{{ {-34, 98, -59}, 0, {149, 869}, {224, 60, 149, 255} }},
	{{ {-35, 21, -8}, 0, {149, 521}, {144, 197, 4, 255} }},
	{{ {-65, 110, -22}, 0, {497, 869}, {156, 77, 246, 255} }},
	{{ {51, 78, 57}, 0, {149, 521}, {71, 41, 97, 255} }},
	{{ {-31, 102, 24}, 0, {149, 869}, {210, 84, 83, 255} }},
	{{ {-20, 17, 13}, 0, {847, 869}, {176, 213, 89, 255} }},
	{{ {51, 78, 57}, 0, {149, 171}, {71, 41, 97, 255} }},
	{{ {-20, 17, 13}, 0, {847, 519}, {176, 213, 89, 255} }},
	{{ {20, 6, 30}, 0, {149, 519}, {35, 170, 87, 255} }},
	{{ {-31, 102, 24}, 0, {848, 520}, {210, 84, 83, 255} }},
	{{ {-65, 110, -22}, 0, {500, 520}, {156, 77, 246, 255} }},
	{{ {-35, 21, -8}, 0, {848, 868}, {144, 197, 4, 255} }},
	{{ {-31, 102, 24}, 0, {848, 518}, {210, 84, 83, 255} }},
	{{ {-35, 21, -8}, 0, {150, 170}, {144, 197, 4, 255} }},
	{{ {-20, 17, 13}, 0, {848, 170}, {176, 213, 89, 255} }},
	{{ {-9, -5, 3}, 0, {253, 661}, {217, 136, 17, 255} }},
	{{ {1, 7, -23}, 0, {497, 519}, {29, 169, 168, 255} }},
	{{ {20, 3, 2}, 0, {131, 862}, {80, 162, 228, 255} }},
	{{ {-9, -5, 3}, 0, {272, 551}, {217, 136, 17, 255} }},
	{{ {-9, -5, 3}, 0, {301, 466}, {217, 136, 17, 255} }},
	{{ {-9, -5, 3}, 0, {559, 350}, {217, 136, 17, 255} }},
	{{ {-9, -5, 3}, 0, {271, 500}, {217, 136, 17, 255} }},
	{{ {-21, 15, -25}, 0, {149, 519}, {199, 181, 170, 255} }},
	{{ {-35, 205, -100}, 0, {498, 868}, {249, 147, 192, 255} }},
	{{ {-60, 174, -127}, 0, {498, 520}, {71, 158, 217, 255} }},
	{{ {-65, 197, -138}, 0, {150, 520}, {65, 20, 149, 255} }},
	{{ {-35, 205, -100}, 0, {497, 869}, {249, 147, 192, 255} }},
	{{ {-65, 197, -138}, 0, {149, 521}, {65, 20, 149, 255} }},
	{{ {-46, 222, -116}, 0, {149, 869}, {5, 180, 155, 255} }},
	{{ {-47, 203, -89}, 0, {847, 519}, {225, 133, 9, 255} }},
	{{ {-60, 174, -127}, 0, {499, 171}, {71, 158, 217, 255} }},
	{{ {-35, 205, -100}, 0, {499, 519}, {249, 147, 192, 255} }},
	{{ {-65, 226, -117}, 0, {498, 170}, {172, 224, 167, 255} }},
	{{ {-46, 222, -116}, 0, {150, 170}, {5, 180, 155, 255} }},
	{{ {-65, 197, -138}, 0, {498, 518}, {65, 20, 149, 255} }},
	{{ {-65, 226, -117}, 0, {848, 518}, {172, 224, 167, 255} }},
	{{ {-84, 206, -137}, 0, {848, 170}, {219, 97, 183, 255} }},
	{{ {-91, 203, -113}, 0, {150, 170}, {141, 45, 28, 255} }},
	{{ {-65, 226, -117}, 0, {149, 171}, {172, 224, 167, 255} }},
	{{ {-65, 197, -138}, 0, {497, 519}, {65, 20, 149, 255} }},
	{{ {-84, 206, -137}, 0, {149, 519}, {219, 97, 183, 255} }},
	{{ {-65, 226, -117}, 0, {149, 519}, {172, 224, 167, 255} }},
	{{ {-91, 203, -113}, 0, {149, 171}, {141, 45, 28, 255} }},
	{{ {-71, 229, -92}, 0, {847, 519}, {142, 201, 254, 255} }},
	{{ {-47, 203, -89}, 0, {848, 520}, {225, 133, 9, 255} }},
	{{ {-63, 214, -78}, 0, {500, 520}, {163, 170, 8, 255} }},
	{{ {-86, 183, -104}, 0, {848, 868}, {182, 186, 76, 255} }},
	{{ {-47, 203, -89}, 0, {848, 518}, {225, 133, 9, 255} }},
	{{ {-73, 173, -118}, 0, {848, 170}, {251, 133, 33, 255} }},
	{{ {-60, 174, -127}, 0, {500, 170}, {71, 158, 217, 255} }},
	{{ {-47, 203, -89}, 0, {499, 521}, {225, 133, 9, 255} }},
	{{ {-86, 183, -104}, 0, {499, 869}, {182, 186, 76, 255} }},
	{{ {-73, 173, -118}, 0, {847, 869}, {251, 133, 33, 255} }},
	{{ {-63, 214, -78}, 0, {150, 520}, {163, 170, 8, 255} }},
	{{ {-71, 229, -92}, 0, {848, 520}, {142, 201, 254, 255} }},
	{{ {-91, 203, -113}, 0, {848, 868}, {141, 45, 28, 255} }},
	{{ {-63, 214, -78}, 0, {149, 521}, {163, 170, 8, 255} }},
	{{ {-91, 203, -113}, 0, {149, 869}, {141, 45, 28, 255} }},
	{{ {-86, 183, -104}, 0, {847, 869}, {182, 186, 76, 255} }},
	{{ {-73, 173, -118}, 0, {498, 170}, {251, 133, 33, 255} }},
	{{ {-101, 185, -154}, 0, {498, 518}, {177, 231, 160, 255} }},
	{{ {-60, 174, -127}, 0, {150, 170}, {71, 158, 217, 255} }},
	{{ {-60, 174, -127}, 0, {847, 869}, {71, 158, 217, 255} }},
	{{ {-101, 185, -154}, 0, {499, 521}, {177, 231, 160, 255} }},
	{{ {-65, 197, -138}, 0, {499, 869}, {65, 20, 149, 255} }},
	{{ {-65, 197, -138}, 0, {497, 869}, {65, 20, 149, 255} }},
	{{ {-101, 185, -154}, 0, {149, 521}, {177, 231, 160, 255} }},
	{{ {-84, 206, -137}, 0, {149, 869}, {219, 97, 183, 255} }},
	{{ {-84, 206, -137}, 0, {498, 520}, {219, 97, 183, 255} }},
	{{ {-101, 185, -154}, 0, {498, 868}, {177, 231, 160, 255} }},
	{{ {-91, 203, -113}, 0, {150, 520}, {141, 45, 28, 255} }},
	{{ {-86, 183, -104}, 0, {497, 519}, {182, 186, 76, 255} }},
	{{ {-101, 185, -154}, 0, {149, 171}, {177, 231, 160, 255} }},
	{{ {-73, 173, -118}, 0, {149, 519}, {251, 133, 33, 255} }},
	{{ {-91, 203, -113}, 0, {848, 520}, {141, 45, 28, 255} }},
	{{ {-101, 185, -154}, 0, {848, 868}, {177, 231, 160, 255} }},
	{{ {-86, 183, -104}, 0, {500, 520}, {182, 186, 76, 255} }},
	{{ {-129, 252, -158}, 0, {149, 869}, {156, 207, 61, 255} }},
	{{ {-125, 276, -156}, 0, {847, 869}, {145, 40, 48, 255} }},
	{{ {-161, 225, -240}, 0, {149, 171}, {181, 197, 173, 255} }},
	{{ {-98, 246, -116}, 0, {149, 521}, {157, 198, 54, 255} }},
	{{ {8, 84, -35}, 0, {862, 495}, {76, 79, 192, 255} }},
	{{ {48, 184, 0}, 0, {131, 131}, {122, 249, 222, 255} }},
	{{ {33, 78, -2}, 0, {131, 495}, {95, 79, 225, 255} }},
	{{ {33, 82, 34}, 0, {862, 495}, {64, 108, 20, 255} }},
	{{ {4, 338, -44}, 0, {848, 518}, {38, 114, 40, 255} }},
	{{ {-69, 349, -142}, 0, {150, 170}, {240, 122, 225, 255} }},
	{{ {-84, 318, -109}, 0, {848, 170}, {161, 59, 60, 255} }},
	{{ {-125, 276, -156}, 0, {848, 518}, {145, 40, 48, 255} }},
	{{ {-42, 224, -124}, 0, {343, 596}, {50, 178, 169, 255} }},
	{{ {-46, 222, -116}, 0, {350, 598}, {5, 180, 155, 255} }},
	{{ {-65, 226, -117}, 0, {302, 603}, {172, 224, 167, 255} }},
	{{ {-35, 205, -100}, 0, {417, 575}, {249, 147, 192, 255} }},
	{{ {-27, 199, -100}, 0, {439, 563}, {33, 187, 155, 255} }},
	{{ {-44, 198, -85}, 0, {430, 572}, {176, 172, 205, 255} }},
	{{ {-47, 203, -89}, 0, {410, 582}, {225, 133, 9, 255} }},
	{{ {-63, 214, -78}, 0, {386, 619}, {163, 170, 8, 255} }},
	{{ {-66, 213, -70}, 0, {395, 626}, {144, 202, 27, 255} }},
	{{ {-79, 234, -89}, 0, {312, 655}, {146, 207, 40, 255} }},
	{{ {-71, 229, -92}, 0, {328, 639}, {142, 201, 254, 255} }},
	{{ {-42, 224, -124}, 0, {862, 862}, {50, 178, 169, 255} }},
	{{ {-64, 239, -156}, 0, {131, 862}, {65, 172, 186, 255} }},
	{{ {-47, 325, -147}, 0, {131, 497}, {87, 42, 174, 255} }},
	{{ {-97, 274, -204}, 0, {496, 862}, {74, 22, 155, 255} }},
	{{ {15, 80, -54}, 0, {149, 171}, {64, 40, 154, 255} }},
	{{ {1, 7, -23}, 0, {497, 519}, {29, 169, 168, 255} }},
	{{ {-21, 15, -25}, 0, {149, 519}, {199, 181, 170, 255} }},
	{{ {-9, -5, 3}, 0, {389, 532}, {217, 136, 17, 255} }},
};

Gfx gScissorsBeetleSkel_pincer_r_mesh_layer_Opaque_tri_0[] = {
	gsSPVertex(gScissorsBeetleSkel_pincer_r_mesh_layer_Opaque_vtx_0 + 0, 30, 0),
	gsSP2Triangles(0, 1, 2, 0, 3, 4, 5, 0),
	gsSP2Triangles(6, 7, 8, 0, 9, 10, 11, 0),
	gsSP2Triangles(12, 13, 14, 0, 15, 16, 17, 0),
	gsSP2Triangles(18, 19, 20, 0, 21, 22, 23, 0),
	gsSP2Triangles(24, 25, 26, 0, 27, 28, 29, 0),
	gsSPVertex(gScissorsBeetleSkel_pincer_r_mesh_layer_Opaque_vtx_0 + 30, 30, 0),
	gsSP2Triangles(0, 1, 2, 0, 3, 4, 5, 0),
	gsSP2Triangles(6, 7, 8, 0, 9, 10, 11, 0),
	gsSP2Triangles(12, 13, 14, 0, 15, 16, 17, 0),
	gsSP2Triangles(18, 19, 20, 0, 21, 22, 23, 0),
	gsSP2Triangles(24, 25, 26, 0, 27, 28, 29, 0),
	gsSPVertex(gScissorsBeetleSkel_pincer_r_mesh_layer_Opaque_vtx_0 + 60, 30, 0),
	gsSP2Triangles(0, 1, 2, 0, 3, 4, 5, 0),
	gsSP2Triangles(6, 7, 8, 0, 9, 10, 11, 0),
	gsSP2Triangles(12, 13, 14, 0, 15, 16, 17, 0),
	gsSP2Triangles(18, 19, 20, 0, 21, 22, 23, 0),
	gsSP2Triangles(24, 25, 26, 0, 27, 28, 29, 0),
	gsSPVertex(gScissorsBeetleSkel_pincer_r_mesh_layer_Opaque_vtx_0 + 90, 30, 0),
	gsSP2Triangles(0, 1, 2, 0, 3, 4, 5, 0),
	gsSP2Triangles(6, 7, 8, 0, 9, 10, 11, 0),
	gsSP2Triangles(12, 13, 14, 0, 15, 16, 17, 0),
	gsSP2Triangles(18, 19, 20, 0, 21, 22, 23, 0),
	gsSP2Triangles(24, 25, 26, 0, 27, 28, 29, 0),
	gsSPVertex(gScissorsBeetleSkel_pincer_r_mesh_layer_Opaque_vtx_0 + 120, 30, 0),
	gsSP2Triangles(0, 1, 2, 0, 3, 4, 5, 0),
	gsSP2Triangles(6, 7, 8, 0, 9, 10, 11, 0),
	gsSP2Triangles(12, 13, 14, 0, 15, 16, 17, 0),
	gsSP2Triangles(18, 19, 20, 0, 21, 22, 23, 0),
	gsSP2Triangles(24, 25, 26, 0, 27, 28, 29, 0),
	gsSPVertex(gScissorsBeetleSkel_pincer_r_mesh_layer_Opaque_vtx_0 + 150, 31, 0),
	gsSP2Triangles(0, 1, 2, 0, 3, 4, 5, 0),
	gsSP2Triangles(6, 7, 8, 0, 9, 10, 11, 0),
	gsSP2Triangles(12, 13, 14, 0, 15, 16, 17, 0),
	gsSP2Triangles(18, 19, 20, 0, 21, 22, 23, 0),
	gsSP2Triangles(14, 24, 4, 0, 25, 26, 27, 0),
	gsSP1Triangle(28, 29, 30, 0),
	gsSPVertex(gScissorsBeetleSkel_pincer_r_mesh_layer_Opaque_vtx_0 + 181, 30, 0),
	gsSP2Triangles(0, 1, 2, 0, 3, 4, 5, 0),
	gsSP2Triangles(6, 7, 8, 0, 9, 10, 11, 0),
	gsSP2Triangles(12, 13, 14, 0, 15, 16, 17, 0),
	gsSP2Triangles(18, 19, 20, 0, 21, 22, 23, 0),
	gsSP2Triangles(24, 25, 26, 0, 27, 28, 29, 0),
	gsSPVertex(gScissorsBeetleSkel_pincer_r_mesh_layer_Opaque_vtx_0 + 211, 32, 0),
	gsSP2Triangles(0, 1, 2, 0, 3, 4, 5, 0),
	gsSP2Triangles(6, 7, 8, 0, 9, 10, 11, 0),
	gsSP2Triangles(12, 13, 14, 0, 15, 16, 17, 0),
	gsSP2Triangles(18, 19, 20, 0, 21, 20, 11, 0),
	gsSP2Triangles(22, 17, 2, 0, 23, 11, 17, 0),
	gsSP2Triangles(24, 2, 25, 0, 26, 27, 28, 0),
	gsSP1Triangle(29, 30, 31, 0),
	gsSPVertex(gScissorsBeetleSkel_pincer_r_mesh_layer_Opaque_vtx_0 + 243, 30, 0),
	gsSP2Triangles(0, 1, 2, 0, 3, 4, 5, 0),
	gsSP2Triangles(6, 7, 8, 0, 9, 10, 11, 0),
	gsSP2Triangles(12, 13, 14, 0, 15, 16, 17, 0),
	gsSP2Triangles(18, 19, 20, 0, 21, 22, 23, 0),
	gsSP2Triangles(24, 25, 26, 0, 27, 28, 29, 0),
	gsSPVertex(gScissorsBeetleSkel_pincer_r_mesh_layer_Opaque_vtx_0 + 273, 30, 0),
	gsSP2Triangles(0, 1, 2, 0, 3, 4, 5, 0),
	gsSP2Triangles(6, 7, 8, 0, 9, 10, 11, 0),
	gsSP2Triangles(12, 13, 14, 0, 15, 16, 17, 0),
	gsSP2Triangles(18, 19, 20, 0, 21, 19, 18, 0),
	gsSP2Triangles(22, 23, 24, 0, 23, 25, 24, 0),
	gsSP2Triangles(26, 27, 28, 0, 27, 29, 28, 0),
	gsSPVertex(gScissorsBeetleSkel_pincer_r_mesh_layer_Opaque_vtx_0 + 303, 19, 0),
	gsSP2Triangles(0, 1, 2, 0, 0, 3, 1, 0),
	gsSP2Triangles(0, 4, 3, 0, 5, 3, 4, 0),
	gsSP2Triangles(5, 6, 3, 0, 5, 7, 6, 0),
	gsSP2Triangles(5, 8, 7, 0, 9, 7, 8, 0),
	gsSP2Triangles(9, 10, 7, 0, 9, 2, 10, 0),
	gsSP2Triangles(11, 12, 13, 0, 13, 12, 14, 0),
	gsSP2Triangles(15, 16, 17, 0, 18, 17, 16, 0),
	gsSPEndDisplayList(),
};

Vtx gScissorsBeetleSkel_legback1_l_mesh_layer_Opaque_vtx_0[6] = {
	{{ {21, -3, -9}, 0, {533, 942}, {96, 184, 215, 255} }},
	{{ {-14, -3, -14}, 0, {-40, 351}, {178, 182, 189, 255} }},
	{{ {-10, 141, -12}, 0, {-60, 1618}, {162, 9, 171, 255} }},
	{{ {-3, 2, 28}, 0, {297, 825}, {240, 198, 112, 255} }},
	{{ {14, 141, -9}, 0, {54, 1813}, {114, 11, 200, 255} }},
	{{ {-2, 194, 14}, 0, {187, 1943}, {245, 69, 106, 255} }},
};

Gfx gScissorsBeetleSkel_legback1_l_mesh_layer_Opaque_tri_0[] = {
	gsSPVertex(gScissorsBeetleSkel_legback1_l_mesh_layer_Opaque_vtx_0 + 0, 6, 0),
	gsSP2Triangles(0, 1, 2, 0, 3, 1, 0, 0),
	gsSP2Triangles(3, 0, 4, 0, 0, 2, 4, 0),
	gsSP2Triangles(3, 4, 5, 0, 3, 5, 2, 0),
	gsSP1Triangle(3, 2, 1, 0),
	gsSPEndDisplayList(),
};

Vtx gScissorsBeetleSkel_legback2_l_mesh_layer_Opaque_vtx_0[22] = {
	{{ {-1, 59, -14}, 0, {189, 1902}, {233, 228, 134, 255} }},
	{{ {-16, 77, 8}, 0, {76, 1797}, {158, 0, 80, 255} }},
	{{ {19, 76, 2}, 0, {-81, 1579}, {117, 0, 50, 255} }},
	{{ {-4, 150, -45}, 0, {279, 1136}, {241, 50, 140, 255} }},
	{{ {-10, 152, -27}, 0, {474, 1155}, {173, 87, 41, 255} }},
	{{ {7, 152, -30}, 0, {104, 927}, {94, 83, 17, 255} }},
	{{ {-3, 181, 8}, 0, {-10, 891}, {18, 16, 125, 255} }},
	{{ {-2, 76, 24}, 0, {-12, 441}, {13, 174, 96, 255} }},
	{{ {11, 89, -21}, 0, {-291, 456}, {109, 228, 58, 255} }},
	{{ {-27, 90, -15}, 0, {266, 456}, {165, 228, 85, 255} }},
	{{ {-42, 202, -54}, 0, {425, 914}, {142, 16, 202, 255} }},
	{{ {-3, 284, -1}, 0, {-10, 1342}, {18, 2, 126, 255} }},
	{{ {18, 201, -62}, 0, {-446, 914}, {94, 13, 172, 255} }},
	{{ {25, 103, -66}, 0, {-570, 470}, {97, 251, 174, 255} }},
	{{ {-7, -133, -38}, 0, {-12, -36}, {2, 129, 1, 255} }},
	{{ {-53, 104, -54}, 0, {545, 470}, {140, 252, 205, 255} }},
	{{ {14, 298, -48}, 0, {-338, 1358}, {95, 25, 176, 255} }},
	{{ {-32, 298, -42}, 0, {318, 1358}, {143, 28, 206, 255} }},
	{{ {0, 444, 3}, 0, {-9, 2061}, {6, 124, 28, 255} }},
	{{ {-10, 141, -12}, 0, {-60, 1618}, {162, 9, 171, 255} }},
	{{ {-2, 194, 14}, 0, {187, 1943}, {245, 69, 106, 255} }},
	{{ {14, 141, -9}, 0, {54, 1813}, {114, 11, 200, 255} }},
};

Gfx gScissorsBeetleSkel_legback2_l_mesh_layer_Opaque_tri_0[] = {
	gsSPVertex(gScissorsBeetleSkel_legback2_l_mesh_layer_Opaque_vtx_0 + 0, 19, 0),
	gsSPMatrix(0x0d0001c0, G_MTX_LOAD),
	gsSPVertex(gScissorsBeetleSkel_legback2_l_mesh_layer_Opaque_vtx_0 + 19, 3, 19),
	gsSP2Triangles(19, 20, 0, 0, 21, 0, 20, 0),
	gsSP2Triangles(21, 1, 0, 0, 21, 2, 1, 0),
	gsSP2Triangles(21, 19, 2, 0, 19, 0, 2, 0),
	gsSP2Triangles(2, 0, 3, 0, 1, 3, 0, 0),
	gsSP2Triangles(1, 4, 3, 0, 1, 5, 4, 0),
	gsSP2Triangles(1, 2, 5, 0, 2, 3, 5, 0),
	gsSP2Triangles(3, 4, 5, 0, 6, 7, 8, 0),
	gsSP2Triangles(9, 7, 6, 0, 6, 10, 9, 0),
	gsSP2Triangles(10, 6, 11, 0, 11, 6, 12, 0),
	gsSP2Triangles(12, 6, 8, 0, 8, 13, 12, 0),
	gsSP2Triangles(13, 8, 14, 0, 15, 13, 14, 0),
	gsSP2Triangles(15, 14, 9, 0, 10, 15, 9, 0),
	gsSP2Triangles(12, 15, 10, 0, 16, 12, 10, 0),
	gsSP2Triangles(16, 10, 17, 0, 10, 11, 17, 0),
	gsSP2Triangles(18, 17, 11, 0, 18, 11, 16, 0),
	gsSP2Triangles(11, 12, 16, 0, 18, 16, 17, 0),
	gsSP1Triangle(12, 13, 15, 0),
	gsSPEndDisplayList(),
};

Vtx gScissorsBeetleSkel_legback2_l_mesh_layer_Opaque_vtx_1[4] = {
	{{ {11, 89, -21}, 0, {63, -131}, {109, 228, 58, 255} }},
	{{ {-27, 90, -15}, 0, {296, -131}, {165, 228, 85, 255} }},
	{{ {-7, -133, -38}, 0, {180, -769}, {2, 129, 1, 255} }},
	{{ {-2, 76, 24}, 0, {180, -38}, {13, 174, 96, 255} }},
};

Gfx gScissorsBeetleSkel_legback2_l_mesh_layer_Opaque_tri_1[] = {
	gsSPMatrix(0x0d000200, G_MTX_LOAD),
	gsSPVertex(gScissorsBeetleSkel_legback2_l_mesh_layer_Opaque_vtx_1 + 0, 4, 0),
	gsSP2Triangles(0, 1, 2, 0, 3, 1, 0, 0),
	gsSPEndDisplayList(),
};

Vtx gScissorsBeetleSkel_legback1_r_mesh_layer_Opaque_vtx_0[6] = {
	{{ {-23, -5, 5}, 0, {533, 942}, {156, 184, 31, 255} }},
	{{ {-2, 139, -17}, 0, {-60, 1618}, {16, 11, 131, 255} }},
	{{ {0, -6, -21}, 0, {-40, 351}, {17, 182, 154, 255} }},
	{{ {-18, 139, 1}, 0, {54, 1813}, {133, 13, 30, 255} }},
	{{ {18, -1, 18}, 0, {297, 825}, {84, 198, 75, 255} }},
	{{ {9, 191, 8}, 0, {187, 1943}, {81, 60, 77, 255} }},
};

Gfx gScissorsBeetleSkel_legback1_r_mesh_layer_Opaque_tri_0[] = {
	gsSPVertex(gScissorsBeetleSkel_legback1_r_mesh_layer_Opaque_vtx_0 + 0, 6, 0),
	gsSP2Triangles(0, 1, 2, 0, 0, 3, 1, 0),
	gsSP2Triangles(4, 3, 0, 0, 4, 0, 2, 0),
	gsSP2Triangles(4, 2, 1, 0, 4, 1, 5, 0),
	gsSP1Triangle(4, 5, 3, 0),
	gsSPEndDisplayList(),
};

Vtx gScissorsBeetleSkel_legback2_r_mesh_layer_Opaque_vtx_0[22] = {
	{{ {-8, 62, -10}, 0, {189, 1902}, {188, 231, 152, 255} }},
	{{ {-12, 79, 16}, 0, {-81, 1579}, {207, 255, 117, 255} }},
	{{ {17, 80, -5}, 0, {76, 1797}, {127, 0, 247, 255} }},
	{{ {-27, 153, -34}, 0, {279, 1136}, {187, 50, 162, 255} }},
	{{ {-25, 155, -16}, 0, {104, 927}, {199, 83, 77, 255} }},
	{{ {-11, 155, -26}, 0, {474, 1155}, {88, 87, 228, 255} }},
	{{ {9, 184, 4}, 0, {-10, 891}, {73, 16, 103, 255} }},
	{{ {-22, 92, -7}, 0, {-291, 456}, {217, 228, 118, 255} }},
	{{ {19, 79, 16}, 0, {-12, 441}, {57, 174, 78, 255} }},
	{{ {-56, 204, -32}, 0, {-446, 914}, {130, 13, 5, 255} }},
	{{ {2, 287, -2}, 0, {-10, 1342}, {74, 2, 103, 255} }},
	{{ {-6, 205, -68}, 0, {425, 914}, {45, 16, 138, 255} }},
	{{ {10, 93, -29}, 0, {266, 456}, {124, 228, 255, 255} }},
	{{ {1, 107, -75}, 0, {545, 470}, {48, 252, 139, 255} }},
	{{ {-21, -130, -32}, 0, {-12, -36}, {255, 129, 2, 255} }},
	{{ {-63, 106, -30}, 0, {-570, 470}, {129, 251, 7, 255} }},
	{{ {-43, 301, -25}, 0, {-338, 1358}, {132, 25, 8, 255} }},
	{{ {2, 447, 3}, 0, {-9, 2061}, {15, 124, 24, 255} }},
	{{ {-5, 301, -52}, 0, {318, 1358}, {47, 28, 142, 255} }},
	{{ {-2, 139, -17}, 0, {-60, 1618}, {16, 11, 131, 255} }},
	{{ {9, 191, 8}, 0, {187, 1943}, {81, 60, 77, 255} }},
	{{ {-18, 139, 1}, 0, {54, 1813}, {133, 13, 30, 255} }},
};

Gfx gScissorsBeetleSkel_legback2_r_mesh_layer_Opaque_tri_0[] = {
	gsSPVertex(gScissorsBeetleSkel_legback2_r_mesh_layer_Opaque_vtx_0 + 0, 19, 0),
	gsSPMatrix(0x0d000240, G_MTX_LOAD),
	gsSPVertex(gScissorsBeetleSkel_legback2_r_mesh_layer_Opaque_vtx_0 + 19, 3, 19),
	gsSP2Triangles(19, 0, 20, 0, 19, 1, 0, 0),
	gsSP2Triangles(21, 1, 19, 0, 21, 2, 1, 0),
	gsSP2Triangles(21, 0, 2, 0, 21, 20, 0, 0),
	gsSP2Triangles(2, 0, 3, 0, 1, 3, 0, 0),
	gsSP2Triangles(1, 4, 3, 0, 2, 4, 1, 0),
	gsSP2Triangles(2, 5, 4, 0, 2, 3, 5, 0),
	gsSP2Triangles(3, 4, 5, 0, 6, 7, 8, 0),
	gsSP2Triangles(9, 7, 6, 0, 10, 9, 6, 0),
	gsSP2Triangles(11, 10, 6, 0, 6, 12, 11, 0),
	gsSP2Triangles(12, 6, 8, 0, 11, 12, 13, 0),
	gsSP2Triangles(13, 12, 14, 0, 13, 14, 15, 0),
	gsSP2Triangles(15, 14, 7, 0, 7, 9, 15, 0),
	gsSP2Triangles(9, 13, 15, 0, 9, 11, 13, 0),
	gsSP2Triangles(16, 11, 9, 0, 10, 16, 9, 0),
	gsSP2Triangles(17, 16, 10, 0, 17, 10, 18, 0),
	gsSP2Triangles(11, 18, 10, 0, 16, 18, 11, 0),
	gsSP1Triangle(17, 18, 16, 0),
	gsSPEndDisplayList(),
};

Vtx gScissorsBeetleSkel_legback2_r_mesh_layer_Opaque_vtx_1[4] = {
	{{ {-22, 92, -7}, 0, {63, -131}, {217, 228, 118, 255} }},
	{{ {-21, -130, -32}, 0, {180, -769}, {255, 129, 2, 255} }},
	{{ {10, 93, -29}, 0, {296, -131}, {124, 228, 255, 255} }},
	{{ {19, 79, 16}, 0, {180, -38}, {57, 174, 78, 255} }},
};

Gfx gScissorsBeetleSkel_legback2_r_mesh_layer_Opaque_tri_1[] = {
	gsSPMatrix(0x0d000280, G_MTX_LOAD),
	gsSPVertex(gScissorsBeetleSkel_legback2_r_mesh_layer_Opaque_vtx_1 + 0, 4, 0),
	gsSP2Triangles(0, 1, 2, 0, 3, 0, 2, 0),
	gsSPEndDisplayList(),
};

Vtx gScissorsBeetleSkel_legfront1_l_mesh_layer_Opaque_vtx_0[6] = {
	{{ {-16, 3, 18}, 0, {297, 825}, {185, 195, 85, 255} }},
	{{ {-4, -1, -24}, 0, {-40, 351}, {225, 184, 156, 255} }},
	{{ {24, -1, -1}, 0, {533, 942}, {104, 185, 13, 255} }},
	{{ {-3, 143, -16}, 0, {-60, 1618}, {216, 0, 135, 255} }},
	{{ {-10, 195, 12}, 0, {187, 1943}, {211, 59, 103, 255} }},
	{{ {16, 143, -1}, 0, {54, 1813}, {126, 1, 15, 255} }},
};

Gfx gScissorsBeetleSkel_legfront1_l_mesh_layer_Opaque_tri_0[] = {
	gsSPVertex(gScissorsBeetleSkel_legfront1_l_mesh_layer_Opaque_vtx_0 + 0, 6, 0),
	gsSP2Triangles(0, 1, 2, 0, 0, 3, 1, 0),
	gsSP2Triangles(0, 4, 3, 0, 0, 5, 4, 0),
	gsSP2Triangles(0, 2, 5, 0, 2, 3, 5, 0),
	gsSP1Triangle(2, 1, 3, 0),
	gsSPEndDisplayList(),
};

Vtx gScissorsBeetleSkel_legfront2_l_mesh_layer_Opaque_vtx_0[22] = {
	{{ {-31, 90, 3}, 0, {266, 456}, {228, 229, 121, 255} }},
	{{ {12, 77, 22}, 0, {-12, 441}, {65, 175, 73, 255} }},
	{{ {2, 181, 8}, 0, {-10, 891}, {84, 18, 93, 255} }},
	{{ {-2, 90, -23}, 0, {-291, 456}, {123, 229, 243, 255} }},
	{{ {-20, 201, -63}, 0, {-446, 914}, {31, 12, 134, 255} }},
	{{ {-16, 102, -68}, 0, {-570, 470}, {34, 250, 134, 255} }},
	{{ {-25, -133, -26}, 0, {-12, -36}, {4, 129, 1, 255} }},
	{{ {-74, 103, -15}, 0, {545, 470}, {131, 251, 22, 255} }},
	{{ {-66, 202, -21}, 0, {425, 914}, {131, 15, 19, 255} }},
	{{ {-4, 284, -1}, 0, {-10, 1342}, {85, 3, 94, 255} }},
	{{ {-17, 298, -49}, 0, {-338, 1358}, {34, 24, 136, 255} }},
	{{ {-51, 298, -19}, 0, {318, 1358}, {134, 28, 22, 255} }},
	{{ {0, 444, -1}, 0, {-9, 2061}, {19, 124, 19, 255} }},
	{{ {18, 76, -8}, 0, {-81, 1579}, {123, 17, 229, 255} }},
	{{ {-8, 59, -10}, 0, {189, 1902}, {161, 234, 175, 255} }},
	{{ {-8, 77, 16}, 0, {76, 1797}, {216, 7, 120, 255} }},
	{{ {-11, 152, -29}, 0, {104, 927}, {87, 84, 216, 255} }},
	{{ {-28, 150, -35}, 0, {279, 1136}, {178, 48, 168, 255} }},
	{{ {-23, 152, -17}, 0, {474, 1155}, {210, 88, 79, 255} }},
	{{ {16, 143, -1}, 0, {54, 1813}, {126, 1, 15, 255} }},
	{{ {-3, 143, -16}, 0, {-60, 1618}, {216, 0, 135, 255} }},
	{{ {-10, 195, 12}, 0, {187, 1943}, {211, 59, 103, 255} }},
};

Gfx gScissorsBeetleSkel_legfront2_l_mesh_layer_Opaque_tri_0[] = {
	gsSPVertex(gScissorsBeetleSkel_legfront2_l_mesh_layer_Opaque_vtx_0 + 0, 19, 0),
	gsSPMatrix(0x0d0002c0, G_MTX_LOAD),
	gsSPVertex(gScissorsBeetleSkel_legfront2_l_mesh_layer_Opaque_vtx_0 + 19, 3, 19),
	gsSP2Triangles(0, 1, 2, 0, 2, 1, 3, 0),
	gsSP2Triangles(4, 2, 3, 0, 3, 5, 4, 0),
	gsSP2Triangles(5, 3, 6, 0, 7, 5, 6, 0),
	gsSP2Triangles(7, 6, 0, 0, 8, 7, 0, 0),
	gsSP2Triangles(2, 8, 0, 0, 8, 2, 9, 0),
	gsSP2Triangles(9, 2, 4, 0, 9, 4, 10, 0),
	gsSP2Triangles(10, 4, 8, 0, 4, 7, 8, 0),
	gsSP2Triangles(4, 5, 7, 0, 10, 8, 11, 0),
	gsSP2Triangles(8, 9, 11, 0, 12, 11, 9, 0),
	gsSP2Triangles(12, 9, 10, 0, 12, 10, 11, 0),
	gsSP2Triangles(19, 20, 13, 0, 20, 14, 13, 0),
	gsSP2Triangles(20, 21, 14, 0, 19, 14, 21, 0),
	gsSP2Triangles(19, 15, 14, 0, 19, 13, 15, 0),
	gsSP2Triangles(15, 13, 16, 0, 13, 17, 16, 0),
	gsSP2Triangles(13, 14, 17, 0, 15, 17, 14, 0),
	gsSP2Triangles(15, 18, 17, 0, 15, 16, 18, 0),
	gsSP1Triangle(17, 18, 16, 0),
	gsSPEndDisplayList(),
};

Vtx gScissorsBeetleSkel_legfront2_l_mesh_layer_Opaque_vtx_1[4] = {
	{{ {12, 77, 22}, 0, {180, -38}, {65, 175, 73, 255} }},
	{{ {-31, 90, 3}, 0, {296, -131}, {228, 229, 121, 255} }},
	{{ {-2, 90, -23}, 0, {63, -131}, {123, 229, 243, 255} }},
	{{ {-25, -133, -26}, 0, {180, -769}, {4, 129, 1, 255} }},
};

Gfx gScissorsBeetleSkel_legfront2_l_mesh_layer_Opaque_tri_1[] = {
	gsSPMatrix(0x0d000300, G_MTX_LOAD),
	gsSPVertex(gScissorsBeetleSkel_legfront2_l_mesh_layer_Opaque_vtx_1 + 0, 4, 0),
	gsSP2Triangles(0, 1, 2, 0, 2, 1, 3, 0),
	gsSPEndDisplayList(),
};

Vtx gScissorsBeetleSkel_legfront1_r_mesh_layer_Opaque_vtx_0[6] = {
	{{ {4, 0, 22}, 0, {297, 825}, {19, 195, 109, 255} }},
	{{ {-20, -3, -14}, 0, {533, 942}, {159, 185, 216, 255} }},
	{{ {15, -4, -21}, 0, {-40, 351}, {77, 184, 185, 255} }},
	{{ {-14, 141, -11}, 0, {54, 1813}, {139, 4, 206, 255} }},
	{{ {2, 193, 13}, 0, {187, 1943}, {251, 52, 116, 255} }},
	{{ {10, 141, -15}, 0, {-60, 1618}, {94, 4, 170, 255} }},
};

Gfx gScissorsBeetleSkel_legfront1_r_mesh_layer_Opaque_tri_0[] = {
	gsSPVertex(gScissorsBeetleSkel_legfront1_r_mesh_layer_Opaque_vtx_0 + 0, 6, 0),
	gsSP2Triangles(0, 1, 2, 0, 0, 3, 1, 0),
	gsSP2Triangles(0, 4, 3, 0, 0, 5, 4, 0),
	gsSP2Triangles(0, 2, 5, 0, 1, 5, 2, 0),
	gsSP1Triangle(1, 3, 5, 0),
	gsSPEndDisplayList(),
};

Vtx gScissorsBeetleSkel_legfront2_r_mesh_layer_Opaque_vtx_0[22] = {
	{{ {28, 93, 11}, 0, {266, 456}, {254, 229, 124, 255} }},
	{{ {-5, 184, 8}, 0, {-10, 891}, {152, 18, 71, 255} }},
	{{ {-18, 80, 19}, 0, {-12, 441}, {176, 175, 56, 255} }},
	{{ {68, 205, -5}, 0, {425, 914}, {117, 15, 48, 255} }},
	{{ {75, 107, 3}, 0, {545, 470}, {116, 251, 51, 255} }},
	{{ {29, -130, -19}, 0, {-12, -36}, {252, 129, 0, 255} }},
	{{ {30, 105, -62}, 0, {-570, 470}, {252, 250, 129, 255} }},
	{{ {6, 93, -22}, 0, {-291, 456}, {139, 229, 214, 255} }},
	{{ {34, 204, -56}, 0, {-446, 914}, {254, 12, 130, 255} }},
	{{ {3, 288, 0}, 0, {-10, 1342}, {151, 3, 71, 255} }},
	{{ {27, 301, -44}, 0, {-338, 1358}, {251, 24, 131, 255} }},
	{{ {0, 447, 0}, 0, {-9, 2061}, {233, 124, 13, 255} }},
	{{ {53, 301, -6}, 0, {318, 1358}, {114, 28, 50, 255} }},
	{{ {-16, 79, -12}, 0, {-81, 1579}, {142, 14, 202, 255} }},
	{{ {4, 80, 18}, 0, {76, 1797}, {9, 5, 127, 255} }},
	{{ {9, 62, -8}, 0, {189, 1902}, {112, 233, 200, 255} }},
	{{ {35, 153, -27}, 0, {279, 1136}, {96, 48, 189, 255} }},
	{{ {16, 155, -25}, 0, {104, 927}, {181, 84, 197, 255} }},
	{{ {26, 155, -11}, 0, {474, 1155}, {26, 88, 88, 255} }},
	{{ {-14, 141, -11}, 0, {54, 1813}, {139, 4, 206, 255} }},
	{{ {10, 141, -15}, 0, {-60, 1618}, {94, 4, 170, 255} }},
	{{ {2, 193, 13}, 0, {187, 1943}, {251, 52, 116, 255} }},
};

Gfx gScissorsBeetleSkel_legfront2_r_mesh_layer_Opaque_tri_0[] = {
	gsSPVertex(gScissorsBeetleSkel_legfront2_r_mesh_layer_Opaque_vtx_0 + 0, 19, 0),
	gsSPMatrix(0x0d000340, G_MTX_LOAD),
	gsSPVertex(gScissorsBeetleSkel_legfront2_r_mesh_layer_Opaque_vtx_0 + 19, 3, 19),
	gsSP2Triangles(0, 1, 2, 0, 1, 0, 3, 0),
	gsSP2Triangles(3, 0, 4, 0, 4, 0, 5, 0),
	gsSP2Triangles(4, 5, 6, 0, 6, 5, 7, 0),
	gsSP2Triangles(7, 8, 6, 0, 8, 7, 1, 0),
	gsSP2Triangles(1, 7, 2, 0, 9, 8, 1, 0),
	gsSP2Triangles(9, 10, 8, 0, 11, 10, 9, 0),
	gsSP2Triangles(11, 9, 12, 0, 3, 12, 9, 0),
	gsSP2Triangles(3, 9, 1, 0, 10, 12, 3, 0),
	gsSP2Triangles(11, 12, 10, 0, 10, 3, 8, 0),
	gsSP2Triangles(8, 3, 4, 0, 8, 4, 6, 0),
	gsSP2Triangles(19, 13, 20, 0, 19, 14, 13, 0),
	gsSP2Triangles(19, 15, 14, 0, 19, 21, 15, 0),
	gsSP2Triangles(20, 15, 21, 0, 20, 13, 15, 0),
	gsSP2Triangles(13, 16, 15, 0, 13, 17, 16, 0),
	gsSP2Triangles(14, 17, 13, 0, 14, 18, 17, 0),
	gsSP2Triangles(14, 16, 18, 0, 14, 15, 16, 0),
	gsSP1Triangle(16, 17, 18, 0),
	gsSPEndDisplayList(),
};

Vtx gScissorsBeetleSkel_legfront2_r_mesh_layer_Opaque_vtx_1[4] = {
	{{ {-18, 80, 19}, 0, {180, -38}, {176, 175, 56, 255} }},
	{{ {6, 93, -22}, 0, {63, -131}, {139, 229, 214, 255} }},
	{{ {28, 93, 11}, 0, {296, -131}, {254, 229, 124, 255} }},
	{{ {29, -130, -19}, 0, {180, -769}, {252, 129, 0, 255} }},
};

Gfx gScissorsBeetleSkel_legfront2_r_mesh_layer_Opaque_tri_1[] = {
	gsSPMatrix(0x0d000380, G_MTX_LOAD),
	gsSPVertex(gScissorsBeetleSkel_legfront2_r_mesh_layer_Opaque_vtx_1 + 0, 4, 0),
	gsSP2Triangles(0, 1, 2, 0, 1, 3, 2, 0),
	gsSPEndDisplayList(),
};

Gfx mat_gScissorsBeetleSkel_f3dlite_material_010_layerOpaque[] = {
	gsSPLoadGeometryMode(G_FOG | G_LIGHTING | G_SHADE | G_SHADING_SMOOTH | G_CULL_BACK | G_ZBUFFER),
	gsDPPipeSync(),
	gsDPSetCombineLERP(TEXEL0, 0, SHADE, 0, 0, 0, 0, 1, COMBINED, 0, PRIMITIVE, 0, 0, 0, 0, COMBINED),
	gsSPSetOtherMode(G_SETOTHERMODE_H, 4, 20, G_PM_NPRIMITIVE | G_TT_RGBA16 | G_TF_BILERP | G_TD_CLAMP | G_CYC_2CYCLE | G_TP_PERSP | G_CK_NONE | G_CD_MAGICSQ | G_TC_FILT | G_TL_TILE | G_AD_NOISE),
	gsSPSetOtherMode(G_SETOTHERMODE_L, 0, 32, G_RM_AA_ZB_OPA_SURF2 | G_ZS_PIXEL | G_AC_NONE | G_RM_FOG_SHADE_A),
	gsSPTexture(65535, 65535, 0, 0, 1),
	gsDPSetPrimColor(0, 0, 255, 255, 255, 255),
	gsDPSetTextureImage(G_IM_FMT_RGBA, G_IM_SIZ_16b, 1, gScissorsBeetleSkel_tex_2D40_rgba16_pal_rgba16),
	gsDPSetTile(0, 0, 0, 256, 5, 0, G_TX_WRAP | G_TX_NOMIRROR, 0, 0, G_TX_WRAP | G_TX_NOMIRROR, 0, 0),
	gsDPLoadTLUTCmd(5, 26),
	gsDPSetTextureImage(G_IM_FMT_CI, G_IM_SIZ_8b_LOAD_BLOCK, 1, gScissorsBeetleSkel_tex_2D40_rgba16_ci8),
	gsDPSetTile(G_IM_FMT_CI, G_IM_SIZ_8b_LOAD_BLOCK, 0, 0, 7, 0, G_TX_WRAP | G_TX_NOMIRROR, 0, 0, G_TX_WRAP | G_TX_NOMIRROR, 0, 0),
	gsDPLoadBlock(7, 0, 0, 63, 1024),
	gsDPSetTile(G_IM_FMT_CI, G_IM_SIZ_8b, 2, 0, 0, 0, G_TX_WRAP | G_TX_MIRROR, 3, 0, G_TX_WRAP | G_TX_MIRROR, 4, 0),
	gsDPSetTileSize(0, 0, 0, 60, 28),
	gsSPEndDisplayList(),
};

Gfx mat_gScissorsBeetleSkel_f3dlite_material_008_layerOpaque[] = {
	gsSPLoadGeometryMode(G_FOG | G_LIGHTING | G_SHADE | G_SHADING_SMOOTH | G_CULL_BACK | G_ZBUFFER),
	gsDPPipeSync(),
	gsDPSetCombineLERP(TEXEL0, 0, SHADE, 0, 0, 0, 0, 1, COMBINED, 0, PRIMITIVE, 0, 0, 0, 0, COMBINED),
	gsSPSetOtherMode(G_SETOTHERMODE_H, 4, 20, G_PM_NPRIMITIVE | G_TF_BILERP | G_TD_CLAMP | G_CYC_2CYCLE | G_TP_PERSP | G_CK_NONE | G_TT_NONE | G_CD_MAGICSQ | G_TC_FILT | G_TL_TILE | G_AD_NOISE),
	gsSPSetOtherMode(G_SETOTHERMODE_L, 0, 32, G_RM_AA_ZB_OPA_SURF2 | G_ZS_PIXEL | G_AC_NONE | G_RM_FOG_SHADE_A),
	gsSPTexture(65535, 65535, 0, 0, 1),
	gsDPSetPrimColor(0, 0, 255, 255, 255, 255),
	gsDPSetTextureImage(G_IM_FMT_RGBA, G_IM_SIZ_16b_LOAD_BLOCK, 1, gScissorsBeetleSkel_leg2_rgba16),
	gsDPSetTile(G_IM_FMT_RGBA, G_IM_SIZ_16b_LOAD_BLOCK, 0, 0, 7, 0, G_TX_WRAP | G_TX_NOMIRROR, 0, 0, G_TX_WRAP | G_TX_NOMIRROR, 0, 0),
	gsDPLoadBlock(7, 0, 0, 2047, 256),
	gsDPSetTile(G_IM_FMT_RGBA, G_IM_SIZ_16b, 8, 0, 0, 0, G_TX_WRAP | G_TX_NOMIRROR, 6, 0, G_TX_WRAP | G_TX_MIRROR, 5, 0),
	gsDPSetTileSize(0, 0, 0, 124, 252),
	gsSPEndDisplayList(),
};

Gfx mat_gScissorsBeetleSkel_f3dlite_material_006_layerOpaque[] = {
	gsSPLoadGeometryMode(G_FOG | G_LIGHTING | G_SHADE | G_SHADING_SMOOTH | G_CULL_BACK | G_ZBUFFER),
	gsDPPipeSync(),
	gsDPSetCombineLERP(TEXEL0, 0, SHADE, 0, 0, 0, 0, 1, COMBINED, 0, PRIMITIVE, 0, 0, 0, 0, COMBINED),
	gsSPSetOtherMode(G_SETOTHERMODE_H, 4, 20, G_PM_NPRIMITIVE | G_TF_BILERP | G_TD_CLAMP | G_CYC_2CYCLE | G_TP_PERSP | G_CK_NONE | G_TT_NONE | G_CD_MAGICSQ | G_TC_FILT | G_TL_TILE | G_AD_NOISE),
	gsSPSetOtherMode(G_SETOTHERMODE_L, 0, 32, G_RM_AA_ZB_OPA_SURF2 | G_ZS_PIXEL | G_AC_NONE | G_RM_FOG_SHADE_A),
	gsSPTexture(65535, 65535, 0, 0, 1),
	gsDPSetPrimColor(0, 0, 255, 255, 255, 255),
	gsDPSetTextureImage(G_IM_FMT_RGBA, G_IM_SIZ_16b_LOAD_BLOCK, 1, gScissorsBeetleSkel_bodymain2_rgba16),
	gsDPSetTile(G_IM_FMT_RGBA, G_IM_SIZ_16b_LOAD_BLOCK, 0, 0, 7, 0, G_TX_WRAP | G_TX_NOMIRROR, 0, 0, G_TX_WRAP | G_TX_NOMIRROR, 0, 0),
	gsDPLoadBlock(7, 0, 0, 2047, 256),
	gsDPSetTile(G_IM_FMT_RGBA, G_IM_SIZ_16b, 8, 0, 0, 0, G_TX_WRAP | G_TX_MIRROR, 6, 0, G_TX_WRAP | G_TX_MIRROR, 5, 0),
	gsDPSetTileSize(0, 0, 0, 124, 252),
	gsSPEndDisplayList(),
};

Gfx mat_gScissorsBeetleSkel_f3dlite_material_005_layerOpaque[] = {
	gsSPLoadGeometryMode(G_FOG | G_LIGHTING | G_SHADE | G_SHADING_SMOOTH | G_CULL_BACK | G_ZBUFFER),
	gsDPPipeSync(),
	gsDPSetCombineLERP(TEXEL0, 0, SHADE, 0, 0, 0, 0, 1, COMBINED, 0, PRIMITIVE, 0, 0, 0, 0, COMBINED),
	gsSPSetOtherMode(G_SETOTHERMODE_H, 4, 20, G_PM_NPRIMITIVE | G_TF_BILERP | G_TD_CLAMP | G_CYC_2CYCLE | G_TP_PERSP | G_CK_NONE | G_TT_NONE | G_CD_MAGICSQ | G_TC_FILT | G_TL_TILE | G_AD_NOISE),
	gsSPSetOtherMode(G_SETOTHERMODE_L, 0, 32, G_RM_AA_ZB_OPA_SURF2 | G_ZS_PIXEL | G_AC_NONE | G_RM_FOG_SHADE_A),
	gsSPTexture(65535, 65535, 0, 0, 1),
	gsDPSetPrimColor(0, 0, 255, 255, 255, 255),
	gsDPSetTextureImage(G_IM_FMT_RGBA, G_IM_SIZ_16b_LOAD_BLOCK, 1, gScissorsBeetleSkel_bodyhead3_rgba16),
	gsDPSetTile(G_IM_FMT_RGBA, G_IM_SIZ_16b_LOAD_BLOCK, 0, 0, 7, 0, G_TX_WRAP | G_TX_NOMIRROR, 0, 0, G_TX_WRAP | G_TX_NOMIRROR, 0, 0),
	gsDPLoadBlock(7, 0, 0, 2047, 256),
	gsDPSetTile(G_IM_FMT_RGBA, G_IM_SIZ_16b, 8, 0, 0, 0, G_TX_CLAMP | G_TX_NOMIRROR, 6, 0, G_TX_CLAMP | G_TX_NOMIRROR, 5, 0),
	gsDPSetTileSize(0, 0, 0, 124, 252),
	gsSPEndDisplayList(),
};

Gfx mat_gScissorsBeetleSkel_f3dlite_material_layerOpaque[] = {
	gsSPLoadGeometryMode(G_FOG | G_LIGHTING | G_SHADE | G_SHADING_SMOOTH | G_CULL_BACK | G_ZBUFFER),
	gsDPPipeSync(),
	gsDPSetCombineLERP(TEXEL0, 0, SHADE, 0, 0, 0, 0, 1, COMBINED, 0, PRIMITIVE, 0, 0, 0, 0, COMBINED),
	gsSPSetOtherMode(G_SETOTHERMODE_H, 4, 20, G_PM_NPRIMITIVE | G_TT_RGBA16 | G_TF_BILERP | G_TD_CLAMP | G_CYC_2CYCLE | G_TP_PERSP | G_CK_NONE | G_CD_MAGICSQ | G_TC_FILT | G_TL_TILE | G_AD_NOISE),
	gsSPSetOtherMode(G_SETOTHERMODE_L, 0, 32, G_RM_AA_ZB_OPA_SURF2 | G_ZS_PIXEL | G_AC_NONE | G_RM_FOG_SHADE_A),
	gsSPTexture(65535, 65535, 0, 0, 1),
	gsDPSetPrimColor(0, 0, 255, 255, 255, 255),
	gsDPSetTextureImage(G_IM_FMT_RGBA, G_IM_SIZ_16b, 1, gScissorsBeetleSkel_eye_pal_rgba16),
	gsDPSetTile(0, 0, 0, 256, 5, 0, G_TX_WRAP | G_TX_NOMIRROR, 0, 0, G_TX_WRAP | G_TX_NOMIRROR, 0, 0),
	gsDPLoadTLUTCmd(5, 70),
	gsDPSetTextureImage(G_IM_FMT_CI, G_IM_SIZ_8b_LOAD_BLOCK, 1, gScissorsBeetleSkel_eye_ci8),
	gsDPSetTile(G_IM_FMT_CI, G_IM_SIZ_8b_LOAD_BLOCK, 0, 0, 7, 0, G_TX_WRAP | G_TX_NOMIRROR, 0, 0, G_TX_WRAP | G_TX_NOMIRROR, 0, 0),
	gsDPLoadBlock(7, 0, 0, 511, 512),
	gsDPSetTile(G_IM_FMT_CI, G_IM_SIZ_8b, 4, 0, 0, 0, G_TX_WRAP | G_TX_NOMIRROR, 5, 0, G_TX_WRAP | G_TX_MIRROR, 5, 0),
	gsDPSetTileSize(0, 0, 0, 124, 124),
	gsSPEndDisplayList(),
};

Gfx mat_gScissorsBeetleSkel_f3dlite_material_007_layerOpaque[] = {
	gsSPLoadGeometryMode(G_FOG | G_SHADE | G_SHADING_SMOOTH | G_CULL_BACK | G_ZBUFFER),
	gsDPPipeSync(),
	gsDPSetCombineLERP(TEXEL0, 0, SHADE, 0, 0, 0, 0, 1, COMBINED, 0, PRIMITIVE, 0, 0, 0, 0, COMBINED),
	gsSPSetOtherMode(G_SETOTHERMODE_H, 4, 20, G_PM_NPRIMITIVE | G_TF_BILERP | G_TD_CLAMP | G_CYC_2CYCLE | G_TP_PERSP | G_CK_NONE | G_TT_NONE | G_CD_MAGICSQ | G_TC_FILT | G_TL_TILE | G_AD_NOISE),
	gsSPSetOtherMode(G_SETOTHERMODE_L, 0, 32, G_RM_AA_ZB_OPA_SURF2 | G_ZS_PIXEL | G_AC_NONE | G_RM_FOG_SHADE_A),
	gsSPTexture(65535, 65535, 0, 0, 1),
	gsDPSetPrimColor(0, 0, 255, 255, 255, 255),
	gsDPSetTextureImage(G_IM_FMT_RGBA, G_IM_SIZ_16b_LOAD_BLOCK, 1, gScissorsBeetleSkel_eye_rgba16),
	gsDPSetTile(G_IM_FMT_RGBA, G_IM_SIZ_16b_LOAD_BLOCK, 0, 0, 7, 0, G_TX_WRAP | G_TX_NOMIRROR, 0, 0, G_TX_WRAP | G_TX_NOMIRROR, 0, 0),
	gsDPLoadBlock(7, 0, 0, 1023, 256),
	gsDPSetTile(G_IM_FMT_RGBA, G_IM_SIZ_16b, 8, 0, 0, 0, G_TX_WRAP | G_TX_MIRROR, 5, 0, G_TX_WRAP | G_TX_MIRROR, 5, 0),
	gsDPSetTileSize(0, 0, 0, 124, 124),
	gsSPEndDisplayList(),
};

Gfx mat_gScissorsBeetleSkel_f3dlite_material_012_layerOpaque[] = {
	gsSPLoadGeometryMode(G_FOG | G_LIGHTING | G_SHADE | G_SHADING_SMOOTH | G_CULL_BACK | G_ZBUFFER),
	gsDPPipeSync(),
	gsDPSetCombineLERP(TEXEL0, 0, SHADE, 0, 0, 0, 0, 1, COMBINED, 0, PRIMITIVE, 0, 0, 0, 0, COMBINED),
	gsSPSetOtherMode(G_SETOTHERMODE_H, 4, 20, G_PM_NPRIMITIVE | G_TT_RGBA16 | G_TF_BILERP | G_TD_CLAMP | G_CYC_2CYCLE | G_TP_PERSP | G_CK_NONE | G_CD_MAGICSQ | G_TC_FILT | G_TL_TILE | G_AD_NOISE),
	gsSPSetOtherMode(G_SETOTHERMODE_L, 0, 32, G_RM_AA_ZB_OPA_SURF2 | G_ZS_PIXEL | G_AC_NONE | G_RM_FOG_SHADE_A),
	gsSPTexture(65535, 65535, 0, 0, 1),
	gsDPSetPrimColor(0, 0, 255, 255, 255, 255),
	gsDPSetTextureImage(G_IM_FMT_RGBA, G_IM_SIZ_16b, 1, gScissorsBeetleSkel_gg2b_pal_rgba16),
	gsDPSetTile(0, 0, 0, 256, 5, 0, G_TX_WRAP | G_TX_NOMIRROR, 0, 0, G_TX_WRAP | G_TX_NOMIRROR, 0, 0),
	gsDPLoadTLUTCmd(5, 84),
	gsDPSetTextureImage(G_IM_FMT_CI, G_IM_SIZ_8b_LOAD_BLOCK, 1, gScissorsBeetleSkel_gg2b_ci8),
	gsDPSetTile(G_IM_FMT_CI, G_IM_SIZ_8b_LOAD_BLOCK, 0, 0, 7, 0, G_TX_WRAP | G_TX_NOMIRROR, 0, 0, G_TX_WRAP | G_TX_NOMIRROR, 0, 0),
	gsDPLoadBlock(7, 0, 0, 511, 512),
	gsDPSetTile(G_IM_FMT_CI, G_IM_SIZ_8b, 4, 0, 0, 0, G_TX_WRAP | G_TX_MIRROR, 5, 0, G_TX_WRAP | G_TX_MIRROR, 5, 0),
	gsDPSetTileSize(0, 0, 0, 124, 124),
	gsSPEndDisplayList(),
};

Gfx gScissorsBeetleSkel_bodyfront_mesh_layer_Opaque[] = {
	gsSPDisplayList(mat_gScissorsBeetleSkel_f3dlite_material_010_layerOpaque),
	gsSPDisplayList(gScissorsBeetleSkel_bodyfront_mesh_layer_Opaque_tri_0),
	gsSPDisplayList(mat_gScissorsBeetleSkel_f3dlite_material_008_layerOpaque),
	gsSPDisplayList(gScissorsBeetleSkel_bodyfront_mesh_layer_Opaque_tri_1),
	gsSPDisplayList(mat_gScissorsBeetleSkel_f3dlite_material_006_layerOpaque),
	gsSPDisplayList(gScissorsBeetleSkel_bodyfront_mesh_layer_Opaque_tri_2),
	gsSPEndDisplayList(),
};

Gfx gScissorsBeetleSkel_bodyback_mesh_layer_Opaque[] = {
	gsSPDisplayList(mat_gScissorsBeetleSkel_f3dlite_material_010_layerOpaque),
	gsSPDisplayList(gScissorsBeetleSkel_bodyback_mesh_layer_Opaque_tri_0),
	gsSPDisplayList(mat_gScissorsBeetleSkel_f3dlite_material_006_layerOpaque),
	gsSPDisplayList(gScissorsBeetleSkel_bodyback_mesh_layer_Opaque_tri_1),
	gsSPEndDisplayList(),
};

Gfx gScissorsBeetleSkel_horn_l_mesh_layer_Opaque[] = {
	gsSPDisplayList(mat_gScissorsBeetleSkel_f3dlite_material_008_layerOpaque),
	gsSPDisplayList(gScissorsBeetleSkel_horn_l_mesh_layer_Opaque_tri_0),
	gsSPEndDisplayList(),
};

Gfx gScissorsBeetleSkel_horn_r_mesh_layer_Opaque[] = {
	gsSPDisplayList(mat_gScissorsBeetleSkel_f3dlite_material_008_layerOpaque),
	gsSPDisplayList(gScissorsBeetleSkel_horn_r_mesh_layer_Opaque_tri_0),
	gsSPEndDisplayList(),
};

Gfx gScissorsBeetleSkel_head_mesh_layer_Opaque[] = {
	gsSPDisplayList(mat_gScissorsBeetleSkel_f3dlite_material_005_layerOpaque),
	gsSPDisplayList(gScissorsBeetleSkel_head_mesh_layer_Opaque_tri_0),
	gsSPDisplayList(mat_gScissorsBeetleSkel_f3dlite_material_layerOpaque),
	gsSPDisplayList(gScissorsBeetleSkel_head_mesh_layer_Opaque_tri_1),
	gsSPDisplayList(mat_gScissorsBeetleSkel_f3dlite_material_007_layerOpaque),
	gsSPDisplayList(gScissorsBeetleSkel_head_mesh_layer_Opaque_tri_2),
	gsSPEndDisplayList(),
};

Gfx gScissorsBeetleSkel_pincer_l_mesh_layer_Opaque[] = {
	gsSPDisplayList(mat_gScissorsBeetleSkel_f3dlite_material_012_layerOpaque),
	gsSPDisplayList(gScissorsBeetleSkel_pincer_l_mesh_layer_Opaque_tri_0),
	gsSPEndDisplayList(),
};

Gfx gScissorsBeetleSkel_pincer_r_mesh_layer_Opaque[] = {
	gsSPDisplayList(mat_gScissorsBeetleSkel_f3dlite_material_012_layerOpaque),
	gsSPDisplayList(gScissorsBeetleSkel_pincer_r_mesh_layer_Opaque_tri_0),
	gsSPEndDisplayList(),
};

Gfx gScissorsBeetleSkel_legback1_l_mesh_layer_Opaque[] = {
	gsSPDisplayList(mat_gScissorsBeetleSkel_f3dlite_material_008_layerOpaque),
	gsSPDisplayList(gScissorsBeetleSkel_legback1_l_mesh_layer_Opaque_tri_0),
	gsSPEndDisplayList(),
};

Gfx gScissorsBeetleSkel_legback2_l_mesh_layer_Opaque[] = {
	gsSPDisplayList(mat_gScissorsBeetleSkel_f3dlite_material_008_layerOpaque),
	gsSPDisplayList(gScissorsBeetleSkel_legback2_l_mesh_layer_Opaque_tri_0),
	gsSPDisplayList(mat_gScissorsBeetleSkel_f3dlite_material_layerOpaque),
	gsSPDisplayList(gScissorsBeetleSkel_legback2_l_mesh_layer_Opaque_tri_1),
	gsSPEndDisplayList(),
};

Gfx gScissorsBeetleSkel_legback1_r_mesh_layer_Opaque[] = {
	gsSPDisplayList(mat_gScissorsBeetleSkel_f3dlite_material_008_layerOpaque),
	gsSPDisplayList(gScissorsBeetleSkel_legback1_r_mesh_layer_Opaque_tri_0),
	gsSPEndDisplayList(),
};

Gfx gScissorsBeetleSkel_legback2_r_mesh_layer_Opaque[] = {
	gsSPDisplayList(mat_gScissorsBeetleSkel_f3dlite_material_008_layerOpaque),
	gsSPDisplayList(gScissorsBeetleSkel_legback2_r_mesh_layer_Opaque_tri_0),
	gsSPDisplayList(mat_gScissorsBeetleSkel_f3dlite_material_layerOpaque),
	gsSPDisplayList(gScissorsBeetleSkel_legback2_r_mesh_layer_Opaque_tri_1),
	gsSPEndDisplayList(),
};

Gfx gScissorsBeetleSkel_legfront1_l_mesh_layer_Opaque[] = {
	gsSPDisplayList(mat_gScissorsBeetleSkel_f3dlite_material_008_layerOpaque),
	gsSPDisplayList(gScissorsBeetleSkel_legfront1_l_mesh_layer_Opaque_tri_0),
	gsSPEndDisplayList(),
};

Gfx gScissorsBeetleSkel_legfront2_l_mesh_layer_Opaque[] = {
	gsSPDisplayList(mat_gScissorsBeetleSkel_f3dlite_material_008_layerOpaque),
	gsSPDisplayList(gScissorsBeetleSkel_legfront2_l_mesh_layer_Opaque_tri_0),
	gsSPDisplayList(mat_gScissorsBeetleSkel_f3dlite_material_layerOpaque),
	gsSPDisplayList(gScissorsBeetleSkel_legfront2_l_mesh_layer_Opaque_tri_1),
	gsSPEndDisplayList(),
};

Gfx gScissorsBeetleSkel_legfront1_r_mesh_layer_Opaque[] = {
	gsSPDisplayList(mat_gScissorsBeetleSkel_f3dlite_material_008_layerOpaque),
	gsSPDisplayList(gScissorsBeetleSkel_legfront1_r_mesh_layer_Opaque_tri_0),
	gsSPEndDisplayList(),
};

Gfx gScissorsBeetleSkel_legfront2_r_mesh_layer_Opaque[] = {
	gsSPDisplayList(mat_gScissorsBeetleSkel_f3dlite_material_008_layerOpaque),
	gsSPDisplayList(gScissorsBeetleSkel_legfront2_r_mesh_layer_Opaque_tri_0),
	gsSPDisplayList(mat_gScissorsBeetleSkel_f3dlite_material_layerOpaque),
	gsSPDisplayList(gScissorsBeetleSkel_legfront2_r_mesh_layer_Opaque_tri_1),
	gsSPEndDisplayList(),
};

StandardLimb gScissorsBeetleSkelLimb_000 = { { 0, 0, 0 }, 1, 255, NULL };
StandardLimb gScissorsBeetleSkelLimb_001 = { { -157, 0, 0 }, 2, 255, gScissorsBeetleSkel_bodyfront_mesh_layer_Opaque };
StandardLimb gScissorsBeetleSkelLimb_002 = { { 0, 0, 0 }, 3, 5, gScissorsBeetleSkel_bodyback_mesh_layer_Opaque };
StandardLimb gScissorsBeetleSkelLimb_003 = { { -17, 162, 48 }, 255, 4, gScissorsBeetleSkel_horn_l_mesh_layer_Opaque };
StandardLimb gScissorsBeetleSkelLimb_004 = { { -20, 161, -48 }, 255, 255, gScissorsBeetleSkel_horn_r_mesh_layer_Opaque };
StandardLimb gScissorsBeetleSkelLimb_005 = { { 0, 224, 0 }, 6, 8, gScissorsBeetleSkel_head_mesh_layer_Opaque };
StandardLimb gScissorsBeetleSkelLimb_006 = { { 32, 111, -85 }, 255, 7, gScissorsBeetleSkel_pincer_l_mesh_layer_Opaque };
StandardLimb gScissorsBeetleSkelLimb_007 = { { 29, 110, 85 }, 255, 255, gScissorsBeetleSkel_pincer_r_mesh_layer_Opaque };
StandardLimb gScissorsBeetleSkelLimb_008 = { { -21, -57, -143 }, 9, 10, gScissorsBeetleSkel_legback1_l_mesh_layer_Opaque };
StandardLimb gScissorsBeetleSkelLimb_009 = { { 0, 160, 0 }, 255, 255, gScissorsBeetleSkel_legback2_l_mesh_layer_Opaque };
StandardLimb gScissorsBeetleSkelLimb_010 = { { -24, -57, 143 }, 11, 12, gScissorsBeetleSkel_legback1_r_mesh_layer_Opaque };
StandardLimb gScissorsBeetleSkelLimb_011 = { { 0, 160, 0 }, 255, 255, gScissorsBeetleSkel_legback2_r_mesh_layer_Opaque };
StandardLimb gScissorsBeetleSkelLimb_012 = { { -18, 135, -132 }, 13, 14, gScissorsBeetleSkel_legfront1_l_mesh_layer_Opaque };
StandardLimb gScissorsBeetleSkelLimb_013 = { { 0, 163, 0 }, 255, 255, gScissorsBeetleSkel_legfront2_l_mesh_layer_Opaque };
StandardLimb gScissorsBeetleSkelLimb_014 = { { -21, 135, 132 }, 15, 255, gScissorsBeetleSkel_legfront1_r_mesh_layer_Opaque };
StandardLimb gScissorsBeetleSkelLimb_015 = { { 0, 163, 0 }, 255, 255, gScissorsBeetleSkel_legfront2_r_mesh_layer_Opaque };

void* gScissorsBeetleSkelLimbs[16] = {
	&gScissorsBeetleSkelLimb_000,
	&gScissorsBeetleSkelLimb_001,
	&gScissorsBeetleSkelLimb_002,
	&gScissorsBeetleSkelLimb_003,
	&gScissorsBeetleSkelLimb_004,
	&gScissorsBeetleSkelLimb_005,
	&gScissorsBeetleSkelLimb_006,
	&gScissorsBeetleSkelLimb_007,
	&gScissorsBeetleSkelLimb_008,
	&gScissorsBeetleSkelLimb_009,
	&gScissorsBeetleSkelLimb_010,
	&gScissorsBeetleSkelLimb_011,
	&gScissorsBeetleSkelLimb_012,
	&gScissorsBeetleSkelLimb_013,
	&gScissorsBeetleSkelLimb_014,
	&gScissorsBeetleSkelLimb_015,
};

FlexSkeletonHeader gScissorsBeetleSkel = { gScissorsBeetleSkelLimbs, 16, 15 };
